Split,Representation,Threshold,AUROC,AUPRC,n_test,n_pos
Random,ECFP,100,0.717877094972067,0.9240132903516357,207,179
Random,ECFP,11,0.8480302336234539,0.754249907678177,207,59
Random,ECFP,1,0.9169278996865203,0.7977994997538934,207,33
Random,Avalon,100,0.7220670391061452,0.9435298286460284,207,179
Random,Avalon,11,0.8408153916628492,0.7415833026074838,207,59
Random,Avalon,1,0.9059561128526646,0.7141706652645907,207,33
Random,MACCS,100,0.6634078212290503,0.9086752268787391,207,179
Random,MACCS,11,0.8295923041685752,0.7149617303851098,207,59
Random,MACCS,1,0.8943747823058168,0.7560438478581974,207,33
Random,WL-HI,100,0.7438148443735036,0.9418427735733876,207,179
Random,WL-HI,11,0.8631470453504353,0.7720354429791761,207,59
Random,WL-HI,1,0.9273772204806687,0.7136193563649906,207,33
Random,Descriptors12,100,0.5959696727853152,0.9025149786874848,207,179
Random,Descriptors12,11,0.6866697205680257,0.5366603803047574,207,59
Random,Descriptors12,1,0.7704632532218738,0.4200933919433676,207,33
MaxMin,ECFP,100,0.5920438957475994,0.8221657796565152,207,162
MaxMin,ECFP,11,0.7922077922077921,0.5240942899435181,207,42
MaxMin,ECFP,1,0.7951323251417769,0.5394026872646853,207,23
MaxMin,Avalon,100,0.6614540466392318,0.8645911552207406,207,162
MaxMin,Avalon,11,0.7691197691197691,0.6008712924870966,207,42
MaxMin,Avalon,1,0.7568525519848772,0.5769459080129509,207,23
MaxMin,MACCS,100,0.6006858710562414,0.8390461807642948,207,162
MaxMin,MACCS,11,0.7798701298701299,0.60555697138156,207,42
MaxMin,MACCS,1,0.7627599243856333,0.4602305638741687,207,23
MaxMin,WL-HI,100,0.573593964334705,0.8002890346224164,207,162
MaxMin,WL-HI,11,0.8302308802308802,0.5995416542127856,207,42
MaxMin,WL-HI,1,0.8324669187145557,0.5972466287108695,207,23
MaxMin,Descriptors12,100,0.5253772290809329,0.7953044077851029,207,162
MaxMin,Descriptors12,11,0.6712842712842713,0.4161253409958229,207,42
MaxMin,Descriptors12,1,0.7053402646502837,0.28877958696721184,207,23
Time,ECFP,100,0.6910179640718563,0.8939295040375514,207,167
Time,ECFP,11,0.7538936232735822,0.5804338661521056,207,41
Time,ECFP,1,0.7923497267759563,0.5668820219099261,207,24
Time,Avalon,100,0.6449101796407186,0.8806724861616299,207,167
Time,Avalon,11,0.7541874816338525,0.5492814060290226,207,41
Time,Avalon,1,0.7531876138433515,0.5630669490382839,207,24
Time,MACCS,100,0.5934880239520957,0.8455401515352853,207,167
Time,MACCS,11,0.6863062004114017,0.43457442351682585,207,41
Time,MACCS,1,0.7258652094717669,0.5121902770045744,207,24
Time,WL-HI,100,0.6651197604790419,0.891367244961465,207,167
Time,WL-HI,11,0.7876873347046723,0.5736134057924136,207,41
Time,WL-HI,1,0.7884790528233152,0.5380438848084445,207,24
Time,Descriptors12,100,0.38967065868263473,0.7796372909526044,207,167
Time,Descriptors12,11,0.5674404936820453,0.2890660831164892,207,41
Time,Descriptors12,1,0.6495901639344263,0.27811560781272276,207,24
