Split,Bootstrap,Comparison,PrimaryComparison,B_valid,ObservedDeltaAUROC,BootstrapMean,PercentileCI_low,PercentileCI_high,SimultaneousCI_low,SimultaneousCI_high,ProbDelta_gt0
Random,Molecule,11-100,True,5000,0.1301531386513869,0.1298296726772816,0.008177762041533762,0.25590472557069566,-0.007100987751812282,0.26740726505458606,0.9824
Random,Molecule,1-100,True,5000,0.19905080471445336,0.19953816864713564,0.07073483719894302,0.3293795264275303,0.06179667831125418,0.33630493111765253,0.9984
Random,Molecule,1-11,False,5000,0.06889766606306647,0.06970849596985404,0.0007191283897995791,0.14058491726148012,,,0.9762
Random,ScaffoldCluster,11-100,True,5000,0.1301531386513869,0.12249887231411785,-0.017494873046944196,0.24581437866480038,-0.01773337246630846,0.27803964976908224,0.9556
Random,ScaffoldCluster,1-100,True,5000,0.19905080471445336,0.1917079462995147,0.053684566674384676,0.31654000350851375,0.051164293596758004,0.3469373158321487,0.9956
Random,ScaffoldCluster,1-11,False,5000,0.06889766606306647,0.06920907398539682,-0.0011615104533300893,0.15003454998280386,,,0.9716
MaxMin,Molecule,11-100,True,5000,0.20016389646019273,0.19984280539473015,0.08580498569808333,0.3131002706345204,0.05321583190603582,0.3471119610143496,0.9998
MaxMin,Molecule,1-100,True,5000,0.20308842939417748,0.2028180365398853,0.05594663047211535,0.34342311497367567,0.05614036484002058,0.35003649394833436,0.9964
MaxMin,Molecule,1-11,False,5000,0.002924532933984758,0.0029752311451551583,-0.09387835720635208,0.09802048587976725,,,0.5284
MaxMin,ScaffoldCluster,11-100,True,5000,0.20016389646019273,0.19977798136109073,0.09143748914575411,0.31076010150833644,0.05566821406335504,0.3446595788570304,0.9992
MaxMin,ScaffoldCluster,1-100,True,5000,0.20308842939417748,0.2015021508086831,0.05647619436835632,0.33872600028634936,0.058592746997339795,0.34758411179101517,0.9962
MaxMin,ScaffoldCluster,1-11,False,5000,0.002924532933984758,0.0017241694475923918,-0.09391119503924308,0.09246082609093441,,,0.521
Time,Molecule,11-100,True,5000,0.06287565920172589,0.06233577438887173,-0.06473369037992649,0.19045886084700506,-0.08651544500839414,0.21226676341184592,0.8322
Time,Molecule,1-100,True,5000,0.10133176270409994,0.1013389289578233,-0.03548840508946209,0.23736308380723378,-0.04805934150602009,0.25072286691421997,0.9222
Time,Molecule,1-11,False,5000,0.03845610350237405,0.039003154568951585,-0.08407840985934857,0.17121458599607592,,,0.734
Time,ScaffoldCluster,11-100,True,5000,0.06287565920172589,0.062030498549988364,-0.07311440482603782,0.19642353106683322,-0.0957559117776007,0.22150723018105248,0.8202
Time,ScaffoldCluster,1-100,True,5000,0.10133176270409994,0.10077106640670151,-0.04808767948346105,0.23950487758361683,-0.057299808275226655,0.2599633336834265,0.9122
Time,ScaffoldCluster,1-11,False,5000,0.03845610350237405,0.038740567856713155,-0.09049211669397318,0.17627479123832762,,,0.7128
