Split,Bootstrap,Comparison,PrimaryComparison,B_valid,ObservedDeltaAUROC,BootstrapMean,PercentileCI_low,PercentileCI_high,SimultaneousCI_low,SimultaneousCI_high,ProbDelta_gt0
Random,Molecule,11-100,True,5000,0.1301531386513869,0.1298296726772816,0.0081777620415337,0.2559047255706956,-0.0071009877518122,0.267407265054586,0.9824
Random,Molecule,1-100,True,5000,0.1990508047144533,0.1995381686471356,0.070734837198943,0.3293795264275303,0.0617966783112541,0.3363049311176525,0.9984
Random,ScaffoldCluster,11-100,True,5000,0.1301531386513869,0.1224988723141178,-0.0174948730469441,0.2458143786648003,-0.0177333724663084,0.2780396497690822,0.9556
Random,ScaffoldCluster,1-100,True,5000,0.1990508047144533,0.1917079462995147,0.0536845666743846,0.3165400035085137,0.051164293596758,0.3469373158321487,0.9956
MaxMin,Molecule,11-100,True,5000,0.2001638964601927,0.1998428053947301,0.0858049856980833,0.3131002706345204,0.0532158319060358,0.3471119610143496,0.9998
MaxMin,Molecule,1-100,True,5000,0.2030884293941774,0.2028180365398853,0.0559466304721153,0.3434231149736756,0.0561403648400205,0.3500364939483343,0.9964
MaxMin,ScaffoldCluster,11-100,True,5000,0.2001638964601927,0.1997779813610907,0.0914374891457541,0.3107601015083364,0.055668214063355,0.3446595788570304,0.9992
MaxMin,ScaffoldCluster,1-100,True,5000,0.2030884293941774,0.2015021508086831,0.0564761943683563,0.3387260002863493,0.0585927469973397,0.3475841117910151,0.9962
Time,Molecule,11-100,True,5000,0.0628756592017258,0.0623357743888717,-0.0647336903799264,0.190458860847005,-0.0865154450083941,0.2122667634118459,0.8322
Time,Molecule,1-100,True,5000,0.1013317627040999,0.1013389289578233,-0.035488405089462,0.2373630838072337,-0.04805934150602,0.2507228669142199,0.9222
Time,ScaffoldCluster,11-100,True,5000,0.0628756592017258,0.0620304985499883,-0.0731144048260378,0.1964235310668332,-0.0957559117776007,0.2215072301810524,0.8202
Time,ScaffoldCluster,1-100,True,5000,0.1013317627040999,0.1007710664067015,-0.048087679483461,0.2395048775836168,-0.0572998082752266,0.2599633336834265,0.9122
