MinScaffoldN,Analysis,Comparison,ObservedDifference,BootstrapMean,CI_low,CI_high,ProbDifference_gt0,B_valid,ScaffoldsResampled
3,MoleculeWeighted,T2-T0,-0.0271597176613057,-0.0282969708247663,-0.1673734031542993,0.1043876969513473,0.32,5000,42
3,MoleculeWeighted,T2-T1,0.0557498348827361,0.0378432096554254,-0.1356521915970517,0.1714831668309105,0.7636,5000,42
3,MoleculeWeighted,T2-T3,0.1084769869552246,0.0917213293220615,-0.0635466553187341,0.2385802676535356,0.9018,5000,42
3,ScaffoldEqualWeighted,T2-T0,-0.0753060669483298,-0.0748501384809653,-0.2308502662211015,0.0839077574026161,0.178,5000,42
3,ScaffoldEqualWeighted,T2-T1,-0.0662134238154293,-0.0647467023568849,-0.1992841813098414,0.0911143493936998,0.1802,5000,42
3,ScaffoldEqualWeighted,T2-T3,-0.0422804162211226,-0.0426033113433621,-0.1923363626605925,0.1132492196423051,0.2804,5000,42
3,PairedScaffoldsContainingBothTiers,T2-T0,0.0326361735014342,0.0327863028554941,-0.0370731802141638,0.1168089928828175,0.7772,5000,7
3,PairedScaffoldsContainingBothTiers,T2-T1,-0.2167624817019037,-0.217559109752303,-0.3138516376137433,-0.1164132790350953,0.0,5000,17
3,PairedScaffoldsContainingBothTiers,T2-T3,-0.0952126691546398,-0.0947513063314178,-0.1950151345769781,-0.0055960679274127,0.0194,5000,8
5,MoleculeWeighted,T2-T0,-0.0589017485392496,-0.0575421115451822,-0.2007626588692662,0.0605517367939932,0.1432,5000,16
5,MoleculeWeighted,T2-T1,0.0412489279532893,0.0245739818722705,-0.1601237908129189,0.1702334740199128,0.7104,5000,16
5,MoleculeWeighted,T2-T3,0.0795698130791247,0.0629750537972328,-0.0913236250775427,0.210286694448519,0.8108,5000,16
5,ScaffoldEqualWeighted,T2-T0,-0.1102895963032712,-0.1101391320076065,-0.3243938173146646,0.0907345893529204,0.1428,5000,16
5,ScaffoldEqualWeighted,T2-T1,-0.1295036349941604,-0.1300001038751238,-0.2847741175733601,0.039423350169245,0.062,5000,16
5,ScaffoldEqualWeighted,T2-T3,-0.1107552797875364,-0.1100559440897305,-0.2536424846911678,0.0360934589500902,0.0676,5000,16
5,PairedScaffoldsContainingBothTiers,T2-T0,0.0380755357516733,0.0382942444531254,-0.0468049135891374,0.1393352441197153,0.784,5000,6
5,PairedScaffoldsContainingBothTiers,T2-T1,-0.1018295522265697,-0.1018264300509317,-0.2003701901048074,-0.0105883233134695,0.0136,5000,10
5,PairedScaffoldsContainingBothTiers,T2-T3,-0.1269502255395198,-0.1273589826276291,-0.2339745155801898,-0.0126483272441973,0.0128,5000,6
