Split,Boundary,Slope_per_0.1_novelty,SE_per_0.1,CI_low,CI_high,P_slope
Random,100,0.0106199952418746,0.0065056372716635,-0.0021310538105857,0.0233710442943351,0.1025890050801492
Random,11,0.0080734671085619,0.0090510178568138,-0.0096665278907931,0.0258134621079171,0.3723953497321277
Random,1,0.0061877237773605,0.0061707796752412,-0.0059070043861123,0.0182824519408333,0.3159834963972524
MaxMin,100,0.0270769219237498,0.0076483086659215,0.0120862369385435,0.042067606908956,0.0003997487267487
MaxMin,11,0.0131160628870679,0.0052637583816706,0.0027990964589935,0.0234330293151423,0.0127109155984635
MaxMin,1,0.0088861892062292,0.0046446830864974,-0.0002173896433058,0.0179897680557643,0.0557229625510344
Time,100,0.0196077489585165,0.0062967504175874,0.007266118140045,0.0319493797769879,0.0018460245947886
Time,11,0.0085706825839931,0.007793817846474,-0.006705200395096,0.0238465655630823,0.2714728594899169
Time,1,0.0065792306083197,0.0069432731458722,-0.0070295847575898,0.0201880459742294,0.3433488980869816
