Split,Outcome,Contrast,SlopeDifference,SE,CI_low,CI_high,RawP,HolmP
Random,BrierLoss,1 vs 100 novelty slope,-0.044322714645141766,0.09403724021401462,-0.2286357054646104,0.13999027617432688,0.6374040156026415,1.0
Random,BrierLoss,11 vs 100 novelty slope,-0.025465281333127244,0.1183757048308872,-0.2574816628016662,0.20655110013541167,0.8296717872545918,1.0
Random,ClassificationError,1 vs 100 novelty slope,-1.8140569860307805,1.2730065095836665,-4.309149744814767,0.6810357727532059,0.15415204437849517,0.30830408875699034
Random,ClassificationError,11 vs 100 novelty slope,-0.9241816458788513,1.4453676253587378,-3.757102191581977,1.9087388998242747,0.5225566355889482,0.5225566355889482
MaxMin,BrierLoss,1 vs 100 novelty slope,-0.18190732717520608,0.09710660424510982,-0.37223627149562133,0.00842161714520917,0.0610304869051994,0.1220609738103988
MaxMin,BrierLoss,11 vs 100 novelty slope,-0.13960859036681852,0.09967135744240749,-0.33496445095393723,0.055747270220300155,0.1613070443430017,0.1613070443430017
MaxMin,ClassificationError,1 vs 100 novelty slope,-0.7698073868494805,1.3425925526429576,-3.4012887900296773,1.8616740163307162,0.5663916295386842,1.0
MaxMin,ClassificationError,11 vs 100 novelty slope,-0.6163647738507859,1.2431817441089068,-3.053000992304243,1.820271444602671,0.6200382123026453,1.0
Time,BrierLoss,1 vs 100 novelty slope,-0.13028518350196744,0.10224975772523805,-0.330694708643434,0.07012434163949913,0.2025975967180178,0.4051951934360356
Time,BrierLoss,11 vs 100 novelty slope,-0.11037066374523381,0.10810225381103288,-0.32225108121485824,0.10150975372439063,0.30726205326666967,0.4051951934360356
Time,ClassificationError,1 vs 100 novelty slope,-0.9734037288832647,1.4778925577350972,-3.8700731420440553,1.923265684277526,0.5101249822485747,0.9759960804367296
Time,ClassificationError,11 vs 100 novelty slope,-0.8761289507994152,1.2633502669873027,-3.3522954740945283,1.600037572495698,0.4879980402183648,0.9759960804367296
