Split,Representation,TrainedFor,HigherTier,LowerTier,Pair,n_higher,n_lower,AUROC,ScaffoldCI_low,ScaffoldCI_high,Weight_le100,Weight_le11,Weight_le1
Random,ECFP,100,1,0,T1>T0,120,28,0.6755952380952381,0.5697471419123205,0.8004004468718967,0.6703910614525139,0.0,0.0
Random,ECFP,100,2,0,T2>T0,26,28,0.7527472527472527,0.616539751367054,0.8660483374384236,0.1452513966480447,0.08337150710032067,0.0
Random,ECFP,100,2,1,T2>T1,26,120,0.5900641025641026,0.4368075597242264,0.7020020833333332,0.0,0.35730645900137425,0.0
Random,ECFP,100,3,0,T3>T0,33,28,0.8441558441558442,0.7313968073355426,0.9444540229885056,0.18435754189944134,0.10581768208886853,0.16091954022988506
Random,ECFP,100,3,1,T3>T1,33,120,0.7371212121212121,0.613763197586727,0.8182414860292146,0.0,0.45350435180943655,0.6896551724137931
Random,ECFP,100,3,2,T3>T2,33,26,0.6666666666666666,0.5121935644643802,0.8009861013370866,0.0,0.0,0.14942528735632185
Random,ECFP,11,1,0,T1>T0,120,28,0.6422619047619048,0.48450448749417824,0.7557762109905651,0.6703910614525139,0.0,0.0
Random,ECFP,11,2,0,T2>T0,26,28,0.8076923076923077,0.6416380718954249,0.9179297785547785,0.1452513966480447,0.08337150710032067,0.0
Random,ECFP,11,2,1,T2>T1,26,120,0.730448717948718,0.6034038658576181,0.8415090225903711,0.0,0.35730645900137425,0.0
Random,ECFP,11,3,0,T3>T0,33,28,0.9556277056277056,0.88,0.9926752645502646,0.18435754189944134,0.10581768208886853,0.16091954022988506
Random,ECFP,11,3,1,T3>T1,33,120,0.922979797979798,0.8487508648232651,0.9744579380198217,0.0,0.45350435180943655,0.6896551724137931
Random,ECFP,11,3,2,T3>T2,33,26,0.768065268065268,0.6420352216748768,0.8857886561526928,0.0,0.0,0.14942528735632185
Random,ECFP,1,1,0,T1>T0,120,28,0.5830357142857143,0.45242043700671974,0.6837405700250403,0.6703910614525139,0.0,0.0
Random,ECFP,1,2,0,T2>T0,26,28,0.7760989010989011,0.5959552420759316,0.9025134860362133,0.1452513966480447,0.08337150710032067,0.0
Random,ECFP,1,2,1,T2>T1,26,120,0.7314102564102564,0.5825007175127296,0.8491906850459482,0.0,0.35730645900137425,0.0
Random,ECFP,1,3,0,T3>T0,33,28,0.9502164502164502,0.8603146258503402,0.9976511068789929,0.18435754189944134,0.10581768208886853,0.16091954022988506
Random,ECFP,1,3,1,T3>T1,33,120,0.9305555555555556,0.8401496163682864,0.9865866163939007,0.0,0.45350435180943655,0.6896551724137931
Random,ECFP,1,3,2,T3>T2,33,26,0.8181818181818182,0.7052558025498529,0.9175450854819504,0.0,0.0,0.14942528735632185
Random,Avalon,100,1,0,T1>T0,120,28,0.6672619047619048,0.5678551587301587,0.7914698367871427,0.6703910614525139,0.0,0.0
Random,Avalon,100,2,0,T2>T0,26,28,0.771978021978022,0.6324397409655561,0.8807505498533723,0.1452513966480447,0.08337150710032067,0.0
Random,Avalon,100,2,1,T2>T1,26,120,0.6173076923076923,0.46997134242740163,0.7233346436608309,0.0,0.35730645900137425,0.0
Random,Avalon,100,3,0,T3>T0,33,28,0.8820346320346321,0.7570173191227711,0.9596793863099922,0.18435754189944134,0.10581768208886853,0.16091954022988506
Random,Avalon,100,3,1,T3>T1,33,120,0.7191919191919192,0.5585540738034345,0.8230316487761629,0.0,0.45350435180943655,0.6896551724137931
Random,Avalon,100,3,2,T3>T2,33,26,0.6025641025641026,0.4307893130261551,0.7456936462324393,0.0,0.0,0.14942528735632185
Random,Avalon,11,1,0,T1>T0,120,28,0.5369047619047619,0.427683390275302,0.646417297979798,0.6703910614525139,0.0,0.0
Random,Avalon,11,2,0,T2>T0,26,28,0.7733516483516484,0.6130434782608696,0.892864774114774,0.1452513966480447,0.08337150710032067,0.0
Random,Avalon,11,2,1,T2>T1,26,120,0.7407051282051282,0.6068125899373009,0.8437764755024817,0.0,0.35730645900137425,0.0
Random,Avalon,11,3,0,T3>T0,33,28,0.9361471861471862,0.8326371322060977,0.9943307338859498,0.18435754189944134,0.10581768208886853,0.16091954022988506
Random,Avalon,11,3,1,T3>T1,33,120,0.9098484848484849,0.8105135083412522,0.9719596674876847,0.0,0.45350435180943655,0.6896551724137931
Random,Avalon,11,3,2,T3>T2,33,26,0.7412587412587412,0.6011904761904762,0.8713272750322699,0.0,0.0,0.14942528735632185
Random,Avalon,1,1,0,T1>T0,120,28,0.44107142857142856,0.35277939683375326,0.5476414330324626,0.6703910614525139,0.0,0.0
Random,Avalon,1,2,0,T2>T0,26,28,0.6675824175824177,0.490762200165426,0.8176767676767676,0.1452513966480447,0.08337150710032067,0.0
Random,Avalon,1,2,1,T2>T1,26,120,0.6923076923076923,0.5475966625966626,0.8150198412698413,0.0,0.35730645900137425,0.0
Random,Avalon,1,3,0,T3>T0,33,28,0.9404761904761905,0.8333188153310105,1.0,0.18435754189944134,0.10581768208886853,0.16091954022988506
Random,Avalon,1,3,1,T3>T1,33,120,0.9340909090909091,0.8476870600854357,0.9848911599763872,0.0,0.45350435180943655,0.6896551724137931
Random,Avalon,1,3,2,T3>T2,33,26,0.7389277389277389,0.5980826892405839,0.8696643155694879,0.0,0.0,0.14942528735632185
Random,MACCS,100,1,0,T1>T0,120,28,0.6130952380952381,0.48770812632948946,0.7461274491074391,0.6703910614525139,0.0,0.0
Random,MACCS,100,2,0,T2>T0,26,28,0.7239010989010989,0.5714285714285714,0.849837319243604,0.1452513966480447,0.08337150710032067,0.0
Random,MACCS,100,2,1,T2>T1,26,120,0.6342948717948718,0.4828327164199013,0.7468278934090192,0.0,0.35730645900137425,0.0
Random,MACCS,100,3,0,T3>T0,33,28,0.7987012987012988,0.6402063492063492,0.9073295817369094,0.18435754189944134,0.10581768208886853,0.16091954022988506
Random,MACCS,100,3,1,T3>T1,33,120,0.751010101010101,0.5961576399575441,0.8430987039725174,0.0,0.45350435180943655,0.6896551724137931
Random,MACCS,100,3,2,T3>T2,33,26,0.615967365967366,0.4302845388530224,0.7589342948717948,0.0,0.0,0.14942528735632185
Random,MACCS,11,1,0,T1>T0,120,28,0.5285714285714286,0.3924794790104948,0.6487768861570314,0.6703910614525139,0.0,0.0
Random,MACCS,11,2,0,T2>T0,26,28,0.7706043956043956,0.6048995082946972,0.8911165197786431,0.1452513966480447,0.08337150710032067,0.0
Random,MACCS,11,2,1,T2>T1,26,120,0.7461538461538462,0.6197449986934177,0.8514596559626986,0.0,0.35730645900137425,0.0
Random,MACCS,11,3,0,T3>T0,33,28,0.9188311688311689,0.8034741200828157,0.9855869932432433,0.18435754189944134,0.10581768208886853,0.16091954022988506
Random,MACCS,11,3,1,T3>T1,33,120,0.8853535353535353,0.7765251903976609,0.9564744274068323,0.0,0.45350435180943655,0.6896551724137931
Random,MACCS,11,3,2,T3>T2,33,26,0.715034965034965,0.5795409451659452,0.8581288138825324,0.0,0.0,0.14942528735632185
Random,MACCS,1,1,0,T1>T0,120,28,0.44910714285714287,0.340233244478294,0.5426501524332477,0.6703910614525139,0.0,0.0
Random,MACCS,1,2,0,T2>T0,26,28,0.7376373626373626,0.5553281672560849,0.8774256137166874,0.1452513966480447,0.08337150710032067,0.0
Random,MACCS,1,2,1,T2>T1,26,120,0.7461538461538462,0.6069286861945371,0.8549507828983532,0.0,0.35730645900137425,0.0
Random,MACCS,1,3,0,T3>T0,33,28,0.9199134199134199,0.8007214026915114,0.9933729081405244,0.18435754189944134,0.10581768208886853,0.16091954022988506
Random,MACCS,1,3,1,T3>T1,33,120,0.9131313131313132,0.8132869875530118,0.9778235883953155,0.0,0.45350435180943655,0.6896551724137931
Random,MACCS,1,3,2,T3>T2,33,26,0.7803030303030303,0.6497105590062111,0.8932317708333333,0.0,0.0,0.14942528735632185
Random,WL-HI,100,1,0,T1>T0,120,28,0.6898809523809525,0.5859132994356394,0.8095249487354751,0.6703910614525139,0.0,0.0
Random,WL-HI,100,2,0,T2>T0,26,28,0.7980769230769231,0.6396933489304812,0.9173959156785243,0.1452513966480447,0.08337150710032067,0.0
Random,WL-HI,100,2,1,T2>T1,26,120,0.642948717948718,0.4869552842174738,0.7618297251750064,0.0,0.35730645900137425,0.0
Random,WL-HI,100,3,0,T3>T0,33,28,0.8971861471861472,0.7995313799500992,0.9750028280542986,0.18435754189944134,0.10581768208886853,0.16091954022988506
Random,WL-HI,100,3,1,T3>T1,33,120,0.7525252525252526,0.6569136757425743,0.8343249188823623,0.0,0.45350435180943655,0.6896551724137931
Random,WL-HI,100,3,2,T3>T2,33,26,0.583916083916084,0.42428125,0.7573131197559114,0.0,0.0,0.14942528735632185
Random,WL-HI,11,1,0,T1>T0,120,28,0.6053571428571428,0.4560354374307863,0.7161100875049304,0.6703910614525139,0.0,0.0
Random,WL-HI,11,2,0,T2>T0,26,28,0.8310439560439561,0.671109649122807,0.9458333333333333,0.1452513966480447,0.08337150710032067,0.0
Random,WL-HI,11,2,1,T2>T1,26,120,0.7666666666666667,0.6261148554104478,0.8779765359678913,0.0,0.35730645900137425,0.0
Random,WL-HI,11,3,0,T3>T0,33,28,0.9577922077922078,0.8737719055916812,1.0,0.18435754189944134,0.10581768208886853,0.16091954022988506
Random,WL-HI,11,3,1,T3>T1,33,120,0.922979797979798,0.8377299886634406,0.975712351210431,0.0,0.45350435180943655,0.6896551724137931
Random,WL-HI,11,3,2,T3>T2,33,26,0.738927738927739,0.6033901113467656,0.8796006742617996,0.0,0.0,0.14942528735632185
Random,WL-HI,1,1,0,T1>T0,120,28,0.6080357142857142,0.4697162804515746,0.7098962069719074,0.6703910614525139,0.0,0.0
Random,WL-HI,1,2,0,T2>T0,26,28,0.8489010989010989,0.6933235294117648,0.9528247863247863,0.1452513966480447,0.08337150710032067,0.0
Random,WL-HI,1,2,1,T2>T1,26,120,0.7759615384615385,0.6453162243762911,0.880840694526969,0.0,0.35730645900137425,0.0
Random,WL-HI,1,3,0,T3>T0,33,28,0.9686147186147187,0.8925831202046036,1.0,0.18435754189944134,0.10581768208886853,0.16091954022988506
Random,WL-HI,1,3,1,T3>T1,33,120,0.9477272727272728,0.8714074951836984,0.9903390819787674,0.0,0.45350435180943655,0.6896551724137931
Random,WL-HI,1,3,2,T3>T2,33,26,0.789044289044289,0.6576078722002635,0.8907718253968253,0.0,0.0,0.14942528735632185
Random,Descriptors12,100,1,0,T1>T0,120,28,0.5654761904761905,0.4541020684078188,0.7050954736688432,0.6703910614525139,0.0,0.0
Random,Descriptors12,100,2,0,T2>T0,26,28,0.625,0.4596221532091097,0.7633766619183285,0.1452513966480447,0.08337150710032067,0.0
Random,Descriptors12,100,2,1,T2>T1,26,120,0.5759615384615385,0.41057227485856,0.6994093969555034,0.0,0.35730645900137425,0.0
Random,Descriptors12,100,3,0,T3>T0,33,28,0.6839826839826839,0.5370304659498208,0.8074867701313805,0.18435754189944134,0.10581768208886853,0.16091954022988506
Random,Descriptors12,100,3,1,T3>T1,33,120,0.6401515151515151,0.48940067693744166,0.7504004064707521,0.0,0.45350435180943655,0.6896551724137931
Random,Descriptors12,100,3,2,T3>T2,33,26,0.5372960372960373,0.38147777777777775,0.6959535472972972,0.0,0.0,0.14942528735632185
Random,Descriptors12,11,1,0,T1>T0,120,28,0.48839285714285713,0.3810766042338543,0.6090500555479004,0.6703910614525139,0.0,0.0
Random,Descriptors12,11,2,0,T2>T0,26,28,0.5906593406593407,0.43384123186754764,0.7352988614800758,0.1452513966480447,0.08337150710032067,0.0
Random,Descriptors12,11,2,1,T2>T1,26,120,0.5871794871794872,0.45225746919321086,0.7085136916835698,0.0,0.35730645900137425,0.0
Random,Descriptors12,11,3,0,T3>T0,33,28,0.7781385281385281,0.629010155316607,0.8861121794871795,0.18435754189944134,0.10581768208886853,0.16091954022988506
Random,Descriptors12,11,3,1,T3>T1,33,120,0.7613636363636364,0.6215115613553114,0.8593536855169436,0.0,0.45350435180943655,0.6896551724137931
Random,Descriptors12,11,3,2,T3>T2,33,26,0.6631701631701631,0.5203529411764707,0.8063296983813287,0.0,0.0,0.14942528735632185
Random,Descriptors12,1,1,0,T1>T0,120,28,0.46517857142857144,0.3677247284878864,0.5771898556694051,0.6703910614525139,0.0,0.0
Random,Descriptors12,1,2,0,T2>T0,26,28,0.5686813186813188,0.41768624616263295,0.7146685897435897,0.1452513966480447,0.08337150710032067,0.0
Random,Descriptors12,1,2,1,T2>T1,26,120,0.5878205128205128,0.4525739381118301,0.7132445239666693,0.0,0.35730645900137425,0.0
Random,Descriptors12,1,3,0,T3>T0,33,28,0.7922077922077922,0.6589217032967033,0.8969308300395256,0.18435754189944134,0.10581768208886853,0.16091954022988506
Random,Descriptors12,1,3,1,T3>T1,33,120,0.7863636363636363,0.6645331449550367,0.8745292058378804,0.0,0.45350435180943655,0.6896551724137931
Random,Descriptors12,1,3,2,T3>T2,33,26,0.6736596736596736,0.5333333333333333,0.8111184210526314,0.0,0.0,0.14942528735632185
MaxMin,ECFP,100,1,0,T1>T0,120,45,0.5740740740740741,0.47385842820121066,0.6772271818027462,0.7407407407407407,0.0,0.0
MaxMin,ECFP,100,2,0,T2>T0,19,45,0.6140350877192983,0.46760274422268905,0.7562458239464519,0.11728395061728394,0.12337662337662338,0.0
MaxMin,ECFP,100,2,1,T2>T1,19,120,0.5565789473684211,0.4098825085589791,0.7010284478163733,0.0,0.329004329004329,0.0
MaxMin,ECFP,100,3,0,T3>T0,23,45,0.667632850241546,0.5366444478109377,0.7909151702207257,0.1419753086419753,0.14935064935064934,0.24456521739130435
MaxMin,ECFP,100,3,1,T3>T1,23,120,0.619927536231884,0.4894281689407311,0.7447576757359364,0.0,0.39826839826839827,0.6521739130434783
MaxMin,ECFP,100,3,2,T3>T2,23,19,0.5583524027459954,0.36764066496163683,0.7373207435147973,0.0,0.0,0.10326086956521739
MaxMin,ECFP,11,1,0,T1>T0,120,45,0.4111111111111111,0.32139758674787744,0.507475069255136,0.7407407407407407,0.0,0.0
MaxMin,ECFP,11,2,0,T2>T0,19,45,0.7099415204678362,0.5629972543146484,0.8443213383838384,0.11728395061728394,0.12337662337662338,0.0
MaxMin,ECFP,11,2,1,T2>T1,19,120,0.7635964912280702,0.6493192696039864,0.8690270754319427,0.0,0.329004329004329,0.0
MaxMin,ECFP,11,3,0,T3>T0,23,45,0.7961352657004831,0.6769491791443011,0.898135568723804,0.1419753086419753,0.14935064935064934,0.24456521739130435
MaxMin,ECFP,11,3,1,T3>T1,23,120,0.8398550724637681,0.7458325381679389,0.915930133115193,0.0,0.39826839826839827,0.6521739130434783
MaxMin,ECFP,11,3,2,T3>T2,23,19,0.6292906178489702,0.4461505681818182,0.7921658663465384,0.0,0.0,0.10326086956521739
MaxMin,ECFP,1,1,0,T1>T0,120,45,0.4277777777777778,0.33513346462923566,0.5216447910796331,0.7407407407407407,0.0,0.0
MaxMin,ECFP,1,2,0,T2>T0,19,45,0.6187134502923977,0.447951725211032,0.7845306776556775,0.11728395061728394,0.12337662337662338,0.0
MaxMin,ECFP,1,2,1,T2>T1,19,120,0.6859649122807018,0.5396748215415198,0.8234351515151515,0.0,0.329004329004329,0.0
MaxMin,ECFP,1,3,0,T3>T0,23,45,0.7806763285024154,0.6433434650455927,0.8987167979079741,0.1419753086419753,0.14935064935064934,0.24456521739130435
MaxMin,ECFP,1,3,1,T3>T1,23,120,0.8166666666666667,0.6957975412387177,0.9144472306653156,0.0,0.39826839826839827,0.6521739130434783
MaxMin,ECFP,1,3,2,T3>T2,23,19,0.6933638443935927,0.5157301824473105,0.8431401727357609,0.0,0.0,0.10326086956521739
MaxMin,Avalon,100,1,0,T1>T0,120,45,0.6401851851851852,0.5456066597621065,0.7435692829457363,0.7407407407407407,0.0,0.0
MaxMin,Avalon,100,2,0,T2>T0,19,45,0.6994152046783626,0.5540531182151681,0.8453160511363637,0.11728395061728394,0.12337662337662338,0.0
MaxMin,Avalon,100,2,1,T2>T1,19,120,0.5592105263157894,0.41647923378287605,0.6969740810886644,0.0,0.329004329004329,0.0
MaxMin,Avalon,100,3,0,T3>T0,23,45,0.7410628019323672,0.6126430205949657,0.8567118166150355,0.1419753086419753,0.14935064935064934,0.24456521739130435
MaxMin,Avalon,100,3,1,T3>T1,23,120,0.6003623188405798,0.4683913718474651,0.7238718220338982,0.0,0.39826839826839827,0.6521739130434783
MaxMin,Avalon,100,3,2,T3>T2,23,19,0.5537757437070938,0.3693159965034965,0.726007894736842,0.0,0.0,0.10326086956521739
MaxMin,Avalon,11,1,0,T1>T0,120,45,0.46351851851851855,0.37495647217430955,0.5632058579757888,0.7407407407407407,0.0,0.0
MaxMin,Avalon,11,2,0,T2>T0,19,45,0.7134502923976609,0.5603532893358475,0.844219094247246,0.11728395061728394,0.12337662337662338,0.0
MaxMin,Avalon,11,2,1,T2>T1,19,120,0.7464912280701754,0.6215939393939394,0.8577023360529556,0.0,0.329004329004329,0.0
MaxMin,Avalon,11,3,0,T3>T0,23,45,0.778743961352657,0.6442520511629707,0.8915392968781715,0.1419753086419753,0.14935064935064934,0.24456521739130435
MaxMin,Avalon,11,3,1,T3>T1,23,120,0.8014492753623188,0.6868662848733702,0.9003317655891184,0.0,0.39826839826839827,0.6521739130434783
MaxMin,Avalon,11,3,2,T3>T2,23,19,0.6292906178489703,0.44696443602693603,0.7929295900178253,0.0,0.0,0.10326086956521739
MaxMin,Avalon,1,1,0,T1>T0,120,45,0.4540740740740741,0.36281794265219297,0.545161213947097,0.7407407407407407,0.0,0.0
MaxMin,Avalon,1,2,0,T2>T0,19,45,0.5473684210526316,0.3678384551495017,0.7173930296756383,0.11728395061728394,0.12337662337662338,0.0
MaxMin,Avalon,1,2,1,T2>T1,19,120,0.5991228070175438,0.4505401854149938,0.7373363799283154,0.0,0.329004329004329,0.0
MaxMin,Avalon,1,3,0,T3>T0,23,45,0.7497584541062802,0.5894679633867277,0.8886667031403873,0.1419753086419753,0.14935064935064934,0.24456521739130435
MaxMin,Avalon,1,3,1,T3>T1,23,120,0.7717391304347826,0.6366718172027906,0.8908842083842083,0.0,0.39826839826839827,0.6521739130434783
MaxMin,Avalon,1,3,2,T3>T2,23,19,0.6796338672768879,0.5042016806722689,0.835092879256966,0.0,0.0,0.10326086956521739
MaxMin,MACCS,100,1,0,T1>T0,120,45,0.5685185185185185,0.4671452266220615,0.674596188182981,0.7407407407407407,0.0,0.0
MaxMin,MACCS,100,2,0,T2>T0,19,45,0.6842105263157895,0.5316996583009309,0.8262720204360814,0.11728395061728394,0.12337662337662338,0.0
MaxMin,MACCS,100,2,1,T2>T1,19,120,0.6274122807017545,0.47032724327018943,0.7692679940767321,0.0,0.329004329004329,0.0
MaxMin,MACCS,100,3,0,T3>T0,23,45,0.6995169082125604,0.5555458768873404,0.8311119449656035,0.1419753086419753,0.14935064935064934,0.24456521739130435
MaxMin,MACCS,100,3,1,T3>T1,23,120,0.6460144927536231,0.5002642276422764,0.7804883602114709,0.0,0.39826839826839827,0.6521739130434783
MaxMin,MACCS,100,3,2,T3>T2,23,19,0.5354691075514875,0.3456461352657005,0.7181210729058127,0.0,0.0,0.10326086956521739
MaxMin,MACCS,11,1,0,T1>T0,120,45,0.445,0.3506696292796316,0.539821636575422,0.7407407407407407,0.0,0.0
MaxMin,MACCS,11,2,0,T2>T0,19,45,0.7181286549707602,0.5684646739130435,0.850718991534781,0.11728395061728394,0.12337662337662338,0.0
MaxMin,MACCS,11,2,1,T2>T1,19,120,0.7497807017543859,0.6266173592291479,0.8636662908441115,0.0,0.329004329004329,0.0
MaxMin,MACCS,11,3,0,T3>T0,23,45,0.7864734299516908,0.644434731934732,0.9011975343497081,0.1419753086419753,0.14935064935064934,0.24456521739130435
MaxMin,MACCS,11,3,1,T3>T1,23,120,0.821376811594203,0.691655701754386,0.9219277886530416,0.0,0.39826839826839827,0.6521739130434783
MaxMin,MACCS,11,3,2,T3>T2,23,19,0.5789473684210528,0.3936578979417854,0.756381670960618,0.0,0.0,0.10326086956521739
MaxMin,MACCS,1,1,0,T1>T0,120,45,0.45037037037037037,0.35502424979863245,0.5517319133229113,0.7407407407407407,0.0,0.0
MaxMin,MACCS,1,2,0,T2>T0,19,45,0.6748538011695906,0.5202328738512949,0.8148148148148148,0.11728395061728394,0.12337662337662338,0.0
MaxMin,MACCS,1,2,1,T2>T1,19,120,0.7186403508771929,0.5864573817721874,0.8375303890160183,0.0,0.329004329004329,0.0
MaxMin,MACCS,1,3,0,T3>T0,23,45,0.7632850241545894,0.6060195936390861,0.8928601290014333,0.1419753086419753,0.14935064935064934,0.24456521739130435
MaxMin,MACCS,1,3,1,T3>T1,23,120,0.7847826086956522,0.6383027077022713,0.9040007326007327,0.0,0.39826839826839827,0.6521739130434783
MaxMin,MACCS,1,3,2,T3>T2,23,19,0.6224256292906178,0.43790849673202614,0.7916666666666666,0.0,0.0,0.10326086956521739
MaxMin,WL-HI,100,1,0,T1>T0,120,45,0.5386111111111112,0.43834682665041247,0.6466340783860262,0.7407407407407407,0.0,0.0
MaxMin,WL-HI,100,2,0,T2>T0,19,45,0.6304093567251463,0.4906814807329037,0.7645455747955747,0.11728395061728394,0.12337662337662338,0.0
MaxMin,WL-HI,100,2,1,T2>T1,19,120,0.6072368421052631,0.468766636145027,0.7323581291677536,0.0,0.329004329004329,0.0
MaxMin,WL-HI,100,3,0,T3>T0,23,45,0.7091787439613526,0.5780559876811309,0.8290789677303413,0.1419753086419753,0.14935064935064934,0.24456521739130435
MaxMin,WL-HI,100,3,1,T3>T1,23,120,0.7094202898550724,0.5809353704509207,0.8214337225274724,0.0,0.39826839826839827,0.6521739130434783
MaxMin,WL-HI,100,3,2,T3>T2,23,19,0.6361556064073226,0.44760714285714287,0.8035778366370471,0.0,0.0,0.10326086956521739
MaxMin,WL-HI,11,1,0,T1>T0,120,45,0.48027777777777775,0.3815815478069449,0.5848400344730547,0.7407407407407407,0.0,0.0
MaxMin,WL-HI,11,2,0,T2>T0,19,45,0.7707602339181288,0.6435770803698435,0.8769251336898395,0.11728395061728394,0.12337662337662338,0.0
MaxMin,WL-HI,11,2,1,T2>T1,19,120,0.7875,0.6793793004587156,0.8872755937755937,0.0,0.329004329004329,0.0
MaxMin,WL-HI,11,3,0,T3>T0,23,45,0.8541062801932368,0.7520316019384342,0.934922232050715,0.1419753086419753,0.14935064935064934,0.24456521739130435
MaxMin,WL-HI,11,3,1,T3>T1,23,120,0.875,0.7902405284147558,0.9437599421147982,0.0,0.39826839826839827,0.6521739130434783
MaxMin,WL-HI,11,3,2,T3>T2,23,19,0.6521739130434783,0.47132185690653433,0.8095302795031055,0.0,0.0,0.10326086956521739
MaxMin,WL-HI,1,1,0,T1>T0,120,45,0.46749999999999997,0.3636336187966623,0.5786763296227582,0.7407407407407407,0.0,0.0
MaxMin,WL-HI,1,2,0,T2>T0,19,45,0.6245614035087719,0.4536198179979778,0.791119658119658,0.11728395061728394,0.12337662337662338,0.0
MaxMin,WL-HI,1,2,1,T2>T1,19,120,0.6800438596491228,0.52740469348659,0.8254754493272367,0.0,0.329004329004329,0.0
MaxMin,WL-HI,1,3,0,T3>T0,23,45,0.826086956521739,0.6968286622128075,0.9283994708994708,0.1419753086419753,0.14935064935064934,0.24456521739130435
MaxMin,WL-HI,1,3,1,T3>T1,23,120,0.8557971014492753,0.7485772405292392,0.9432776744851258,0.0,0.39826839826839827,0.6521739130434783
MaxMin,WL-HI,1,3,2,T3>T2,23,19,0.700228832951945,0.5224809782608696,0.8464959954233409,0.0,0.0,0.10326086956521739
MaxMin,Descriptors12,100,1,0,T1>T0,120,45,0.49240740740740746,0.3925194608791292,0.5893785029268898,0.7407407407407407,0.0,0.0
MaxMin,Descriptors12,100,2,0,T2>T0,19,45,0.6128654970760234,0.4499906015037594,0.7634020445785151,0.11728395061728394,0.12337662337662338,0.0
MaxMin,Descriptors12,100,2,1,T2>T1,19,120,0.6188596491228071,0.47403210319072775,0.7537516685736078,0.0,0.329004329004329,0.0
MaxMin,Descriptors12,100,3,0,T3>T0,23,45,0.6251207729468599,0.47554700854700854,0.7567306286549706,0.1419753086419753,0.14935064935064934,0.24456521739130435
MaxMin,Descriptors12,100,3,1,T3>T1,23,120,0.633695652173913,0.5080686092592903,0.7462701381722279,0.0,0.39826839826839827,0.6521739130434783
MaxMin,Descriptors12,100,3,2,T3>T2,23,19,0.494279176201373,0.3022590125391849,0.6750109649122806,0.0,0.0,0.10326086956521739
MaxMin,Descriptors12,11,1,0,T1>T0,120,45,0.48833333333333334,0.38848792440831675,0.5875213927162578,0.7407407407407407,0.0,0.0
MaxMin,Descriptors12,11,2,0,T2>T0,19,45,0.5941520467836258,0.4338614612511671,0.7510738416988414,0.11728395061728394,0.12337662337662338,0.0
MaxMin,Descriptors12,11,2,1,T2>T1,19,120,0.6048245614035087,0.4584789890632908,0.7499180672268908,0.0,0.329004329004329,0.0
MaxMin,Descriptors12,11,3,0,T3>T0,23,45,0.7178743961352658,0.5777419400774664,0.8425019007155635,0.1419753086419753,0.14935064935064934,0.24456521739130435
MaxMin,Descriptors12,11,3,1,T3>T1,23,120,0.732608695652174,0.6098459167950694,0.841677096052096,0.0,0.39826839826839827,0.6521739130434783
MaxMin,Descriptors12,11,3,2,T3>T2,23,19,0.6247139588100686,0.4414715719063545,0.7894736842105263,0.0,0.0,0.10326086956521739
MaxMin,Descriptors12,1,1,0,T1>T0,120,45,0.48592592592592593,0.3920276435856146,0.5875132583521212,0.7407407407407407,0.0,0.0
MaxMin,Descriptors12,1,2,0,T2>T0,19,45,0.5181286549707602,0.35144004036437776,0.6892664375532821,0.11728395061728394,0.12337662337662338,0.0
MaxMin,Descriptors12,1,2,1,T2>T1,19,120,0.5324561403508772,0.37676976532239687,0.6900880905118191,0.0,0.329004329004329,0.0
MaxMin,Descriptors12,1,3,0,T3>T0,23,45,0.6995169082125604,0.5627774129026479,0.8289578111946532,0.1419753086419753,0.14935064935064934,0.24456521739130435
MaxMin,Descriptors12,1,3,1,T3>T1,23,120,0.7166666666666667,0.5873284313725491,0.8316931394146471,0.0,0.39826839826839827,0.6521739130434783
MaxMin,Descriptors12,1,3,2,T3>T2,23,19,0.6475972540045767,0.46982432079414843,0.8131319776714514,0.0,0.0,0.10326086956521739
Time,ECFP,100,1,0,T1>T0,126,40,0.6777777777777778,0.5712917887559619,0.7825621174727241,0.7544910179640718,0.0,0.0
Time,ECFP,100,2,0,T2>T0,17,40,0.6279411764705882,0.4595925470925471,0.7874898346435346,0.10179640718562874,0.0999118424919189,0.0
Time,ECFP,100,2,1,T2>T1,17,126,0.4556489262371615,0.28927551404562274,0.6153911154031868,0.0,0.3147223038495445,0.0
Time,ECFP,100,3,0,T3>T0,24,40,0.8052083333333333,0.6801474977614168,0.9095941529765057,0.1437125748502994,0.14105201292976785,0.2185792349726776
Time,ECFP,100,3,1,T3>T1,24,126,0.6693121693121693,0.5407940868655154,0.7858860555716538,0.0,0.4443138407287687,0.6885245901639344
Time,ECFP,100,3,2,T3>T2,24,17,0.713235294117647,0.5261904761904762,0.8705882352941177,0.0,0.0,0.09289617486338798
Time,ECFP,11,1,0,T1>T0,126,40,0.4916666666666667,0.39487037037037037,0.5873093272692835,0.7544910179640718,0.0,0.0
Time,ECFP,11,2,0,T2>T0,17,40,0.5676470588235294,0.3691402753091065,0.7507274247491638,0.10179640718562874,0.0999118424919189,0.0
Time,ECFP,11,2,1,T2>T1,17,126,0.5718954248366013,0.39064425963969657,0.7361962719298244,0.0,0.3147223038495445,0.0
Time,ECFP,11,3,0,T3>T0,24,40,0.8947916666666667,0.8118403777205474,0.9624553571428571,0.1437125748502994,0.14105201292976785,0.2185792349726776
Time,ECFP,11,3,1,T3>T1,24,126,0.8799603174603174,0.8048641204130556,0.9446958621156711,0.0,0.4443138407287687,0.6885245901639344
Time,ECFP,11,3,2,T3>T2,24,17,0.7647058823529411,0.5833088235294118,0.927983950617284,0.0,0.0,0.09289617486338798
Time,ECFP,1,1,0,T1>T0,126,40,0.5386904761904763,0.4301684602122338,0.6450010388808213,0.7544910179640718,0.0,0.0
Time,ECFP,1,2,0,T2>T0,17,40,0.5808823529411765,0.4038425925925926,0.7488597904412222,0.10179640718562874,0.0999118424919189,0.0
Time,ECFP,1,2,1,T2>T1,17,126,0.534547152194211,0.38253926917989417,0.6913669410678566,0.0,0.3147223038495445,0.0
Time,ECFP,1,3,0,T3>T0,24,40,0.8145833333333333,0.6873334013327894,0.9190324295587453,0.1437125748502994,0.14105201292976785,0.2185792349726776
Time,ECFP,1,3,1,T3>T1,24,126,0.7923280423280423,0.6666571100917431,0.8980556043056043,0.0,0.4443138407287687,0.6885245901639344
Time,ECFP,1,3,2,T3>T2,24,17,0.7401960784313726,0.5652173913043478,0.8896569008728719,0.0,0.0,0.09289617486338798
Time,Avalon,100,1,0,T1>T0,126,40,0.6313492063492063,0.534712157857378,0.7333392291938186,0.7544910179640718,0.0,0.0
Time,Avalon,100,2,0,T2>T0,17,40,0.5705882352941177,0.3787873353332464,0.7436011904761903,0.10179640718562874,0.0999118424919189,0.0
Time,Avalon,100,2,1,T2>T1,17,126,0.4458450046685341,0.27909042638379156,0.60010542587166,0.0,0.3147223038495445,0.0
Time,Avalon,100,3,0,T3>T0,24,40,0.7687499999999999,0.6405713149522799,0.8734590800477897,0.1437125748502994,0.14105201292976785,0.2185792349726776
Time,Avalon,100,3,1,T3>T1,24,126,0.6223544973544973,0.5085602400819792,0.7221654453916099,0.0,0.4443138407287687,0.6885245901639344
Time,Avalon,100,3,2,T3>T2,24,17,0.6838235294117647,0.49206349206349204,0.8538961038961039,0.0,0.0,0.09289617486338798
Time,Avalon,11,1,0,T1>T0,126,40,0.4369047619047619,0.3416663744740533,0.5375498930755097,0.7544910179640718,0.0,0.0
Time,Avalon,11,2,0,T2>T0,17,40,0.5529411764705883,0.33388081276560966,0.7556401657552974,0.10179640718562874,0.0999118424919189,0.0
Time,Avalon,11,2,1,T2>T1,17,126,0.6059757236227824,0.40710756828149924,0.7760679844739076,0.0,0.3147223038495445,0.0
Time,Avalon,11,3,0,T3>T0,24,40,0.8697916666666667,0.7702491024859446,0.9512485508323425,0.1437125748502994,0.14105201292976785,0.2185792349726776
Time,Avalon,11,3,1,T3>T1,24,126,0.8677248677248677,0.7901500870858884,0.9377564261411812,0.0,0.4443138407287687,0.6885245901639344
Time,Avalon,11,3,2,T3>T2,24,17,0.7254901960784315,0.5085423634336678,0.9265748517786561,0.0,0.0,0.09289617486338798
Time,Avalon,1,1,0,T1>T0,126,40,0.41884920634920636,0.32889531930043525,0.5152008243727598,0.7544910179640718,0.0,0.0
Time,Avalon,1,2,0,T2>T0,17,40,0.4544117647058824,0.27631025163919903,0.6363672438672439,0.10179640718562874,0.0999118424919189,0.0
Time,Avalon,1,2,1,T2>T1,17,126,0.5336134453781513,0.3842112454737993,0.6817725379436264,0.0,0.3147223038495445,0.0
Time,Avalon,1,3,0,T3>T0,24,40,0.7177083333333334,0.5409017697988286,0.873012054593004,0.1437125748502994,0.14105201292976785,0.2185792349726776
Time,Avalon,1,3,1,T3>T1,24,126,0.7668650793650794,0.6277403049341717,0.8839353124378055,0.0,0.4443138407287687,0.6885245901639344
Time,Avalon,1,3,2,T3>T2,24,17,0.7352941176470589,0.5597795207509881,0.8869060559006211,0.0,0.0,0.09289617486338798
Time,MACCS,100,1,0,T1>T0,126,40,0.5919642857142857,0.47841116549411433,0.7048630401234568,0.7544910179640718,0.0,0.0
Time,MACCS,100,2,0,T2>T0,17,40,0.5720588235294117,0.4048839642678661,0.73036272670419,0.10179640718562874,0.0999118424919189,0.0
Time,MACCS,100,2,1,T2>T1,17,126,0.4813258636788049,0.3453035407110092,0.6169448924284241,0.0,0.3147223038495445,0.0
Time,MACCS,100,3,0,T3>T0,24,40,0.6166666666666667,0.4699068970079157,0.7491038602941172,0.1437125748502994,0.14105201292976785,0.2185792349726776
Time,MACCS,100,3,1,T3>T1,24,126,0.5367063492063492,0.4175550607751276,0.6511629606963145,0.0,0.4443138407287687,0.6885245901639344
Time,MACCS,100,3,2,T3>T2,24,17,0.5661764705882353,0.3706270292207792,0.7380998883928571,0.0,0.0,0.09289617486338798
Time,MACCS,11,1,0,T1>T0,126,40,0.4629960317460317,0.36036010752557673,0.5612017391931875,0.7544910179640718,0.0,0.0
Time,MACCS,11,2,0,T2>T0,17,40,0.5058823529411764,0.28077880512091036,0.7106337271750804,0.10179640718562874,0.0999118424919189,0.0
Time,MACCS,11,2,1,T2>T1,17,126,0.5350140056022409,0.34927972356414383,0.7038811704020217,0.0,0.3147223038495445,0.0
Time,MACCS,11,3,0,T3>T0,24,40,0.8020833333333334,0.6651936026936027,0.9157941858779178,0.1437125748502994,0.14105201292976785,0.2185792349726776
Time,MACCS,11,3,1,T3>T1,24,126,0.7972883597883598,0.6807803392322638,0.8976628278122842,0.0,0.4443138407287687,0.6885245901639344
Time,MACCS,11,3,2,T3>T2,24,17,0.7524509803921569,0.5552827380952381,0.9216063348416283,0.0,0.0,0.09289617486338798
Time,MACCS,1,1,0,T1>T0,126,40,0.4274801587301587,0.33309261284548036,0.5202215083667129,0.7544910179640718,0.0,0.0
Time,MACCS,1,2,0,T2>T0,17,40,0.48088235294117654,0.27579388141569805,0.672669245647969,0.10179640718562874,0.0999118424919189,0.0
Time,MACCS,1,2,1,T2>T1,17,126,0.5289449112978525,0.3659099836994831,0.6836258636115113,0.0,0.3147223038495445,0.0
Time,MACCS,1,3,0,T3>T0,24,40,0.6989583333333332,0.5223439252851018,0.860314288660857,0.1437125748502994,0.14105201292976785,0.2185792349726776
Time,MACCS,1,3,1,T3>T1,24,126,0.7331349206349207,0.5742439412778396,0.8677889880952381,0.0,0.4443138407287687,0.6885245901639344
Time,MACCS,1,3,2,T3>T2,24,17,0.7352941176470589,0.5594348086124402,0.8888941102756891,0.0,0.0,0.09289617486338798
Time,WL-HI,100,1,0,T1>T0,126,40,0.6388888888888888,0.5185495410285326,0.7553292856607963,0.7544910179640718,0.0,0.0
Time,WL-HI,100,2,0,T2>T0,17,40,0.6647058823529411,0.49629490392648284,0.8111111111111111,0.10179640718562874,0.0999118424919189,0.0
Time,WL-HI,100,2,1,T2>T1,17,126,0.496265172735761,0.34873602112600766,0.6304835164835164,0.0,0.3147223038495445,0.0
Time,WL-HI,100,3,0,T3>T0,24,40,0.8031250000000001,0.6691773672257163,0.9066674641148325,0.1437125748502994,0.14105201292976785,0.2185792349726776
Time,WL-HI,100,3,1,T3>T1,24,126,0.6554232804232805,0.5249180223285487,0.7660710868263766,0.0,0.4443138407287687,0.6885245901639344
Time,WL-HI,100,3,2,T3>T2,24,17,0.6470588235294117,0.4679280045351474,0.8116085806303196,0.0,0.0,0.09289617486338798
Time,WL-HI,11,1,0,T1>T0,126,40,0.4767857142857143,0.38337420574336606,0.5759067308788862,0.7544910179640718,0.0,0.0
Time,WL-HI,11,2,0,T2>T0,17,40,0.6176470588235294,0.4111053783614759,0.7950257222002373,0.10179640718562874,0.0999118424919189,0.0
Time,WL-HI,11,2,1,T2>T1,17,126,0.645658263305322,0.4729726407823753,0.7972770833333334,0.0,0.3147223038495445,0.0
Time,WL-HI,11,3,0,T3>T0,24,40,0.9031250000000001,0.818536923076923,0.96875,0.1437125748502994,0.14105201292976785,0.2185792349726776
Time,WL-HI,11,3,1,T3>T1,24,126,0.8898809523809523,0.8146511439412926,0.9522798954231675,0.0,0.4443138407287687,0.6885245901639344
Time,WL-HI,11,3,2,T3>T2,24,17,0.7352941176470588,0.5465521442495127,0.9097355769230767,0.0,0.0,0.09289617486338798
Time,WL-HI,1,1,0,T1>T0,126,40,0.5234126984126984,0.41629964627600513,0.6321454752177741,0.7544910179640718,0.0,0.0
Time,WL-HI,1,2,0,T2>T0,17,40,0.598529411764706,0.42605747322852583,0.7758636653895274,0.10179640718562874,0.0999118424919189,0.0
Time,WL-HI,1,2,1,T2>T1,17,126,0.5686274509803921,0.4198180076628352,0.7305459823646298,0.0,0.3147223038495445,0.0
Time,WL-HI,1,3,0,T3>T0,24,40,0.8072916666666666,0.6724468723893067,0.9187304254831563,0.1437125748502994,0.14105201292976785,0.2185792349726776
Time,WL-HI,1,3,1,T3>T1,24,126,0.7913359788359788,0.6671704202308232,0.9014033189033188,0.0,0.4443138407287687,0.6885245901639344
Time,WL-HI,1,3,2,T3>T2,24,17,0.7230392156862745,0.5427760447613388,0.8825064655172412,0.0,0.0,0.09289617486338798
Time,Descriptors12,100,1,0,T1>T0,126,40,0.38373015873015875,0.2968677212732919,0.4821907138535994,0.7544910179640718,0.0,0.0
Time,Descriptors12,100,2,0,T2>T0,17,40,0.3161764705882353,0.16665441176470588,0.49831826327794065,0.10179640718562874,0.0999118424919189,0.0
Time,Descriptors12,100,2,1,T2>T1,17,126,0.44584500466853405,0.31240665678035917,0.5984440470932924,0.0,0.3147223038495445,0.0
Time,Descriptors12,100,3,0,T3>T0,24,40,0.4729166666666667,0.32563953488372094,0.6347044080790206,0.1437125748502994,0.14105201292976785,0.2185792349726776
Time,Descriptors12,100,3,1,T3>T1,24,126,0.5912698412698413,0.4741283602993436,0.7083389639639639,0.0,0.4443138407287687,0.6885245901639344
Time,Descriptors12,100,3,2,T3>T2,24,17,0.6568627450980392,0.4733253968253968,0.8181818181818182,0.0,0.0,0.09289617486338798
Time,Descriptors12,11,1,0,T1>T0,126,40,0.3378968253968254,0.24864362611073137,0.42774546296571464,0.7544910179640718,0.0,0.0
Time,Descriptors12,11,2,0,T2>T0,17,40,0.35,0.2,0.527517865073277,0.10179640718562874,0.0999118424919189,0.0
Time,Descriptors12,11,2,1,T2>T1,17,126,0.5378151260504203,0.41264894859813084,0.6763562091503268,0.0,0.3147223038495445,0.0
Time,Descriptors12,11,3,0,T3>T0,24,40,0.5197916666666667,0.3567427536231884,0.6857276785714284,0.1437125748502994,0.14105201292976785,0.2185792349726776
Time,Descriptors12,11,3,1,T3>T1,24,126,0.65244708994709,0.5175848942795195,0.7781983926235951,0.0,0.4443138407287687,0.6885245901639344
Time,Descriptors12,11,3,2,T3>T2,24,17,0.6323529411764707,0.4492272347535506,0.8033350661625709,0.0,0.0,0.09289617486338798
Time,Descriptors12,1,1,0,T1>T0,126,40,0.35396825396825393,0.25495730338083866,0.45096892833320984,0.7544910179640718,0.0,0.0
Time,Descriptors12,1,2,0,T2>T0,17,40,0.36617647058823527,0.2153029831167483,0.5345215759849905,0.10179640718562874,0.0999118424919189,0.0
Time,Descriptors12,1,2,1,T2>T1,17,126,0.5448179271708683,0.4005778562819726,0.6948569877492822,0.0,0.3147223038495445,0.0
Time,Descriptors12,1,3,0,T3>T0,24,40,0.5364583333333333,0.37738523761375126,0.6899339706468117,0.1437125748502994,0.14105201292976785,0.2185792349726776
Time,Descriptors12,1,3,1,T3>T1,24,126,0.681878306878307,0.5567052738927739,0.7989670602860853,0.0,0.4443138407287687,0.6885245901639344
Time,Descriptors12,1,3,2,T3>T2,24,17,0.6764705882352942,0.4825990338164251,0.8376823176823174,0.0,0.0,0.09289617486338798
