Split,Representation,Bootstrap,Contrast,Estimate,CI_low,CI_high,B_valid
Random,ECFP,Molecule,Gap_11_minus_100,0.1301531386513869,0.008177762041533762,0.25590472557069566,5000.0
Random,ECFP,Molecule,Evaluation_component,0.08599699703761832,0.04019953210202746,0.13577643817455,5000.0
Random,ECFP,Molecule,Training_component,0.06719128329297819,-0.006267920861475698,0.1478147110849054,5000.0
Random,ECFP,Molecule,Tier1_total_component,0.1531882803305965,0.07234825995095553,0.24242077533354758,5000.0
Random,ECFP,Molecule,Residual_11_minus_clean,-0.023035141679209614,-0.08381821947113555,0.04186493018335054,5000.0
Random,ECFP,Molecule,Residual_1_minus_clean,0.04586252438385685,-0.03863442468100791,0.13602441936917245,5000.0
Random,ECFP,Molecule,Tier1_share_of_gap_11,1.1769849111430872,,,
Random,ECFP,ScaffoldCluster,Gap_11_minus_100,0.1301531386513869,-0.017494873046944196,0.24581437866480038,5000.0
Random,ECFP,ScaffoldCluster,Evaluation_component,0.08599699703761832,0.025520266664431406,0.12837071552828275,5000.0
Random,ECFP,ScaffoldCluster,Training_component,0.06719128329297819,-0.031018095549908267,0.13889355742296908,5000.0
Random,ECFP,ScaffoldCluster,Tier1_total_component,0.1531882803305965,0.022555966941742788,0.24246040786020887,5000.0
Random,ECFP,ScaffoldCluster,Residual_11_minus_clean,-0.023035141679209614,-0.08112021982706119,0.05757738911179206,5000.0
Random,ECFP,ScaffoldCluster,Residual_1_minus_clean,0.04586252438385685,-0.03815016277053895,0.16347944374715714,5000.0
Random,ECFP,ScaffoldCluster,Tier1_share_of_gap_11,1.1769849111430872,,,
Random,Avalon,Molecule,Gap_11_minus_100,0.11874835255670402,0.006205482276861968,0.23500358789259412,5000.0
Random,Avalon,Molecule,Evaluation_component,0.11146806985269264,0.05530499840755918,0.1719827841148656,5000.0
Random,Avalon,Molecule,Training_component,0.02784503631961255,-0.04896371746170138,0.11574900793650789,5000.0
Random,Avalon,Molecule,Tier1_total_component,0.1393131061723052,0.04943290980248405,0.23504121451533677,5000.0
Random,Avalon,Molecule,Residual_11_minus_clean,-0.020564753615601172,-0.07951633898413105,0.03797019130618757,5000.0
Random,Avalon,Molecule,Residual_1_minus_clean,0.044575967574214226,-0.030700885905955513,0.12845826154960893,5000.0
Random,Avalon,Molecule,Tier1_share_of_gap_11,1.173179275104311,,,
Random,Avalon,ScaffoldCluster,Gap_11_minus_100,0.11874835255670402,-0.029437350734631693,0.2315923860571825,5000.0
Random,Avalon,ScaffoldCluster,Evaluation_component,0.11146806985269264,0.02878092274079899,0.17642638029141505,5000.0
Random,Avalon,ScaffoldCluster,Training_component,0.02784503631961255,-0.06042424100449775,0.11746333919906136,5000.0
Random,Avalon,ScaffoldCluster,Tier1_total_component,0.1393131061723052,0.009511798303888444,0.23390401487950943,5000.0
Random,Avalon,ScaffoldCluster,Residual_11_minus_clean,-0.020564753615601172,-0.07569356029693466,0.038855846669693585,5000.0
Random,Avalon,ScaffoldCluster,Residual_1_minus_clean,0.044575967574214226,-0.02572677330671758,0.1410421986230671,5000.0
Random,Avalon,ScaffoldCluster,Tier1_share_of_gap_11,1.173179275104311,,,
Random,MACCS,Molecule,Gap_11_minus_100,0.16618448293952492,0.029407659766442905,0.3040227049632958,5000.0
Random,MACCS,Molecule,Evaluation_component,0.10233067756029601,0.05335091845878135,0.15552272212179433,5000.0
Random,MACCS,Molecule,Training_component,0.056295399515738476,-0.022642092577234083,0.1406312003968253,5000.0
Random,MACCS,Molecule,Tier1_total_component,0.1586260770760345,0.06403901927219617,0.25357185696925294,5000.0
Random,MACCS,Molecule,Residual_11_minus_clean,0.007558405863490436,-0.05872704795202529,0.07846951904947527,5000.0
Random,MACCS,Molecule,Residual_1_minus_clean,0.07234088400073202,-0.02455559055372483,0.17538944131407194,5000.0
Random,MACCS,Molecule,Tier1_share_of_gap_11,0.9545179806814998,,,
Random,MACCS,ScaffoldCluster,Gap_11_minus_100,0.16618448293952492,0.01481675642029309,0.2961089413497626,5000.0
Random,MACCS,ScaffoldCluster,Evaluation_component,0.10233067756029601,0.031413653386886654,0.16384949644188382,5000.0
Random,MACCS,ScaffoldCluster,Training_component,0.056295399515738476,-0.03423000146063585,0.13666326578478274,5000.0
Random,MACCS,ScaffoldCluster,Tier1_total_component,0.1586260770760345,0.029641614769476375,0.26064956145536544,5000.0
Random,MACCS,ScaffoldCluster,Residual_11_minus_clean,0.007558405863490436,-0.05319161158479351,0.09958089654780818,5000.0
Random,MACCS,ScaffoldCluster,Residual_1_minus_clean,0.07234088400073202,-0.02616112412854913,0.20448038929881465,5000.0
Random,MACCS,ScaffoldCluster,Tier1_share_of_gap_11,0.9545179806814998,,,
Random,WL-HI,Molecule,Gap_11_minus_100,0.11933220097693165,0.006419452176963162,0.2357549885325615,5000.0
Random,WL-HI,Molecule,Evaluation_component,0.10969605151027362,0.05543802236793689,0.16615452046807982,5000.0
Random,WL-HI,Molecule,Training_component,0.03934624697336564,-0.029415386844392932,0.1124627792735751,5000.0
Random,WL-HI,Molecule,Tier1_total_component,0.14904229848363926,0.0637862851833196,0.2359713361806744,5000.0
Random,WL-HI,Molecule,Residual_11_minus_clean,-0.02971009750670761,-0.08432038175543101,0.0326279319539842,5000.0
Random,WL-HI,Molecule,Residual_1_minus_clean,0.034520077623525824,-0.04468462808820019,0.12181841723851596,5000.0
Random,WL-HI,Molecule,Tier1_share_of_gap_11,1.2489696600203573,,,
Random,WL-HI,ScaffoldCluster,Gap_11_minus_100,0.11933220097693165,-0.02132104246543507,0.23499220885882663,5000.0
Random,WL-HI,ScaffoldCluster,Evaluation_component,0.10969605151027362,0.03312969315565684,0.1671835385522505,5000.0
Random,WL-HI,ScaffoldCluster,Training_component,0.03934624697336564,-0.03963068181818181,0.10965514748409477,5000.0
Random,WL-HI,ScaffoldCluster,Tier1_total_component,0.14904229848363926,0.032273987009988916,0.23794086487343064,5000.0
Random,WL-HI,ScaffoldCluster,Residual_11_minus_clean,-0.02971009750670761,-0.08370381030701757,0.03433566417391245,5000.0
Random,WL-HI,ScaffoldCluster,Residual_1_minus_clean,0.034520077623525824,-0.04976564009005225,0.13937650106094587,5000.0
Random,WL-HI,ScaffoldCluster,Tier1_share_of_gap_11,1.2489696600203573,,,
Random,Descriptors12,Molecule,Gap_11_minus_100,0.09070004778271046,-0.04084283302448782,0.22602294804910394,5000.0
Random,Descriptors12,Molecule,Evaluation_component,0.06202064198466062,-0.0012184309239571635,0.1290041886392103,5000.0
Random,Descriptors12,Molecule,Training_component,0.025423728813559254,-0.03781039562289562,0.09008341165413529,5000.0
Random,Descriptors12,Molecule,Tier1_total_component,0.08744437079821987,0.000988380097801786,0.17423989801232853,5000.0
Random,Descriptors12,Molecule,Residual_11_minus_clean,0.0032556769844905853,-0.08002347293295964,0.09238752940657131,5000.0
Random,Descriptors12,Molecule,Residual_1_minus_clean,0.08704920963833873,-0.029011054578412115,0.20753293759260044,5000.0
Random,Descriptors12,Molecule,Tier1_share_of_gap_11,0.9641050135685685,,,
Random,Descriptors12,ScaffoldCluster,Gap_11_minus_100,0.09070004778271046,-0.06805332222229561,0.21273649912921352,5000.0
Random,Descriptors12,ScaffoldCluster,Evaluation_component,0.06202064198466062,-0.02435603391071551,0.1269400262089819,5000.0
Random,Descriptors12,ScaffoldCluster,Training_component,0.025423728813559254,-0.039437546330615324,0.09722673160173163,5000.0
Random,Descriptors12,ScaffoldCluster,Tier1_total_component,0.08744437079821987,-0.014840919678754373,0.16822778537418637,5000.0
Random,Descriptors12,ScaffoldCluster,Residual_11_minus_clean,0.0032556769844905853,-0.08583069977562206,0.08281095250391458,5000.0
Random,Descriptors12,ScaffoldCluster,Residual_1_minus_clean,0.08704920963833873,-0.028754198252975247,0.2135267680988935,5000.0
Random,Descriptors12,ScaffoldCluster,Tier1_share_of_gap_11,0.9641050135685685,,,
MaxMin,ECFP,Molecule,Gap_11_minus_100,0.20016389646019273,0.08580498569808333,0.3131002706345204,5000.0
MaxMin,ECFP,Molecule,Evaluation_component,0.05134234763864398,-0.014402994370565182,0.11761392230872061,5000.0
MaxMin,ECFP,Molecule,Training_component,0.06190476190476191,-0.011698539827830444,0.13566554393760283,5000.0
MaxMin,ECFP,Molecule,Tier1_total_component,0.11324710954340589,0.014981856835109223,0.20824879570366206,5000.0
MaxMin,ECFP,Molecule,Residual_11_minus_clean,0.08691678691678684,0.01165096654836515,0.17082950096196037,5000.0
MaxMin,ECFP,Molecule,Residual_1_minus_clean,0.0898413198507716,-0.028038126687417023,0.21385267354524673,5000.0
MaxMin,ECFP,Molecule,Tier1_share_of_gap_11,0.5657719076523259,,,
MaxMin,ECFP,ScaffoldCluster,Gap_11_minus_100,0.20016389646019273,0.09143748914575411,0.31076010150833644,5000.0
MaxMin,ECFP,ScaffoldCluster,Evaluation_component,0.05134234763864398,-0.01496645680674038,0.11902828530049893,5000.0
MaxMin,ECFP,ScaffoldCluster,Training_component,0.06190476190476191,-0.010405147741032551,0.13636670761670755,5000.0
MaxMin,ECFP,ScaffoldCluster,Tier1_total_component,0.11324710954340589,0.017062272980526524,0.21203262424520194,5000.0
MaxMin,ECFP,ScaffoldCluster,Residual_11_minus_clean,0.08691678691678684,0.011968148848943561,0.16635518559398946,5000.0
MaxMin,ECFP,ScaffoldCluster,Residual_1_minus_clean,0.0898413198507716,-0.02665331803176609,0.20575824891458777,5000.0
MaxMin,ECFP,ScaffoldCluster,Tier1_share_of_gap_11,0.5657719076523259,,,
MaxMin,Avalon,Molecule,Gap_11_minus_100,0.1076657224805373,-0.006369990926296727,0.22070128172771444,5000.0
MaxMin,Avalon,Molecule,Evaluation_component,0.060768175582990414,-0.012102417831011252,0.12820331653529943,5000.0
MaxMin,Avalon,Molecule,Training_component,0.03544973544973551,-0.029497796982194673,0.10038802195052195,5000.0
MaxMin,Avalon,Molecule,Tier1_total_component,0.09621791103272592,0.004470159132938707,0.18403005716987492,5000.0
MaxMin,Avalon,Molecule,Residual_11_minus_clean,0.011447811447811373,-0.06000805942815373,0.08209512846749738,5000.0
MaxMin,Avalon,Molecule,Residual_1_minus_clean,-0.0008194056870804989,-0.12508583944931836,0.12030440750723771,5000.0
MaxMin,Avalon,Molecule,Tier1_share_of_gap_11,0.8936726454431141,,,
MaxMin,Avalon,ScaffoldCluster,Gap_11_minus_100,0.1076657224805373,-0.022093767610227938,0.2238047141093138,5000.0
MaxMin,Avalon,ScaffoldCluster,Evaluation_component,0.060768175582990414,-0.010363312633155075,0.12968896873119035,5000.0
MaxMin,Avalon,ScaffoldCluster,Training_component,0.03544973544973551,-0.034693232131562286,0.10043334406933505,5000.0
MaxMin,Avalon,ScaffoldCluster,Tier1_total_component,0.09621791103272592,-0.0035956606481256964,0.18715333648919596,5000.0
MaxMin,Avalon,ScaffoldCluster,Residual_11_minus_clean,0.011447811447811373,-0.06277496142545921,0.08131334170322876,5000.0
MaxMin,Avalon,ScaffoldCluster,Residual_1_minus_clean,-0.0008194056870804989,-0.12905404655851663,0.11587831413237953,5000.0
MaxMin,Avalon,ScaffoldCluster,Tier1_share_of_gap_11,0.8936726454431141,,,
MaxMin,MACCS,Molecule,Gap_11_minus_100,0.17918425881388855,0.06499533477152532,0.28951023901679696,5000.0
MaxMin,MACCS,Molecule,Evaluation_component,0.09190672153635115,0.016212789842495218,0.1711150942225786,5000.0
MaxMin,MACCS,Molecule,Training_component,0.03386243386243393,-0.025643224699828493,0.09685465294840284,5000.0
MaxMin,MACCS,Molecule,Tier1_total_component,0.12576915539878508,0.03740781468219194,0.21215964253480848,5000.0
MaxMin,MACCS,Molecule,Residual_11_minus_clean,0.05341510341510347,-0.020338818510983004,0.13024496821030837,5000.0
MaxMin,MACCS,Molecule,Residual_1_minus_clean,0.03630489793060687,-0.07986456730928665,0.1545580279004803,5000.0
MaxMin,MACCS,Molecule,Tier1_share_of_gap_11,0.7018984604524687,,,
MaxMin,MACCS,ScaffoldCluster,Gap_11_minus_100,0.17918425881388855,0.060064604756486485,0.29511127148785893,5000.0
MaxMin,MACCS,ScaffoldCluster,Evaluation_component,0.09190672153635115,0.01407887144786887,0.1731002289924986,5000.0
MaxMin,MACCS,ScaffoldCluster,Training_component,0.03386243386243393,-0.026429650084135104,0.09469727032227035,5000.0
MaxMin,MACCS,ScaffoldCluster,Tier1_total_component,0.12576915539878508,0.03375988034264146,0.216271424961494,5000.0
MaxMin,MACCS,ScaffoldCluster,Residual_11_minus_clean,0.05341510341510347,-0.02031923776455022,0.13016386674837832,5000.0
MaxMin,MACCS,ScaffoldCluster,Residual_1_minus_clean,0.03630489793060687,-0.08604016706328581,0.1528441676296004,5000.0
MaxMin,MACCS,ScaffoldCluster,Tier1_share_of_gap_11,0.7018984604524687,,,
MaxMin,WL-HI,Molecule,Gap_11_minus_100,0.2566369158961752,0.14315919472171557,0.3700268344391218,5000.0
MaxMin,WL-HI,Molecule,Evaluation_component,0.09995100921026856,0.03755885502435574,0.1665919755248606,5000.0
MaxMin,WL-HI,Molecule,Training_component,0.06666666666666665,-0.0037798621102410166,0.13810146280734503,5000.0
MaxMin,WL-HI,Molecule,Tier1_total_component,0.1666176758769352,0.0840483794272989,0.2494076938550048,5000.0
MaxMin,WL-HI,Molecule,Residual_11_minus_clean,0.09001924001924,0.012071306092191352,0.17440018826189985,5000.0
MaxMin,WL-HI,Molecule,Residual_1_minus_clean,0.09225527850291548,-0.01830593165739968,0.2098306005904045,5000.0
MaxMin,WL-HI,Molecule,Tier1_share_of_gap_11,0.6492350303350041,,,
MaxMin,WL-HI,ScaffoldCluster,Gap_11_minus_100,0.2566369158961752,0.14540149123546578,0.36297438524927117,5000.0
MaxMin,WL-HI,ScaffoldCluster,Evaluation_component,0.09995100921026856,0.03748471033025685,0.16498530260284755,5000.0
MaxMin,WL-HI,ScaffoldCluster,Training_component,0.06666666666666665,0.0005057728312876709,0.13545410628019322,5000.0
MaxMin,WL-HI,ScaffoldCluster,Tier1_total_component,0.1666176758769352,0.08512051150667639,0.24772827982773912,5000.0
MaxMin,WL-HI,ScaffoldCluster,Residual_11_minus_clean,0.09001924001924,0.014201328427917301,0.17095402080808364,5000.0
MaxMin,WL-HI,ScaffoldCluster,Residual_1_minus_clean,0.09225527850291548,-0.02442973565957438,0.20688202523917856,5000.0
MaxMin,WL-HI,ScaffoldCluster,Tier1_share_of_gap_11,0.6492350303350041,,,
MaxMin,Descriptors12,Molecule,Gap_11_minus_100,0.1459070422033384,0.014458156960910015,0.27052554090206815,5000.0
MaxMin,Descriptors12,Molecule,Evaluation_component,0.0941994904957868,0.022010074217279102,0.16707442036854828,5000.0
MaxMin,Descriptors12,Molecule,Training_component,0.03650793650793649,-0.0482830458957419,0.11707317073170731,5000.0
MaxMin,Descriptors12,Molecule,Tier1_total_component,0.1307074270037233,0.03172061116146066,0.22415751958815294,5000.0
MaxMin,Descriptors12,Molecule,Residual_11_minus_clean,0.015199615199615102,-0.06545580244700737,0.10005916092084483,5000.0
MaxMin,Descriptors12,Molecule,Residual_1_minus_clean,0.049255608565627496,-0.07494189322431864,0.17601501491836602,5000.0
MaxMin,Descriptors12,Molecule,Tier1_share_of_gap_11,0.8958267197382244,,,
MaxMin,Descriptors12,ScaffoldCluster,Gap_11_minus_100,0.1459070422033384,0.021208892055458242,0.27826362113859027,5000.0
MaxMin,Descriptors12,ScaffoldCluster,Evaluation_component,0.0941994904957868,0.017747368933585226,0.1712476208812365,5000.0
MaxMin,Descriptors12,ScaffoldCluster,Training_component,0.03650793650793649,-0.04602821500598735,0.12122472403595586,5000.0
MaxMin,Descriptors12,ScaffoldCluster,Tier1_total_component,0.1307074270037233,0.035433271880850346,0.22791553863804506,5000.0
MaxMin,Descriptors12,ScaffoldCluster,Residual_11_minus_clean,0.015199615199615102,-0.06622166886357453,0.10254073016633504,5000.0
MaxMin,Descriptors12,ScaffoldCluster,Residual_1_minus_clean,0.049255608565627496,-0.08010860279247076,0.1781156522815308,5000.0
MaxMin,Descriptors12,ScaffoldCluster,Tier1_share_of_gap_11,0.8958267197382244,,,
Time,ECFP,Molecule,Gap_11_minus_100,0.06287565920172589,-0.06473369037992649,0.19045886084700506,5000.0
Time,ECFP,Molecule,Evaluation_component,0.04068935300131449,-0.030598579863285794,0.11070835797856941,5000.0
Time,ECFP,Molecule,Training_component,0.026219512195121863,-0.05378208348556806,0.10709554629767401,5000.0
Time,ECFP,Molecule,Tier1_total_component,0.06690886519643635,-0.042527022988362306,0.16845285854535288,5000.0
Time,ECFP,Molecule,Residual_11_minus_clean,-0.004033205994710465,-0.08175599732738612,0.07680388870379086,5000.0
Time,ECFP,Molecule,Residual_1_minus_clean,0.034422897507663586,-0.08893119272279715,0.16950848181900785,5000.0
Time,ECFP,Molecule,Tier1_share_of_gap_11,1.0641457448862779,,,
Time,ECFP,ScaffoldCluster,Gap_11_minus_100,0.06287565920172589,-0.07311440482603782,0.19642353106683322,5000.0
Time,ECFP,ScaffoldCluster,Evaluation_component,0.04068935300131449,-0.030442137320044343,0.10710370672616029,5000.0
Time,ECFP,ScaffoldCluster,Training_component,0.026219512195121863,-0.06710552635310316,0.12547429954913508,5000.0
Time,ECFP,ScaffoldCluster,Tier1_total_component,0.06690886519643635,-0.04812284228904658,0.1827131549677484,5000.0
Time,ECFP,ScaffoldCluster,Residual_11_minus_clean,-0.004033205994710465,-0.08276786952171987,0.07785735866500489,5000.0
Time,ECFP,ScaffoldCluster,Residual_1_minus_clean,0.034422897507663586,-0.09930309555436587,0.17312559387340032,5000.0
Time,ECFP,ScaffoldCluster,Tier1_share_of_gap_11,1.0641457448862779,,,
Time,Avalon,Molecule,Gap_11_minus_100,0.1092773019931339,-0.020543027440676584,0.2318523225853849,5000.0
Time,Avalon,Molecule,Evaluation_component,0.04167518621293986,-0.039692784327265904,0.12041397681048928,5000.0
Time,Avalon,Molecule,Training_component,0.042073170731707465,-0.025467414529914478,0.11714572192513345,5000.0
Time,Avalon,Molecule,Tier1_total_component,0.08374835694464733,-0.02099083099106905,0.18760813284047081,5000.0
Time,Avalon,Molecule,Residual_11_minus_clean,0.025528945048486573,-0.061919762373626085,0.11317482399599992,5000.0
Time,Avalon,Molecule,Residual_1_minus_clean,0.024529077257985588,-0.11979290019493372,0.1777172190053156,5000.0
Time,Avalon,Molecule,Tier1_share_of_gap_11,0.7663838273561091,,,
Time,Avalon,ScaffoldCluster,Gap_11_minus_100,0.1092773019931339,-0.02132225437930457,0.23504542546023421,5000.0
Time,Avalon,ScaffoldCluster,Evaluation_component,0.04167518621293986,-0.04198116998728239,0.11800782041387878,5000.0
Time,Avalon,ScaffoldCluster,Training_component,0.042073170731707465,-0.02963112910481336,0.11467587084407421,5000.0
Time,Avalon,ScaffoldCluster,Tier1_total_component,0.08374835694464733,-0.02678398098397853,0.1866552289672833,5000.0
Time,Avalon,ScaffoldCluster,Residual_11_minus_clean,0.025528945048486573,-0.05506336376973123,0.10749915520485141,5000.0
Time,Avalon,ScaffoldCluster,Residual_1_minus_clean,0.024529077257985588,-0.12193667822501765,0.17838109405857216,5000.0
Time,Avalon,ScaffoldCluster,Tier1_share_of_gap_11,0.7663838273561091,,,
Time,MACCS,Molecule,Gap_11_minus_100,0.09281817645930601,-0.05257921372632347,0.23920265823986522,5000.0
Time,MACCS,Molecule,Evaluation_component,0.004682707755221505,-0.06463281433219072,0.07147921847693817,5000.0
Time,MACCS,Molecule,Training_component,0.01585365853658527,-0.0637915282392026,0.09772462194337184,5000.0
Time,MACCS,Molecule,Tier1_total_component,0.020536366291806774,-0.07262279646337808,0.1173805333862268,5000.0
Time,MACCS,Molecule,Residual_11_minus_clean,0.07228181016749924,-0.04665831125312689,0.1891724414834296,5000.0
Time,MACCS,Molecule,Residual_1_minus_clean,0.11184081922786449,-0.026224478596515163,0.25227081150097663,5000.0
Time,MACCS,Molecule,Tier1_share_of_gap_11,0.2212537142529456,,,
Time,MACCS,ScaffoldCluster,Gap_11_minus_100,0.09281817645930601,-0.056172800966705454,0.2386394897932467,5000.0
Time,MACCS,ScaffoldCluster,Evaluation_component,0.004682707755221505,-0.06013114970602929,0.06456646914551595,5000.0
Time,MACCS,ScaffoldCluster,Training_component,0.01585365853658527,-0.06638847612215616,0.09846212121212122,5000.0
Time,MACCS,ScaffoldCluster,Tier1_total_component,0.020536366291806774,-0.07671905097924052,0.11475195590327165,5000.0
Time,MACCS,ScaffoldCluster,Residual_11_minus_clean,0.07228181016749924,-0.04849988851387722,0.19341689653450994,5000.0
Time,MACCS,ScaffoldCluster,Residual_1_minus_clean,0.11184081922786449,-0.04275196059504254,0.26543333637311745,5000.0
Time,MACCS,ScaffoldCluster,Tier1_share_of_gap_11,0.2212537142529456,,,
Time,WL-HI,Molecule,Gap_11_minus_100,0.12256757422563047,-0.005634283285481857,0.2479980728538335,5000.0
Time,WL-HI,Molecule,Evaluation_component,0.0806119468380313,0.010175201038785843,0.15076755302443842,5000.0
Time,WL-HI,Molecule,Training_component,0.014634146341463317,-0.06019656019656017,0.09332089379259198,5000.0
Time,WL-HI,Molecule,Tier1_total_component,0.09524609317949462,0.003129881114156321,0.1850835042757557,5000.0
Time,WL-HI,Molecule,Residual_11_minus_clean,0.027321481046135854,-0.065078082218197,0.12231974921630062,5000.0
Time,WL-HI,Molecule,Residual_1_minus_clean,0.028113199164778724,-0.09226842965643815,0.14988013254444074,5000.0
Time,WL-HI,Molecule,Tier1_share_of_gap_11,0.7770904644335975,,,
Time,WL-HI,ScaffoldCluster,Gap_11_minus_100,0.12256757422563047,-0.01879954998025612,0.2642099784602753,5000.0
Time,WL-HI,ScaffoldCluster,Evaluation_component,0.0806119468380313,0.011442738279522404,0.14190919532489304,5000.0
Time,WL-HI,ScaffoldCluster,Training_component,0.014634146341463317,-0.06586178082049357,0.09699395909922223,5000.0
Time,WL-HI,ScaffoldCluster,Tier1_total_component,0.09524609317949462,-0.00895054207509917,0.19264299421192355,5000.0
Time,WL-HI,ScaffoldCluster,Residual_11_minus_clean,0.027321481046135854,-0.06179508945231521,0.1219862222735268,5000.0
Time,WL-HI,ScaffoldCluster,Residual_1_minus_clean,0.028113199164778724,-0.09638842562130039,0.1566133827634406,5000.0
Time,WL-HI,ScaffoldCluster,Tier1_share_of_gap_11,0.7770904644335975,,,
Time,Descriptors12,Molecule,Gap_11_minus_100,0.17776983499941057,0.04696040046067577,0.30170837746114665,5000.0
Time,Descriptors12,Molecule,Evaluation_component,0.018256170585657983,-0.06554108505361032,0.10156521928400751,5000.0
Time,Descriptors12,Molecule,Training_component,0.0,-0.06704337062167615,0.06666964818127609,5000.0
Time,Descriptors12,Molecule,Tier1_total_component,0.018256170585657983,-0.08585525605810691,0.11699476373120242,5000.0
Time,Descriptors12,Molecule,Residual_11_minus_clean,0.1595136644137526,0.059650947244254536,0.2609891715835808,5000.0
Time,Descriptors12,Molecule,Residual_1_minus_clean,0.24166333466613354,0.11215964618386791,0.3706167828087194,5000.0
Time,Descriptors12,Molecule,Tier1_share_of_gap_11,0.10269554778918771,,,
Time,Descriptors12,ScaffoldCluster,Gap_11_minus_100,0.17776983499941057,0.049670998011692946,0.3070954095317953,5000.0
Time,Descriptors12,ScaffoldCluster,Evaluation_component,0.018256170585657983,-0.060117000279208514,0.10550651706660163,5000.0
Time,Descriptors12,ScaffoldCluster,Training_component,0.0,-0.07159787200378002,0.07149025181611966,5000.0
Time,Descriptors12,ScaffoldCluster,Tier1_total_component,0.018256170585657983,-0.07978926824401802,0.12214111103402026,5000.0
Time,Descriptors12,ScaffoldCluster,Residual_11_minus_clean,0.1595136644137526,0.05905816075448847,0.2562280089228303,5000.0
Time,Descriptors12,ScaffoldCluster,Residual_1_minus_clean,0.24166333466613354,0.10274028709713937,0.3620593585367507,5000.0
Time,Descriptors12,ScaffoldCluster,Tier1_share_of_gap_11,0.10269554778918771,,,
