Representation,Split,Bootstrap,Comparison,PrimaryComparison,B_valid,ObservedDeltaAUROC,BootstrapMean,PercentileCI_low,PercentileCI_high,SimultaneousCI_low,SimultaneousCI_high,ProbDelta_gt0
ECFP,Random,ScaffoldCluster,11-100,True,5000,0.1301531386513869,0.1224988723141178,-0.0174948730469441,0.2458143786648003,-0.0177333724663084,0.2780396497690822,0.9556
ECFP,Random,ScaffoldCluster,1-100,True,5000,0.1990508047144533,0.1917079462995147,0.0536845666743846,0.3165400035085137,0.051164293596758,0.3469373158321487,0.9956
Avalon,Random,ScaffoldCluster,11-100,True,5000,0.118748352556704,0.1107791863822476,-0.0294373507346316,0.2315923860571825,-0.022529260413015,0.260025965526423,0.9424
Avalon,Random,ScaffoldCluster,1-100,True,5000,0.1838890737465194,0.1775757157658289,0.0498010628764086,0.2865953081137947,0.0426114607768003,0.3251666867162384,0.9954
MACCS,Random,ScaffoldCluster,11-100,True,5000,0.1661844829395249,0.1613375366759888,0.014816756420293,0.2961089413497626,0.0069851390486822,0.3253838268303676,0.9836
MACCS,Random,ScaffoldCluster,1-100,True,5000,0.2309669610767665,0.2276825282740143,0.0747695038497048,0.3680054942675609,0.0717676171859238,0.3901663049676092,0.998
WL-HI,Random,ScaffoldCluster,11-100,True,5000,0.1193322009769316,0.1119219420272434,-0.021321042465435,0.2349922088588266,-0.0187922406118519,0.2574566425657152,0.9522
WL-HI,Random,ScaffoldCluster,1-100,True,5000,0.183562376107165,0.1782490854987268,0.0560096141395822,0.2895595204814575,0.0454379345183815,0.3216868176959486,0.9956
Descriptors12,Random,ScaffoldCluster,11-100,True,5000,0.0907000477827104,0.0847276811625504,-0.0680533222222956,0.2127364991292135,-0.0701186953730275,0.2515187909384485,0.8788
Descriptors12,Random,ScaffoldCluster,1-100,True,5000,0.1744935804365586,0.1695534431902934,0.0106839782596499,0.304873017911266,0.0136748372808205,0.3353123235922967,0.9816
ECFP,MaxMin,ScaffoldCluster,11-100,True,5000,0.2001638964601927,0.1997779813610907,0.0914374891457541,0.3107601015083364,0.055668214063355,0.3446595788570304,0.9992
ECFP,MaxMin,ScaffoldCluster,1-100,True,5000,0.2030884293941774,0.2015021508086831,0.0564761943683563,0.3387260002863493,0.0585927469973397,0.3475841117910151,0.9962
Avalon,MaxMin,ScaffoldCluster,11-100,True,5000,0.1076657224805373,0.1038835022515031,-0.0220937676102279,0.2238047141093138,-0.0561219419152438,0.2714533868763184,0.9482
Avalon,MaxMin,ScaffoldCluster,1-100,True,5000,0.0953985053456454,0.0904810860090737,-0.0772653427233421,0.2483308605441253,-0.0683891590501357,0.2591861697414265,0.862
MACCS,MaxMin,ScaffoldCluster,11-100,True,5000,0.1791842588138885,0.1786781802759796,0.0600646047564864,0.2951112714878589,0.0179822982561503,0.3403862193716268,0.9992
MACCS,MaxMin,ScaffoldCluster,1-100,True,5000,0.1620740533293919,0.1597998522978093,-0.0050135783055047,0.3156849992885637,0.0008720927716537,0.3232760138871302,0.9716
WL-HI,MaxMin,ScaffoldCluster,11-100,True,5000,0.2566369158961752,0.255570769892194,0.1454014912354657,0.3629743852492711,0.1162543316765198,0.3970195001158305,1.0
WL-HI,MaxMin,ScaffoldCluster,1-100,True,5000,0.2588729543798507,0.2566733325654057,0.1137204765320597,0.3925580966805821,0.1184903701601953,0.399255538599506,0.9998
Descriptors12,MaxMin,ScaffoldCluster,11-100,True,5000,0.1459070422033384,0.1476868490790964,0.0212088920554582,0.2782636211385902,-0.0113572251685848,0.3031713095752616,0.99
Descriptors12,MaxMin,ScaffoldCluster,1-100,True,5000,0.1799630355693507,0.18114255958222,0.0242967560667435,0.3313499271693438,0.0226987681974275,0.337227302941274,0.9878
ECFP,Time,ScaffoldCluster,11-100,True,5000,0.0628756592017258,0.0620304985499883,-0.0731144048260378,0.1964235310668332,-0.0957559117776007,0.2215072301810524,0.8202
ECFP,Time,ScaffoldCluster,1-100,True,5000,0.1013317627040999,0.1007710664067015,-0.048087679483461,0.2395048775836168,-0.0572998082752266,0.2599633336834265,0.9122
Avalon,Time,ScaffoldCluster,11-100,True,5000,0.1092773019931339,0.1082798113714038,-0.0213222543793045,0.2350454254602342,-0.0567464183913995,0.2753010223776673,0.9466
Avalon,Time,ScaffoldCluster,1-100,True,5000,0.1082774342026329,0.1081922777216155,-0.0579688020563487,0.2631952665410714,-0.0577462861819005,0.2743011545871663,0.9054
MACCS,Time,ScaffoldCluster,11-100,True,5000,0.092818176459306,0.0921114645954935,-0.0561728009667054,0.2386394897932467,-0.090052184489001,0.275688537407613,0.8896
MACCS,Time,ScaffoldCluster,1-100,True,5000,0.1323771855196712,0.1314382133224447,-0.0447498649703203,0.3039278592205572,-0.0504931754286357,0.3152475464679783,0.9334
WL-HI,Time,ScaffoldCluster,11-100,True,5000,0.1225675742256304,0.1215673071927162,-0.0187995499802561,0.2642099784602753,-0.0412899601414942,0.2864251085927552,0.9566
WL-HI,Time,ScaffoldCluster,1-100,True,5000,0.1233592923442733,0.1229693590240498,-0.0328786558287391,0.2711168428851702,-0.0404982420228514,0.2872168267113981,0.938
Descriptors12,Time,ScaffoldCluster,11-100,True,5000,0.1777698349994105,0.1773997397076067,0.0496709980116929,0.3070954095317953,0.0216139981207833,0.3339256718780378,0.9962
Descriptors12,Time,ScaffoldCluster,1-100,True,5000,0.2599195052517915,0.2571226296702809,0.1035598902389265,0.3994986224058758,0.1037636683731642,0.4160753421304187,0.9992
