split,level,contrast,estimate,low,high
Random,Molecule,11−100,0.1301531386513869,-0.0071009877518122,0.267407265054586
Random,Molecule,1−100,0.1990508047144533,0.0617966783112541,0.3363049311176525
Random,Scaffold,11−100,0.1301531386513869,-0.0177333724663084,0.2780396497690822
Random,Scaffold,1−100,0.1990508047144533,0.051164293596758,0.3469373158321487
MaxMin,Molecule,11−100,0.2001638964601927,0.0532158319060358,0.3471119610143496
MaxMin,Molecule,1−100,0.2030884293941774,0.0561403648400205,0.3500364939483343
MaxMin,Scaffold,11−100,0.2001638964601927,0.055668214063355,0.3446595788570304
MaxMin,Scaffold,1−100,0.2030884293941774,0.0585927469973397,0.3475841117910151
Time,Molecule,11−100,0.0628756592017258,-0.0865154450083941,0.2122667634118459
Time,Molecule,1−100,0.1013317627040999,-0.04805934150602,0.2507228669142199
Time,Scaffold,11−100,0.0628756592017258,-0.0957559117776007,0.2215072301810524
Time,Scaffold,1−100,0.1013317627040999,-0.0572998082752266,0.2599633336834265
