split,endpoint,estimate,low,high
Random,100,0.0106199952418746,-0.0021310538105857,0.0233710442943351
Random,11,0.0080734671085619,-0.0096665278907931,0.0258134621079171
Random,1,0.0061877237773605,-0.0059070043861123,0.0182824519408333
MaxMin,100,0.0270769219237498,0.0120862369385435,0.042067606908956
MaxMin,11,0.0131160628870679,0.0027990964589935,0.0234330293151423
MaxMin,1,0.0088861892062292,-0.0002173896433058,0.0179897680557643
Time,100,0.0196077489585165,0.007266118140045,0.0319493797769879
Time,11,0.0085706825839931,-0.006705200395096,0.0238465655630823
Time,1,0.0065792306083197,-0.0070295847575898,0.0201880459742294
