Bootstrap,Split,Representation,Comparison,Delta,FamilySize,CI_low,CI_high
Molecule,Random,ECFP,11-100,0.1301531386513869,10,-0.04341462418655784,0.3037209014893316
Molecule,Random,ECFP,1-100,0.1990508047144533,10,0.025483041876508572,0.37261856755239803
Molecule,Random,Avalon,11-100,0.118748352556704,10,-0.054819410281240724,0.29231611539464875
Molecule,Random,Avalon,1-100,0.1838890737465194,10,0.01032131090857466,0.35745683658446414
Molecule,Random,MACCS,11-100,0.1661844829395249,10,-0.007383279898419831,0.33975224577746965
Molecule,Random,MACCS,1-100,0.2309669610767665,10,0.05739919823882178,0.40453472391471124
Molecule,Random,WL-HI,11-100,0.1193322009769316,10,-0.054235561861013123,0.2928999638148763
Molecule,Random,WL-HI,1-100,0.183562376107165,10,0.00999461326922027,0.3571301389451097
Molecule,Random,Descriptors12,11-100,0.0907000477827104,10,-0.08286771505523433,0.26426781062065513
Molecule,Random,Descriptors12,1-100,0.1744935804365586,10,0.0009258175986138761,0.34806134327450333
Molecule,MaxMin,ECFP,11-100,0.2001638964601927,10,0.0101791531473647,0.3901486397730207
Molecule,MaxMin,ECFP,1-100,0.2030884293941774,10,0.013103686081349403,0.39307317270700537
Molecule,MaxMin,Avalon,11-100,0.1076657224805373,10,-0.0823190208322907,0.2976504657933653
Molecule,MaxMin,Avalon,1-100,0.0953985053456454,10,-0.0945862379671826,0.2853832486584734
Molecule,MaxMin,MACCS,11-100,0.1791842588138885,10,-0.0108004844989395,0.3691690021267165
Molecule,MaxMin,MACCS,1-100,0.1620740533293919,10,-0.0279106899834361,0.3520587966422199
Molecule,MaxMin,WL-HI,11-100,0.2566369158961752,10,0.06665217258334721,0.4466216592090032
Molecule,MaxMin,WL-HI,1-100,0.2588729543798507,10,0.0688882110670227,0.4488576976926787
Molecule,MaxMin,Descriptors12,11-100,0.1459070422033384,10,-0.04407770110948961,0.3358917855161664
Molecule,MaxMin,Descriptors12,1-100,0.1799630355693507,10,-0.010021707743477298,0.36994777888217867
Molecule,Time,ECFP,11-100,0.0628756592017258,10,-0.1338098337902917,0.2595611521937433
Molecule,Time,ECFP,1-100,0.1013317627040999,10,-0.09535373028791762,0.2980172556961174
Molecule,Time,Avalon,11-100,0.1092773019931339,10,-0.08740819099888361,0.30596279498515144
Molecule,Time,Avalon,1-100,0.1082774342026329,10,-0.08840805878938461,0.3049629271946504
Molecule,Time,MACCS,11-100,0.092818176459306,10,-0.10386731653271151,0.2895036694513235
Molecule,Time,MACCS,1-100,0.1323771855196712,10,-0.06430830747234631,0.3290626785116887
Molecule,Time,WL-HI,11-100,0.1225675742256304,10,-0.07411791876638711,0.3192530672176479
Molecule,Time,WL-HI,1-100,0.1233592923442733,10,-0.07332620064774421,0.3200447853362908
Molecule,Time,Descriptors12,11-100,0.1777698349994105,10,-0.018915657992607027,0.374455327991428
Molecule,Time,Descriptors12,1-100,0.2599195052517915,10,0.06323401225977401,0.45660499824380907
ScaffoldCluster,Random,ECFP,11-100,0.1301531386513869,10,-0.057364333615711666,0.3176706109184855
ScaffoldCluster,Random,ECFP,1-100,0.1990508047144533,10,0.011533332447354744,0.38656827698155183
ScaffoldCluster,Random,Avalon,11-100,0.118748352556704,10,-0.06876911971039455,0.30626582482380255
ScaffoldCluster,Random,Avalon,1-100,0.1838890737465194,10,-0.003628398520579168,0.37140654601361794
ScaffoldCluster,Random,MACCS,11-100,0.1661844829395249,10,-0.02133298932757366,0.35370195520662345
ScaffoldCluster,Random,MACCS,1-100,0.2309669610767665,10,0.04344948880966795,0.4184844333438651
ScaffoldCluster,Random,WL-HI,11-100,0.1193322009769316,10,-0.06818527129016695,0.3068496732440302
ScaffoldCluster,Random,WL-HI,1-100,0.183562376107165,10,-0.003955096159933558,0.37107984837426355
ScaffoldCluster,Random,Descriptors12,11-100,0.0907000477827104,10,-0.09681742448438815,0.27821752004980893
ScaffoldCluster,Random,Descriptors12,1-100,0.1744935804365586,10,-0.013023891830539952,0.3620110527036572
ScaffoldCluster,MaxMin,ECFP,11-100,0.2001638964601927,10,0.005998794232567883,0.3943289986878175
ScaffoldCluster,MaxMin,ECFP,1-100,0.2030884293941774,10,0.008923327166552586,0.3972535316218022
ScaffoldCluster,MaxMin,Avalon,11-100,0.1076657224805373,10,-0.08649937974708752,0.30183082470816214
ScaffoldCluster,MaxMin,Avalon,1-100,0.0953985053456454,10,-0.09876659688197942,0.2895636075732702
ScaffoldCluster,MaxMin,MACCS,11-100,0.1791842588138885,10,-0.014980843413736317,0.3733493610415133
ScaffoldCluster,MaxMin,MACCS,1-100,0.1620740533293919,10,-0.032091048898232916,0.3562391555570167
ScaffoldCluster,MaxMin,WL-HI,11-100,0.2566369158961752,10,0.0624718136685504,0.45080201812380005
ScaffoldCluster,MaxMin,WL-HI,1-100,0.2588729543798507,10,0.06470785215222588,0.45303805660747554
ScaffoldCluster,MaxMin,Descriptors12,11-100,0.1459070422033384,10,-0.048258060024286425,0.34007214443096323
ScaffoldCluster,MaxMin,Descriptors12,1-100,0.1799630355693507,10,-0.014202066658274115,0.3741281377969755
ScaffoldCluster,Time,ECFP,11-100,0.0628756592017258,10,-0.14200178877688902,0.2677531071803406
ScaffoldCluster,Time,ECFP,1-100,0.1013317627040999,10,-0.10354568527451492,0.3062092106827147
ScaffoldCluster,Time,Avalon,11-100,0.1092773019931339,10,-0.09560014598548092,0.31415474997174875
ScaffoldCluster,Time,Avalon,1-100,0.1082774342026329,10,-0.09660001377598192,0.3131548821812477
ScaffoldCluster,Time,MACCS,11-100,0.092818176459306,10,-0.11205927151930882,0.2976956244379208
ScaffoldCluster,Time,MACCS,1-100,0.1323771855196712,10,-0.07250026245894362,0.337254633498286
ScaffoldCluster,Time,WL-HI,11-100,0.1225675742256304,10,-0.08230987375298442,0.3274450222042452
ScaffoldCluster,Time,WL-HI,1-100,0.1233592923442733,10,-0.08151815563434152,0.32823674032288813
ScaffoldCluster,Time,Descriptors12,11-100,0.1777698349994105,10,-0.027107612979204332,0.3826472829780253
ScaffoldCluster,Time,Descriptors12,1-100,0.2599195052517915,10,0.05504205727317671,0.4647969532304064
