CAS,name,smiles_input,inchi_input,supplied_key,canonical_smiles,inchikey,connectivity,parent_connectivity,fragments,structure_status,parent_status,inchi_smiles_disagree,mapping_method,mapping_reference,mapping_query,mapping_CAS,pubchem_cid,overlap_inchikey,overlap_connectivity,overlap_parent_connectivity,retained_same_CAS,retained_name,retained_source,retained_route,retained_tier,any_route_crosses_1,any_route_crosses_11,any_route_crosses_100
50-29-3,"1,1'-(2,2,2-Trichloroethylidene)bis[4-chlorobenzene]",C1=CC(=CC=C1C(C2=CC=C(C=C2)Cl)C(Cl)(Cl)Cl)Cl,"InChI=1S/C14H9Cl5/c15-11-5-1-9(2-6-11)13(14(17,18)19)10-3-7-12(16)8-4-10/h1-8,13H",,Clc1ccc(C(c2ccc(Cl)cc2)C(Cl)(Cl)Cl)cc1,YVGGHNCTFXOJCH-UHFFFAOYSA-N,YVGGHNCTFXOJCH,YVGGHNCTFXOJCH,1,resolved,resolved,False,OFT exact CAS,bf1ffcea-5b14-43a9-b1d1-522e486d992f,50-29-3,50-29-3,,True,True,True,True,DDT (Ref: OMS 16),PPDB,Contact,3.0,True,True,False
52-68-6,"P-(2,2,2-Trichloro-1-hydroxyethyl)phosphonic acid dimethyl ester",COP(=O)(C(C(Cl)(Cl)Cl)O)OC,"InChI=1S/C4H8Cl3O4P/c1-10-12(9,11-2)3(8)4(5,6)7/h3,8H,1-2H3",,COP(=O)(OC)C(O)C(Cl)(Cl)Cl,NFACJZMKEDPNKN-UHFFFAOYSA-N,NFACJZMKEDPNKN,NFACJZMKEDPNKN,1,resolved,resolved,False,OFT exact CAS,6e030101-96e6-4901-b679-e612d85e22d2,52-68-6,52-68-6,,True,True,True,True,Trichlorfon (Ref: OMS 800),PPDB,Oral,3.0,True,True,False
60-51-5,"O,O-Dimethyl S-[2-(methylamino)-2-oxoethyl]phosphorodithioic acid ester",CNC(=O)CSP(=S)(OC)OC,"InChI=1S/C5H12NO3PS2/c1-6-5(7)4-12-10(11,8-2)9-3/h4H2,1-3H3,(H,6,7)",,CNC(=O)CSP(=S)(OC)OC,MCWXGJITAZMZEV-UHFFFAOYSA-N,MCWXGJITAZMZEV,MCWXGJITAZMZEV,1,resolved,resolved,False,OFT exact CAS,bc82d06b-2ca4-4685-87cd-0207e5fe17ff,60-51-5,60-51-5,,True,True,True,True,"O,O-Dimethyl S-[2-(methylamino)-2-oxoethyl]phosphorodithioic acid ester",ECOTOX,Contact,3.0,True,True,True
63-25-2,1-Naphthalenol methylcarbamate,CNC(=O)Oc1cccc2ccccc12,"InChI=1/C12H11NO2/c1-13-12(14)15-11-8-4-6-9-5-2-3-7-10(9)11/h2-8H,1H3,(H,13,14)",,CNC(=O)Oc1cccc2ccccc12,CVXBEEMKQHEXEN-UHFFFAOYSA-N,CVXBEEMKQHEXEN,CVXBEEMKQHEXEN,1,resolved,resolved,False,OFT exact CAS,bb99c666-3a53-4e16-8275-8d1aadef7c64,63-25-2,63-25-2,,True,True,True,True,1-Naphthalenol methylcarbamate,ECOTOX,Contact,3.0,True,True,False
78-57-9,"S-[(4,6-Diamino-1,3,5-triazin-2-yl)methyl]O,O-dimethyl ester phosphorodithioic acid",COP(=S)(OC)SCC1=NC(=NC(=N1)N)N,"InChI=1S/C6H12N5O2PS2/c1-12-14(15,13-2)16-3-4-9-5(7)11-6(8)10-4/h3H2,1-2H3,(H4,7,8,9,10,11)",SUYHYHLFUHHVJQ-UHFFFAOYSA-N,COP(=S)(OC)SCc1nc(N)nc(N)n1,SUYHYHLFUHHVJQ-UHFFFAOYSA-N,SUYHYHLFUHHVJQ,SUYHYHLFUHHVJQ,1,resolved,resolved,False,PubChem CAS,"https://pubchem.ncbi.nlm.nih.gov/rest/pug/compound/name/78-57-9/property/InChIKey,InChI,IsomericSMILES/JSON",78-57-9,78-57-9,6543.0,True,True,True,True,"S-[(4,6-Diamino-1,3,5-triazin-2-yl)methyl]O,O-dimethyl ester phosphorodithioic acid",ECOTOX,Oral,3.0,False,True,False
83-79-4,"[2R-(2-alpha, 6a-alpha, 12a-alpha)]-1,2,12,12a-Tetrahydro-8,9-dimethoxy-2-(1-methylethenyl)-[1]-benzopyrano[3,4-b]furo[2,3-h][1]benzopyran-6(6aH)-one",CC(=C)[C@H]1CC2=C(O1)C=CC3=C2O[C@@H]4COC5=CC(=C(C=C5[C@@H]4C3=O)OC)OC,"InChI=1S/C23H22O6/c1-11(2)16-8-14-15(28-16)6-5-12-22(24)21-13-7-18(25-3)19(26-4)9-17(13)27-10-20(21)29-23(12)14/h5-7,9,16,20-21H,1,8,10H2,2-4H3/t16-,20-,21+/m1/s1",JUVIOZPCNVVQFO-HBGVWJBISA-N,C=C(C)[C@H]1Cc2c(ccc3c2O[C@@H]2COc4cc(OC)c(OC)cc4[C@@H]2C3=O)O1,JUVIOZPCNVVQFO-HBGVWJBISA-N,JUVIOZPCNVVQFO,JUVIOZPCNVVQFO,1,resolved,resolved,False,PubChem CAS,"https://pubchem.ncbi.nlm.nih.gov/rest/pug/compound/name/83-79-4/property/InChIKey,InChI,IsomericSMILES/JSON",83-79-4,83-79-4,6758.0,False,True,True,True,Rotenone (Ref: ENT 133),BPDB,Contact,3.0,False,True,False
93-65-2,2-(4-Chloro-2-methylphenoxy)propanoic acid,O=C(O)C(C)OC1=C(C)C=C(Cl)C=C1,"InChI=1S/C10H11ClO3/c1-6-5-8(11)3-4-9(6)14-7(2)10(12)13/h3-5,7H,1-2H3,(H,12,13)",,Cc1cc(Cl)ccc1OC(C)C(=O)O,WNTGYJSOUMFZEP-UHFFFAOYSA-N,WNTGYJSOUMFZEP,WNTGYJSOUMFZEP,1,resolved,resolved,False,OFT exact CAS,2dc527b7-1e95-4bdf-9f38-ea58912efe76,93-65-2,93-65-2,,True,True,True,False,,,,,False,True,True
94-74-6,2-(4-Chloro-2-methylphenoxy)acetic acid,CC1=C(C=CC(=C1)Cl)OCC(=O)O,"InChI=1S/C9H9ClO3/c1-6-4-7(10)2-3-8(6)13-5-9(11)12/h2-4H,5H2,1H3,(H,11,12)",WHKUVVPPKQRRBV-UHFFFAOYSA-N,Cc1cc(Cl)ccc1OCC(=O)O,WHKUVVPPKQRRBV-UHFFFAOYSA-N,WHKUVVPPKQRRBV,WHKUVVPPKQRRBV,1,resolved,resolved,False,PubChem CAS,"https://pubchem.ncbi.nlm.nih.gov/rest/pug/compound/name/94-74-6/property/InChIKey,InChI,IsomericSMILES/JSON",94-74-6,94-74-6,7204.0,True,True,True,True,2-(4-Chloro-2-methylphenoxy)acetic acid,ECOTOX,Contact,1.0,False,True,True
115-29-7,"6,7,8,9,10,10-Hexachloro-1,5,5a,6,9,9a-hexahydro-6,9-methano-2,4,3-benzodioxathiepin 3-oxide",C1C2C(COS(=O)O1)C3(C(=C(C2(C3(Cl)Cl)Cl)Cl)Cl)Cl,"InChI=1S/C9H6Cl6O3S/c10-5-6(11)8(13)4-2-18-19(16)17-1-3(4)7(5,12)9(8,14)15/h3-4H,1-2H2",RDYMFSUJUZBWLH-UHFFFAOYSA-N,O=S1OCC2C(CO1)C1(Cl)C(Cl)=C(Cl)C2(Cl)C1(Cl)Cl,RDYMFSUJUZBWLH-UHFFFAOYSA-N,RDYMFSUJUZBWLH,RDYMFSUJUZBWLH,1,resolved,resolved,False,PubChem CAS,"https://pubchem.ncbi.nlm.nih.gov/rest/pug/compound/name/115-29-7/property/InChIKey,InChI,IsomericSMILES/JSON",115-29-7,115-29-7,3224.0,True,True,True,False,,,,,True,True,True
121-75-5,"2-[(Dimethoxyphosphinothioyl)thio]butanedioic acid 1,4-diethyl ester",CCOC(=O)CC(SP(=S)(OC)OC)C(=O)OCC,"InChI=1/C10H19O6PS2/c1-5-15-9(11)7-8(10(12)16-6-2)19-17(18,13-3)14-4/h8H,5-7H2,1-4H3",,CCOC(=O)CC(SP(=S)(OC)OC)C(=O)OCC,JXSJBGJIGXNWCI-UHFFFAOYSA-N,JXSJBGJIGXNWCI,JXSJBGJIGXNWCI,1,resolved,resolved,False,OFT exact CAS,1f0bdb52-7dac-44ee-8603-5d19fecc8482,121-75-5,121-75-5,,True,True,True,True,"2-[(Dimethoxyphosphinothioyl)thio]butanedioic acid 1,4-diethyl ester",ECOTOX,Contact,3.0,True,True,True
133-06-2,"3a,4,7,7a-Tetrahydro-2-[(trichloromethyl)thio]-1H-isoindole-1,3-(2H)-dione",ClC(Cl)(Cl)SN1C(=O)C2CC=CCC2C1=O,"InChI=1S/C9H8Cl3NO2S/c10-9(11,12)16-13-7(14)5-3-1-2-4-6(5)8(13)15/h1-2,5-6H,3-4H2",,O=C1C2CC=CCC2C(=O)N1SC(Cl)(Cl)Cl,LDVVMCZRFWMZSG-UHFFFAOYSA-N,LDVVMCZRFWMZSG,LDVVMCZRFWMZSG,1,resolved,resolved,False,OFT exact CAS,87ad7f47-8cf1-4cb6-b6b9-ad69a25a269d,133-06-2,133-06-2,,True,True,True,True,Captan (Ref: SR 406),PPDB,Oral,1.0,False,True,True
298-04-4,"Phosphorodithioic acid, O,O-Diethyl-S-[2-(ethylthio)ethyl] ester",CCOP(=S)(OCC)SCCSCC,"InChI=1S/C8H19O2PS3/c1-4-9-11(12,10-5-2)14-8-7-13-6-3/h4-8H2,1-3H3",,CCOP(=S)(OCC)SCCSCC,DOFZAZXDOSGAJZ-UHFFFAOYSA-N,DOFZAZXDOSGAJZ,DOFZAZXDOSGAJZ,1,resolved,resolved,False,OFT exact CAS,0087ec1e-e045-4aaf-a2ea-52125b8b7629,298-04-4,298-04-4,,True,True,True,True,"Phosphorodithioic acid, O,O-Diethyl-S-[2-(ethylthio)ethyl] ester",ECOTOX,Contact,2.0,True,True,True
301-12-2,"Phosphorothioic acid, S-[2-(Ethylsulfinyl)ethyl] O,O-dimethyl ester",CCS(=O)CCSP(=O)(OC)OC,"InChI=1S/C6H15O4PS2/c1-4-13(8)6-5-12-11(7,9-2)10-3/h4-6H2,1-3H3",,CCS(=O)CCSP(=O)(OC)OC,PMCVMORKVPSKHZ-UHFFFAOYSA-N,PMCVMORKVPSKHZ,PMCVMORKVPSKHZ,1,resolved,resolved,False,OFT exact CAS,8c53f065-7a87-44ea-8827-699902fe5b82,301-12-2,301-12-2,,True,True,True,True,"Phosphorothioic acid, S-[2-(Ethylsulfinyl)ethyl] O,O-dimethyl ester",ECOTOX,Oral,3.0,True,True,False
510-15-6,4-Chloro-alpha-(4-chlorophenyl)-alpha-hydroxybenzeneacetic acid ethyl ester,CCOC(=O)C(C1=CC=C(C=C1)Cl)(C2=CC=C(C=C2)Cl)O,"InChI=1S/C16H14Cl2O3/c1-2-21-15(19)16(20,11-3-7-13(17)8-4-11)12-5-9-14(18)10-6-12/h3-10,20H,2H2,1H3",RAPBNVDSDCTNRC-UHFFFAOYSA-N,CCOC(=O)C(O)(c1ccc(Cl)cc1)c1ccc(Cl)cc1,RAPBNVDSDCTNRC-UHFFFAOYSA-N,RAPBNVDSDCTNRC,RAPBNVDSDCTNRC,1,resolved,resolved,False,PubChem CAS,"https://pubchem.ncbi.nlm.nih.gov/rest/pug/compound/name/510-15-6/property/InChIKey,InChI,IsomericSMILES/JSON",510-15-6,510-15-6,10522.0,True,True,True,True,Chlorobenzilate (Ref: ENT 18596),PPDB,Other,2.0,False,True,True
709-98-8,"N-(3,4-Dichlorophenyl)propanamide",CCC(=O)Nc1ccc(Cl)c(Cl)c1,"InChI=1S/C9H9Cl2NO/c1-2-9(13)12-6-3-4-7(10)8(11)5-6/h3-5H,2H2,1H3,(H,12,13)",,CCC(=O)Nc1ccc(Cl)c(Cl)c1,LFULEKSKNZEWOE-UHFFFAOYSA-N,LFULEKSKNZEWOE,LFULEKSKNZEWOE,1,resolved,resolved,False,OFT exact CAS,8e9c226c-3a5b-4fb3-88ef-73f69361b5f3,709-98-8,709-98-8,,True,True,True,True,"N-(3,4-Dichlorophenyl)propanamide",ECOTOX,Contact,1.0,False,True,False
1332-40-7,Copper chloride oxide hydrate,[OH-].[OH-].[OH-].[Cl-].[Cu+2].[Cu+2],InChI=1S/ClH.2Cu.3H2O/h1H;;;3*1H2/q;2*+2;;;/p-4,SKQUUKNCBWILCD-UHFFFAOYSA-J,[Cl-].[Cu+2].[Cu+2].[OH-].[OH-].[OH-],SKQUUKNCBWILCD-UHFFFAOYSA-J,SKQUUKNCBWILCD,XLYOFNOQVPJJNP,6,resolved,resolved,False,PubChem CAS,"https://pubchem.ncbi.nlm.nih.gov/rest/pug/compound/name/1332-40-7/property/InChIKey,InChI,IsomericSMILES/JSON",1332-40-7,1332-40-7,11969527.0,False,False,True,True,Copper oxychloride,PPDB,Oral,1.0,False,True,False
1646-88-4,2-Methyl-2-(methylsulfonyl)propanal O-[(methylamino)carbonyl]oxime,CC(C)(C=NOC(=O)NC)S(=O)(=O)C,"InChI=1S/C7H14N2O4S/c1-7(2,14(4,11)12)5-9-13-6(10)8-3/h5H,1-4H3,(H,8,10)",YRRKLBAKDXSTNC-UHFFFAOYSA-N,CNC(=O)ON=CC(C)(C)S(C)(=O)=O,YRRKLBAKDXSTNC-UHFFFAOYSA-N,YRRKLBAKDXSTNC,YRRKLBAKDXSTNC,1,resolved,resolved,False,PubChem CAS,"https://pubchem.ncbi.nlm.nih.gov/rest/pug/compound/name/1646-88-4/property/InChIKey,InChI,IsomericSMILES/JSON",1646-88-4,1646-88-4,15438.0,True,True,True,True,Aldoxycarb,PPDB,Contact,1.0,True,True,True
1918-00-9,"3,6-Dichloro-2-methyoxybenzoic acid",COC1=C(C=CC(=C1C(=O)O)Cl)Cl,"InChI=1S/C8H6Cl2O3/c1-13-7-5(10)3-2-4(9)6(7)8(11)12/h2-3H,1H3,(H,11,12)",,COc1c(Cl)ccc(Cl)c1C(=O)O,IWEDIXLBFLAXBO-UHFFFAOYSA-N,IWEDIXLBFLAXBO,IWEDIXLBFLAXBO,1,resolved,resolved,False,OFT exact CAS,cb133bdf-a78a-4e63-ad38-ddb53403de2b,1918-00-9,1918-00-9,,True,True,True,True,"3,6-Dichloro-2-methyoxybenzoic acid",ECOTOX,Contact,1.0,False,True,False
2164-17-2,"N,N-Dimethyl-N'-[3-(trifluoromethyl)phenyl]urea",CN(C)C(=O)Nc1cccc(c1)C(F)(F)F,"InChI=1/C10H11F3N2O/c1-15(2)9(16)14-8-5-3-4-7(6-8)10(11,12)13/h3-6H,1-2H3,(H,14,16)",,CN(C)C(=O)Nc1cccc(C(F)(F)F)c1,RZILCCPWPBTYDO-UHFFFAOYSA-N,RZILCCPWPBTYDO,RZILCCPWPBTYDO,1,resolved,resolved,False,OFT exact CAS,f8ae73f4-7869-4774-a3b2-8a99b7eddf56,2164-17-2,2164-17-2,,True,True,True,True,"N,N-Dimethyl-N'-[3-(trifluoromethyl)phenyl]urea",ECOTOX,Contact,1.0,False,True,True
2310-17-0,"S-[(6-Chloro-2-oxo-3(2H)-benzoxazolyl)methyl]O,O-diethyl ester phosphorodithioic acid",CCOP(=S)(OCC)SCN1C(=O)Oc2cc(Cl)ccc12,"InChI=1/C12H15ClNO4PS2/c1-3-16-19(20,17-4-2)21-8-14-10-6-5-9(13)7-11(10)18-12(14)15/h5-7H,3-4,8H2,1-2H3",,CCOP(=S)(OCC)SCn1c(=O)oc2cc(Cl)ccc21,IOUNQDKNJZEDEP-UHFFFAOYSA-N,IOUNQDKNJZEDEP,IOUNQDKNJZEDEP,1,resolved,resolved,False,OFT exact CAS,edb0f621-210b-49e4-a5b6-ed836f9d3d7e,2310-17-0,2310-17-0,,True,True,True,True,"S-[(6-Chloro-2-oxo-3(2H)-benzoxazolyl)methyl]O,O-diethyl ester phosphorodithioic acid",ECOTOX,Contact,2.0,False,True,False
2312-35-8,"2-[4-(1,1-Dimethylethyl)phenoxy]cyclohexyl 2-propynyl ester sulfurous acid",CC(C)(C)c1ccc(cc1)OC2CCCCC2OS(=O)OCC#C,"InChI=1S/C19H26O4S/c1-5-14-21-24(20)23-18-9-7-6-8-17(18)22-16-12-10-15(11-13-16)19(2,3)4/h1,10-13,17-18H,6-9,14H2,2-4H3",,C#CCOS(=O)OC1CCCCC1Oc1ccc(C(C)(C)C)cc1,ZYHMJXZULPZUED-UHFFFAOYSA-N,ZYHMJXZULPZUED,ZYHMJXZULPZUED,1,resolved,resolved,False,OFT exact CAS,6b61486e-67ab-45ca-8b6d-10b1cbb47bad,2312-35-8,2312-35-8,,True,True,True,True,"2-[4-(1,1-Dimethylethyl)phenoxy]cyclohexyl 2-propynyl ester sulfurous acid",ECOTOX,Contact,1.0,False,True,True
2795-39-3,"1,1,2,2,3,3,4,4,5,5,6,6,7,7,8,8,8-Heptadecafluoro-1-octanesulfonic acid potassium salt",C(C(C(C(C(F)(F)S(=O)(=O)[O-])(F)F)(F)F)(F)F)(C(C(C(F)(F)F)(F)F)(F)F)(F)F.[K+],"InChI=1S/C8HF17O3S.K/c9-1(10,3(13,14)5(17,18)7(21,22)23)2(11,12)4(15,16)6(19,20)8(24,25)29(26,27)28;/h(H,26,27,28);/q;+1/p-1",WFRUBUQWJYMMRQ-UHFFFAOYSA-M,O=S(=O)([O-])C(F)(F)C(F)(F)C(F)(F)C(F)(F)C(F)(F)C(F)(F)C(F)(F)C(F)(F)F.[K+],WFRUBUQWJYMMRQ-UHFFFAOYSA-M,WFRUBUQWJYMMRQ,YFSUTJLHUFNCNZ,2,resolved,resolved,False,PubChem CAS,"https://pubchem.ncbi.nlm.nih.gov/rest/pug/compound/name/2795-39-3/property/InChIKey,InChI,IsomericSMILES/JSON",2795-39-3,2795-39-3,23669238.0,True,True,True,True,"1,1,2,2,3,3,4,4,5,5,6,6,7,7,8,8,8-Heptadecafluoro-1-octanesulfonic acid potassium salt",ECOTOX,Oral,3.0,False,True,False
5326-23-8,6-Chloro-3-pyridinecarboxylic acid,C1=CC(=NC=C1C(=O)O)Cl,"InChI=1S/C6H4ClNO2/c7-5-2-1-4(3-8-5)6(9)10/h1-3H,(H,9,10)",,O=C(O)c1ccc(Cl)nc1,UAWMVMPAYRWUFX-UHFFFAOYSA-N,UAWMVMPAYRWUFX,UAWMVMPAYRWUFX,1,resolved,resolved,False,OFT exact CAS,00f60248-4a94-4427-808e-bdce9a78cf90,5326-23-8,5326-23-8,,True,True,True,True,6-Chloro-3-pyridinecarboxylic acid,ECOTOX,Contact,1.0,True,True,True
8001-35-2,Toxaphene,C=C1C(C2(C(C(C1(C2(Cl)Cl)Cl)Cl)Cl)Cl)(CCl)CCl,"InChI=1S/C10H8Cl8/c1-4-7(2-11,3-12)9(16)6(14)5(13)8(4,15)10(9,17)18/h5-6H,1-3H2",OEJNXTAZZBRGDN-UHFFFAOYSA-N,C=C1C(CCl)(CCl)C2(Cl)C(Cl)C(Cl)C1(Cl)C2(Cl)Cl,OEJNXTAZZBRGDN-UHFFFAOYSA-N,OEJNXTAZZBRGDN,OEJNXTAZZBRGDN,1,resolved,resolved,False,PubChem CAS,"https://pubchem.ncbi.nlm.nih.gov/rest/pug/compound/name/8001-35-2/property/InChIKey,InChI,IsomericSMILES/JSON",8001-35-2,8001-35-2,5284469.0,False,False,False,True,Camphechlor (Ref: Hercules 3956),PPDB,Contact,3.0,True,True,False
10124-65-9,Potassium dodecanoate,CCCCCCCCCCCC(=O)[O-].[K+],"InChI=1S/C12H24O2.K/c1-2-3-4-5-6-7-8-9-10-11-12(13)14;/h2-11H2,1H3,(H,13,14);/q;+1/p-1",HIDKSOTTZRMUML-UHFFFAOYSA-M,CCCCCCCCCCCC(=O)[O-].[K+],HIDKSOTTZRMUML-UHFFFAOYSA-M,HIDKSOTTZRMUML,POULHZVOKOAJMA,2,resolved,resolved,False,PubChem CAS,"https://pubchem.ncbi.nlm.nih.gov/rest/pug/compound/name/10124-65-9/property/InChIKey,InChI,IsomericSMILES/JSON",10124-65-9,10124-65-9,23675775.0,False,False,False,False,,,,,True,True,False
10265-92-6,"Phosphoramidothioic acid, O,S-Dimethyl ester",COP(=O)(N)SC,"InChI=1S/C2H8NO2PS/c1-5-6(3,4)7-2/h1-2H3,(H2,3,4)",,COP(N)(=O)SC,NNKVPIKMPCQWCG-UHFFFAOYSA-N,NNKVPIKMPCQWCG,NNKVPIKMPCQWCG,1,resolved,resolved,False,OFT exact CAS,335ee5e4-2e4d-4cb2-a6b3-6aff8e145537,10265-92-6,10265-92-6,,True,True,True,True,"Phosphoramidothioic acid, O,S-Dimethyl ester",ECOTOX,Other,3.0,True,True,True
10311-84-9,"S-[2-Chloro-1-(1,3-dihydro-1,3-dioxo-2H-isoindol-2-yl)ethyl], O,O-diethyl ester phosphorodithioic acid",CCOP(=S)(OCC)SC(CCl)N1C(=O)C2=CC=CC=C2C1=O,"InChI=1S/C14H17ClNO4PS2/c1-3-19-21(22,20-4-2)23-12(9-15)16-13(17)10-7-5-6-8-11(10)14(16)18/h5-8,12H,3-4,9H2,1-2H3",MUMQYXACQUZOFP-UHFFFAOYSA-N,CCOP(=S)(OCC)SC(CCl)N1C(=O)c2ccccc2C1=O,MUMQYXACQUZOFP-UHFFFAOYSA-N,MUMQYXACQUZOFP,MUMQYXACQUZOFP,1,resolved,resolved,False,PubChem CAS,"https://pubchem.ncbi.nlm.nih.gov/rest/pug/compound/name/10311-84-9/property/InChIKey,InChI,IsomericSMILES/JSON",10311-84-9,10311-84-9,25146.0,True,True,True,True,Dialifos (Ref: AC 14503),PPDB,Contact,3.0,False,True,False
17804-35-2,"N-[1-[(Butylamino)carbonyl]-1H-benzimidazol-2-yl]carbamic acid, Methyl ester",CCCCNC(=O)N1C2=CC=CC=C2N=C1NC(=O)OC,"InChI=1S/C14H18N4O3/c1-3-4-9-15-13(19)18-11-8-6-5-7-10(11)16-12(18)17-14(20)21-2/h5-8H,3-4,9H2,1-2H3,(H,15,19)(H,16,17,20)",RIOXQFHNBCKOKP-UHFFFAOYSA-N,CCCCNC(=O)n1c(NC(=O)OC)nc2ccccc21,RIOXQFHNBCKOKP-UHFFFAOYSA-N,RIOXQFHNBCKOKP,RIOXQFHNBCKOKP,1,resolved,resolved,False,PubChem CAS,"https://pubchem.ncbi.nlm.nih.gov/rest/pug/compound/name/17804-35-2/property/InChIKey,InChI,IsomericSMILES/JSON",17804-35-2,17804-35-2,28780.0,True,True,True,True,"N-[1-[(Butylamino)carbonyl]-1H-benzimidazol-2-yl]carbamic acid, Methyl ester",ECOTOX,Oral,2.0,False,True,True
23103-98-2,"Dimethylcarbamic acid, 2-(Dimethylamino)-5,6-dimethyl-4-pyrimidinyl ester",CC1=C(N=C(N=C1OC(=O)N(C)C)N(C)C)C,InChI=1S/C11H18N4O2/c1-7-8(2)12-10(14(3)4)13-9(7)17-11(16)15(5)6/h1-6H3,,Cc1nc(N(C)C)nc(OC(=O)N(C)C)c1C,YFGYUFNIOHWBOB-UHFFFAOYSA-N,YFGYUFNIOHWBOB,YFGYUFNIOHWBOB,1,resolved,resolved,False,OFT exact CAS,7d74635d-609c-4c48-9163-f177290afd8d,23103-98-2,23103-98-2,,True,True,True,True,Pirimicarb (Ref: OMS 1330),PPDB,Oral,2.0,False,True,False
23422-53-9,"N,N-Dimethyl-N'-[3[[(methylamino)carbonyl]oxy]phenyl]methanimidamide hydrochloride (1:1)",CNC(=O)OC1=CC=CC(=C1)N=CN(C)C.Cl,"InChI=1S/C11H15N3O2.ClH/c1-12-11(15)16-10-6-4-5-9(7-10)13-8-14(2)3;/h4-8H,1-3H3,(H,12,15);1H",,CNC(=O)Oc1cccc(N=CN(C)C)c1.Cl,MYPKGPZHHQEODQ-UHFFFAOYSA-N,MYPKGPZHHQEODQ,RMFNNCGOSPBBAD,2,resolved,resolved,False,OFT exact CAS,2265385e-20a4-4937-868e-9a71ce466f05,23422-53-9,23422-53-9,,True,True,True,True,"N,N-Dimethyl-N'-[3[[(methylamino)carbonyl]oxy]phenyl]methanimidamide hydrochloride (1:1)",ECOTOX,Oral,3.0,True,True,True
23564-05-8,"N,N'-[1,2-Phenylenebis(iminocarbonothioyl)]bis-C,C'- dimethyl ester carbamic acid",COC(=O)NC(=S)NC1=CC=CC=C1NC(=S)NC(=O)OC,"InChI=1/C12H14N4O4S2/c1-19-11(17)15-9(21)13-7-5-3-4-6-8(7)14-10(22)16-12(18)20-2/h3-6H,1-2H3,(H2,13,15,17,21)(H2,14,16,18,22)",,COC(=O)NC(=S)Nc1ccccc1NC(=S)NC(=O)OC,QGHREAKMXXNCOA-UHFFFAOYSA-N,QGHREAKMXXNCOA,QGHREAKMXXNCOA,1,resolved,resolved,False,OFT exact CAS,5e1abe84-579f-4d13-beda-ee3d89b10cb4,23564-05-8,23564-05-8,,True,True,True,True,"N,N'-[1,2-Phenylenebis(iminocarbonothioyl)]bis-C,C'- dimethyl ester carbamic acid",ECOTOX,Contact,1.0,False,True,True
35367-38-5,"N-[[(4-Chlorophenyl)amino]carbonyl]-2,6-difluorobenzamide",Fc1cccc(F)c1C(=O)NC(=O)Nc2ccc(Cl)cc2,"InChI=1S/C14H9ClF2N2O2/c15-8-4-6-9(7-5-8)18-14(21)19-13(20)12-10(16)2-1-3-11(12)17/h1-7H,(H2,18,19,20,21)",,O=C(NC(=O)c1c(F)cccc1F)Nc1ccc(Cl)cc1,QQQYTWIFVNKMRW-UHFFFAOYSA-N,QQQYTWIFVNKMRW,QQQYTWIFVNKMRW,1,resolved,resolved,False,OFT exact CAS,386e90a2-df89-4610-b4cb-2b7b579f2984,35367-38-5,35367-38-5,,True,True,True,True,Diflubenzuron (Ref: OMS 1804),PPDB,Oral,2.0,True,True,False
52508-35-7,"2,3:4,6-bis-O-(1-Methylethylidene)-alpha-L-xylo-2-hexulofuranosonic acid, Sodium salt",CC1(OC[C@H]2[C@@H](O1)[C@H]3[C@@](O2)(OC(O3)(C)C)C(=O)[O-])C.[Na+],"InChI=1S/C12H18O7.Na/c1-10(2)15-5-6-7(17-10)8-12(16-6,9(13)14)19-11(3,4)18-8;/h6-8H,5H2,1-4H3,(H,13,14);/q;+1/p-1/t6-,7+,8-,12+;/m0./s1",DEWVPZYHFVYXMZ-QCILGFJPSA-M,CC1(C)OC[C@@H]2O[C@@]3(C(=O)[O-])OC(C)(C)O[C@H]3[C@@H]2O1.[Na+],DEWVPZYHFVYXMZ-QCILGFJPSA-M,DEWVPZYHFVYXMZ,FWCBATIDXGJRMF,2,resolved,resolved,False,PubChem CAS,"https://pubchem.ncbi.nlm.nih.gov/rest/pug/compound/name/52508-35-7/property/InChIKey,InChI,IsomericSMILES/JSON",52508-35-7,52508-35-7,23667639.0,False,True,True,True,"2,3:4,6-bis-O-(1-Methylethylidene)-alpha-L-xylo-2-hexulofuranosonic acid, Sodium salt",ECOTOX,Contact,1.0,False,True,False
52918-63-5,"(1R,3R)-3-(2,2-Dibromoethenyl)-2,2-dimethylcyclopropanecarboxylic acid (S)cyano(3-phenoxyphenyl)methyl ester",CC1(C(C1C(=O)OC(C#N)C2=CC(=CC=C2)OC3=CC=CC=C3)C=C(Br)Br)C,"InChI=1S/C22H19Br2NO3/c1-22(2)17(12-19(23)24)20(22)21(26)28-18(13-25)14-7-6-10-16(11-14)27-15-8-4-3-5-9-15/h3-12,17-18,20H,1-2H3/t17-,18+,20-/m0/s1",,CC1(C)C(C=C(Br)Br)C1C(=O)OC(C#N)c1cccc(Oc2ccccc2)c1,OWZREIFADZCYQD-UHFFFAOYSA-N,OWZREIFADZCYQD,OWZREIFADZCYQD,1,resolved,resolved,True,OFT exact CAS,568fa7a1-72dc-4c15-aba0-2d017f4c0ef8,52918-63-5,52918-63-5,,True,True,True,True,"(1R,3R)-3-(2,2-Dibromoethenyl)-2,2-dimethylcyclopropanecarboxylic acid (S)cyano(3-phenoxyphenyl)methyl ester",ECOTOX,Other,3.0,True,True,True
57960-19-7,"2-(Acetyloxy)-3-dodecyl-1,4-naphthalenedione",CC(=O)OC2=C(CCCCCCCCCCCC)C(=O)c1ccccc1C2=O,"InChI=1S/C24H32O4/c1-3-4-5-6-7-8-9-10-11-12-17-21-22(26)19-15-13-14-16-20(19)23(27)24(21)28-18(2)25/h13-16H,3-12,17H2,1-2H3",,CCCCCCCCCCCCC1=C(OC(C)=O)C(=O)c2ccccc2C1=O,QDRXWCAVUNHOGA-UHFFFAOYSA-N,QDRXWCAVUNHOGA,QDRXWCAVUNHOGA,1,resolved,resolved,False,OFT exact CAS,e5c48ac5-2c2b-4daa-8342-60280fb27f53,57960-19-7,57960-19-7,,True,True,True,True,"2-(Acetyloxy)-3-dodecyl-1,4-naphthalenedione",ECOTOX,Contact,0.0,True,True,True
59669-26-0,"N,N'-[Thiobis[(methylimino)carbonyloxy]]bisethanimidothioic acid dimethyl ester",CC(=NOC(=O)N(C)SN(C)C(=O)ON=C(C)SC)SC,InChI=1S/C10H18N4O4S3/c1-7(19-5)11-17-9(15)13(3)21-14(4)10(16)18-12-8(2)20-6/h1-6H3,,CSC(C)=NOC(=O)N(C)SN(C)C(=O)ON=C(C)SC,XDOTVMNBCQVZKG-UHFFFAOYSA-N,XDOTVMNBCQVZKG,XDOTVMNBCQVZKG,1,resolved,resolved,False,OFT exact CAS,24e08315-b0b6-42ce-a2a5-ec5af7e9e0ff,59669-26-0,59669-26-0,,True,True,True,True,"N,N'-[Thiobis[(methylimino)carbonyloxy]]bisethanimidothioic acid dimethyl ester",ECOTOX,Oral,3.0,True,True,False
68157-60-8,N-(2-Chloro-4-pyridinyl)-N'-phenylurea  ,C1=CC=C(C=C1)NC(=O)NC2=CC(=NC=C2)Cl,"InChI=1S/C12H10ClN3O/c13-11-8-10(6-7-14-11)16-12(17)15-9-4-2-1-3-5-9/h1-8H,(H2,14,15,16,17)",,O=C(Nc1ccccc1)Nc1ccnc(Cl)c1,GPXLRLUVLMHHIK-UHFFFAOYSA-N,GPXLRLUVLMHHIK,GPXLRLUVLMHHIK,1,resolved,resolved,False,OFT exact CAS,9439b67b-70b6-427f-9204-aa195667142c,68157-60-8,68157-60-8,,True,True,True,True,N-(2-Chloro-4-pyridinyl)-N'-phenylurea  ,ECOTOX,Contact,1.0,False,True,False
71422-67-8,"N-[[[3,5-Dichloro-4-[[3-chloro-5-(trifluoromethyl)-2-pyridinyl]oxy]phenyl]amino]carbonyl]-2,6-difluorobenzamide",C1=CC(=C(C(=C1)F)C(=O)NC(=O)NC2=CC(=C(C(=C2)Cl)OC3=C(C=C(C=N3)C(F)(F)F)Cl)Cl)F,"InChI=1S/C20H9Cl3F5N3O3/c21-10-5-9(30-19(33)31-17(32)15-13(24)2-1-3-14(15)25)6-11(22)16(10)34-18-12(23)4-8(7-29-18)20(26,27)28/h1-7H,(H2,30,31,32,33)",UISUNVFOGSJSKD-UHFFFAOYSA-N,O=C(NC(=O)c1c(F)cccc1F)Nc1cc(Cl)c(Oc2ncc(C(F)(F)F)cc2Cl)c(Cl)c1,UISUNVFOGSJSKD-UHFFFAOYSA-N,UISUNVFOGSJSKD,UISUNVFOGSJSKD,1,resolved,resolved,False,PubChem CAS,"https://pubchem.ncbi.nlm.nih.gov/rest/pug/compound/name/71422-67-8/property/InChIKey,InChI,IsomericSMILES/JSON",71422-67-8,71422-67-8,91708.0,True,True,True,True,Chlorfluazuron (Ref: CGA 112913),PPDB,Oral,1.0,True,True,True
74051-80-2,2-[1-(Ethoxyimino)butyl]-5-[2-(ethylthio)propyl]-3-hydroxy-2-cyclohexen-1-one,CCC/C(=N\OCC)/C1=C(CC(CC1=O)CC(C)SCC)O,"InChI=1S/C17H29NO3S/c1-5-8-14(18-21-6-2)17-15(19)10-13(11-16(17)20)9-12(4)22-7-3/h12-13,19H,5-11H2,1-4H3/b18-14+",CSPPKDPQLUUTND-NBVRZTHBSA-N,CCC/C(=N\OCC)C1=C(O)CC(CC(C)SCC)CC1=O,CSPPKDPQLUUTND-NBVRZTHBSA-N,CSPPKDPQLUUTND,CSPPKDPQLUUTND,1,resolved,resolved,False,PubChem CAS,"https://pubchem.ncbi.nlm.nih.gov/rest/pug/compound/name/74051-80-2/property/InChIKey,InChI,IsomericSMILES/JSON",74051-80-2,74051-80-2,135491830.0,False,False,False,True,Sethoxydim (Ref: BAS 9052H),PPDB,Contact,2.0,False,True,True
76674-21-0,"alpha-(2-Fluorophenyl)-alpha-(4-fluorophenyl)-1H-1,2,4-triazole-1-ethanol",OC(CN1N=CN=C1)(C(C=C2)=CC=C2F)C(C=CC=C3)=C3F,"InChI=1S/C16H13F2N3O/c17-13-7-5-12(6-8-13)16(22,9-21-11-19-10-20-21)14-3-1-2-4-15(14)18/h1-8,10-11,22H,9H2",,OC(Cn1cncn1)(c1ccc(F)cc1)c1ccccc1F,JWUCHKBSVLQQCO-UHFFFAOYSA-N,JWUCHKBSVLQQCO,JWUCHKBSVLQQCO,1,resolved,resolved,False,OFT exact CAS,fda826c5-bf0a-474d-80a3-2237dbd6fbbb,76674-21-0,76674-21-0,,True,True,True,True,Flutriafol (Ref: PP 450),PPDB,Oral,2.0,False,True,True
86479-06-3,"N-[[[3,5-Dichloro-4-(1,1,2,2-tetrafluoroethoxy)phenyl]amino]carbonyl]-2,6-difluorobenzamide",C1=CC(=C(C(=C1)F)C(=O)NC(=O)NC2=CC(=C(C(=C2)Cl)OC(C(F)F)(F)F)Cl)F,"InChI=1S/C16H8Cl2F6N2O3/c17-7-4-6(5-8(18)12(7)29-16(23,24)14(21)22)25-15(28)26-13(27)11-9(19)2-1-3-10(11)20/h1-5,14H,(H2,25,26,27,28)",RGNPBRKPHBKNKX-UHFFFAOYSA-N,O=C(NC(=O)c1c(F)cccc1F)Nc1cc(Cl)c(OC(F)(F)C(F)F)c(Cl)c1,RGNPBRKPHBKNKX-UHFFFAOYSA-N,RGNPBRKPHBKNKX,RGNPBRKPHBKNKX,1,resolved,resolved,False,PubChem CAS,"https://pubchem.ncbi.nlm.nih.gov/rest/pug/compound/name/86479-06-3/property/InChIKey,InChI,IsomericSMILES/JSON",86479-06-3,86479-06-3,91741.0,True,True,True,True,Hexaflumuron (Ref: XRD 473),PPDB,Oral,1.0,False,True,False
95737-68-1,2-[1-Methyl-2-(4-phenoxyphenoxy)ethoxy]pyridine,CC(COC1=CC=C(C=C1)OC2=CC=CC=C2)OC3=CC=CC=N3,"InChI=1S/C20H19NO3/c1-16(23-20-9-5-6-14-21-20)15-22-17-10-12-19(13-11-17)24-18-7-3-2-4-8-18/h2-14,16H,15H2,1H3",,CC(COc1ccc(Oc2ccccc2)cc1)Oc1ccccn1,NHDHVHZZCFYRSB-UHFFFAOYSA-N,NHDHVHZZCFYRSB,NHDHVHZZCFYRSB,1,resolved,resolved,False,OFT exact CAS,48f24d64-64be-4e36-b9ff-5c82404fbfd6,95737-68-1,95737-68-1,,True,True,True,True,2-[1-Methyl-2-(4-phenoxyphenoxy)ethoxy]pyridine,ECOTOX,Contact,1.0,False,True,False
102851-06-9,N-[2-Chloro-4-(trifluoromethyl)phenyl]-D-valine cyano(3-phenoxyphenyl)methyl ester,CC(C)[C@H](C(=O)OC(C#N)C1=CC(=CC=C1)OC2=CC=CC=C2)NC3=C(C=C(C=C3)C(F)(F)F)Cl,"InChI=1S/C26H22ClF3N2O3/c1-16(2)24(32-22-12-11-18(14-21(22)27)26(28,29)30)25(33)35-23(15-31)17-7-6-10-20(13-17)34-19-8-4-3-5-9-19/h3-14,16,23-24,32H,1-2H3/t23?,24-/m1/s1",,CC(C)[C@@H](Nc1ccc(C(F)(F)F)cc1Cl)C(=O)OC(C#N)c1cccc(Oc2ccccc2)c1,INISTDXBRIBGOC-XMMISQBUSA-N,INISTDXBRIBGOC,INISTDXBRIBGOC,1,resolved,resolved,False,OFT exact CAS,7400e8b4-d460-409f-9a18-8b1ae7da89a4,102851-06-9,102851-06-9,,False,True,True,True,Tau-fluvalinate (Ref: SAN 527l),PPDB,Contact,1.0,False,True,False
104206-82-8,"2-[4-(Methylsulfonyl)-2-nitrobenzoyl]-1,3-cyclohexanedione",CS(=O)(=O)C1=CC(=C(C=C1)C(=O)C2C(=O)CCCC2=O)[N+](=O)[O-],"InChI=1S/C14H13NO7S/c1-23(21,22)8-5-6-9(10(7-8)15(19)20)14(18)13-11(16)3-2-4-12(13)17/h5-7,13H,2-4H2,1H3",,CS(=O)(=O)c1ccc(C(=O)C2C(=O)CCCC2=O)c([N+](=O)[O-])c1,KPUREKXXPHOJQT-UHFFFAOYSA-N,KPUREKXXPHOJQT,KPUREKXXPHOJQT,1,resolved,resolved,False,OFT exact CAS,4ba573d8-ed39-4819-8240-6d03591c79a4,104206-82-8,104206-82-8,,True,True,True,True,Mesotrione (Ref: ZA 1296),PPDB,Oral,2.0,False,True,False
112281-77-3,"1-[2-(2,4-Dichlorophenyl)-3-(1,1,2,2-tetrafluoroethoxy)propyl]-1H-1,2,4-triazole",C1=CC(=C(C=C1Cl)Cl)C(CN2C=NC=N2)COC(C(F)F)(F)F,"InChI=1S/C13H11Cl2F4N3O/c14-9-1-2-10(11(15)3-9)8(4-22-7-20-6-21-22)5-23-13(18,19)12(16)17/h1-3,6-8,12H,4-5H2",,FC(F)C(F)(F)OCC(Cn1cncn1)c1ccc(Cl)cc1Cl,LQDARGUHUSPFNL-UHFFFAOYSA-N,LQDARGUHUSPFNL,LQDARGUHUSPFNL,1,resolved,resolved,False,OFT exact CAS,62734a92-8cdd-4cb2-b9ab-a41433e4660e,112281-77-3,112281-77-3,,True,True,True,True,"1-[2-(2,4-Dichlorophenyl)-3-(1,1,2,2-tetrafluoroethoxy)propyl]-1H-1,2,4-triazole",ECOTOX,Oral,1.0,False,True,False
116714-46-6,"N-[[[3-Chloro-4-[1,1,2-trifluoro-2-(trifluoromethoxy)ethoxy]phenyl]amino]carbonyl]-2,6-difluorobenzamide",O=C(C(C(F)=CC=C1)=C1F)NC(NC2=CC(Cl)=C(C=C2)OC(F)(F)C(F)OC(F)(F)F)=O,"InChI=1S/C17H9ClF8N2O4/c18-8-6-7(4-5-11(8)31-16(22,23)14(21)32-17(24,25)26)27-15(30)28-13(29)12-9(19)2-1-3-10(12)20/h1-6,14H,(H2,27,28,29,30)",,O=C(NC(=O)c1c(F)cccc1F)Nc1ccc(OC(F)(F)C(F)OC(F)(F)F)c(Cl)c1,NJPPVKZQTLUDBO-UHFFFAOYSA-N,NJPPVKZQTLUDBO,NJPPVKZQTLUDBO,1,resolved,resolved,False,OFT exact CAS,bfdbf55e-f336-48ca-9a16-f3f3ac5bee22,116714-46-6,116714-46-6,,True,True,True,True,"N-[[[3-Chloro-4-[1,1,2-trifluoro-2-(trifluoromethoxy)ethoxy]phenyl]amino]carbonyl]-2,6-difluorobenzamide",ECOTOX,Contact,0.0,True,True,True
117428-22-5,(alphaE)-alpha-(Methoxymethylene)-2-[[[6-(trifluoromethyl)-2-pyridinyl]oxy]methyl]benzeneacetic acid methyl ester,O=C(/C(C1=C(COC2=NC(C(F)(F)F)=CC=C2)C=CC=C1)=C/OC)OC,"InChI=1S/C18H16F3NO4/c1-24-11-14(17(23)25-2)13-7-4-3-6-12(13)10-26-16-9-5-8-15(22-16)18(19,20)21/h3-9,11H,10H2,1-2H3/b14-11+",,CO/C=C(/C(=O)OC)c1ccccc1COc1cccc(C(F)(F)F)n1,IBSNKSODLGJUMQ-SDNWHVSQSA-N,IBSNKSODLGJUMQ,IBSNKSODLGJUMQ,1,resolved,resolved,False,OFT exact CAS,ee9add0f-5298-4024-8a3b-322bcff5b9b8,117428-22-5,117428-22-5,,False,True,True,True,(alphaE)-alpha-(Methoxymethylene)-2-[[[6-(trifluoromethyl)-2-pyridinyl]oxy]methyl]benzeneacetic acid methyl ester,ECOTOX,Contact,0.0,False,True,True
119446-68-3,"1-[[2-[2-Chloro-4-(4-chlorophenoxyl)phenyl]-4-methyl-1,3-dioxolan-2-yl]methyl]-1H-1,2,4-triazole",CC1COC(O1)(CN2C=NC=N2)C3=C(C=C(C=C3)OC4=CC=C(C=C4)Cl)Cl,"InChI=1S/C19H17Cl2N3O3/c1-13-9-25-19(27-13,10-24-12-22-11-23-24)17-7-6-16(8-18(17)21)26-15-4-2-14(20)3-5-15/h2-8,11-13H,9-10H2,1H3",,CC1COC(Cn2cncn2)(c2ccc(Oc3ccc(Cl)cc3)cc2Cl)O1,BQYJATMQXGBDHF-UHFFFAOYSA-N,BQYJATMQXGBDHF,BQYJATMQXGBDHF,1,resolved,resolved,False,OFT exact CAS,a559deae-8584-403d-99b5-1926f72524c9,119446-68-3,119446-68-3,,True,True,True,True,"1-[[2-[2-Chloro-4-(4-chlorophenoxyl)phenyl]-4-methyl-1,3-dioxolan-2-yl]methyl]-1H-1,2,4-triazole",ECOTOX,Contact,1.0,False,True,False
120868-66-8,1-[(6-Chloro-3-pyridinyl)methyl]-2-imidazolidinone,C1CN(C(=O)N1)CC2=CN=C(C=C2)Cl,"InChI=1S/C9H10ClN3O/c10-8-2-1-7(5-12-8)6-13-4-3-11-9(13)14/h1-2,5H,3-4,6H2,(H,11,14)",ADWTYURAFSWNSU-UHFFFAOYSA-N,O=C1NCCN1Cc1ccc(Cl)nc1,ADWTYURAFSWNSU-UHFFFAOYSA-N,ADWTYURAFSWNSU,ADWTYURAFSWNSU,1,resolved,resolved,False,PubChem CAS,"https://pubchem.ncbi.nlm.nih.gov/rest/pug/compound/name/120868-66-8/property/InChIKey,InChI,IsomericSMILES/JSON",120868-66-8,120868-66-8,15390532.0,False,False,False,False,,,,,True,True,False
123312-89-0,"4,5-Dihydro-6-methyl-4-[(E)-(3-pyridinylmethylene)amino]-1,2,4-triazin-3(2H)-one",CC1=NNC(=O)N(C1)N=CC2=CN=CC=C2,"InChI=1S/C10H11N5O/c1-8-7-15(10(16)14-13-8)12-6-9-3-2-4-11-5-9/h2-6H,7H2,1H3,(H,14,16)/b12-6+",,CC1=NNC(=O)N(N=Cc2cccnc2)C1,QHMTXANCGGJZRX-UHFFFAOYSA-N,QHMTXANCGGJZRX,QHMTXANCGGJZRX,1,resolved,resolved,True,OFT exact CAS,b9874c33-e123-4875-9e3e-c01f5e3cdd82,123312-89-0,123312-89-0,,True,True,True,True,"4,5-Dihydro-6-methyl-4-[(E)-(3-pyridinylmethylene)amino]-1,2,4-triazin-3(2H)-one",ECOTOX,Oral,1.0,True,True,True
129909-90-6,"4-Amino-N-(1,1-dimethylethyl)-4,5-dihydro-3-(1-methylethyl)-5-oxo-1H-1,2,4-triazole-1-carboxamide",CC(C)C1=NN(C(=O)N1N)C(=O)NC(C)(C)C,"InChI=1S/C10H19N5O2/c1-6(2)7-13-15(9(17)14(7)11)8(16)12-10(3,4)5/h6H,11H2,1-5H3,(H,12,16)",ORFPWVRKFLOQHK-UHFFFAOYSA-N,CC(C)c1nn(C(=O)NC(C)(C)C)c(=O)n1N,ORFPWVRKFLOQHK-UHFFFAOYSA-N,ORFPWVRKFLOQHK,ORFPWVRKFLOQHK,1,resolved,resolved,False,PubChem CAS,"https://pubchem.ncbi.nlm.nih.gov/rest/pug/compound/name/129909-90-6/property/InChIKey,InChI,IsomericSMILES/JSON",129909-90-6,129909-90-6,153920.0,True,True,True,True,"4-Amino-N-(1,1-dimethylethyl)-4,5-dihydro-3-(1-methylethyl)-5-oxo-1H-1,2,4-triazole-1-carboxamide",ECOTOX,Contact,0.0,False,True,False
134098-61-6,"4-[[[(E)-[(1,3-Dimethyl-5-phenoxy-1H-pyrazol-4-yl)methylene]amino]oxy]methyl]benzoic acid, 1,1-Dimethylethyl ester",CC1=NN(C(=C1/C=N/OCC2=CC=C(C=C2)C(=O)OC(C)(C)C)OC3=CC=CC=C3)C,"InChI=1S/C24H27N3O4/c1-17-21(22(27(5)26-17)30-20-9-7-6-8-10-20)15-25-29-16-18-11-13-19(14-12-18)23(28)31-24(2,3)4/h6-15H,16H2,1-5H3/b25-15+",,Cc1nn(C)c(Oc2ccccc2)c1/C=N/OCc1ccc(C(=O)OC(C)(C)C)cc1,YYJNOYZRYGDPNH-MFKUBSTISA-N,YYJNOYZRYGDPNH,YYJNOYZRYGDPNH,1,resolved,resolved,False,OFT exact CAS,8786e4d6-0092-4474-b273-48808f40c5ae,134098-61-6,134098-61-6,,False,True,True,True,Fenpyroximate (Ref: NNI 850),PPDB,Contact,1.0,False,True,True
135410-20-7,(1E)-N-[(6-Chloro-3-pyridinyl)methyl]-N'-cyano-N-methylethanimidamide,CC(=NC#N)N(C)CC1=CN=C(C=C1)Cl,"InChI=1S/C10H11ClN4/c1-8(14-7-12)15(2)6-9-3-4-10(11)13-5-9/h3-5H,6H2,1-2H3",,CC(=NC#N)N(C)Cc1ccc(Cl)nc1,WCXDHFDTOYPNIE-UHFFFAOYSA-N,WCXDHFDTOYPNIE,WCXDHFDTOYPNIE,1,resolved,resolved,False,OFT exact CAS,84becbb6-6540-4ba0-8fcb-282d49934117,135410-20-7,135410-20-7,,True,True,True,True,Acetamiprid,PPDB,Contact,2.0,True,True,False
139968-49-3,2-[2-(4-Cyanophenyl)-1-[3-(trifluoromethyl)phenyl]ethylidene]-N-[4-(trifluoromethoxy)phenyl]hydrazinecarboxamide,C1=CC(=CC(=C1)C(F)(F)F)/C(=N/NC(=O)NC2=CC=C(C=C2)OC(F)(F)F)/CC3=CC=C(C=C3)C#N,"InChI=1S/C24H16F6N4O2/c25-23(26,27)18-3-1-2-17(13-18)21(12-15-4-6-16(14-31)7-5-15)33-34-22(35)32-19-8-10-20(11-9-19)36-24(28,29)30/h1-11,13H,12H2,(H2,32,34,35)/b33-21+",MIFOMMKAVSCNKQ-QNKGDIEWSA-N,N#Cc1ccc(C/C(=N\NC(=O)Nc2ccc(OC(F)(F)F)cc2)c2cccc(C(F)(F)F)c2)cc1,MIFOMMKAVSCNKQ-QNKGDIEWSA-N,MIFOMMKAVSCNKQ,MIFOMMKAVSCNKQ,1,resolved,resolved,False,PubChem CAS,"https://pubchem.ncbi.nlm.nih.gov/rest/pug/compound/name/139968-49-3/property/InChIKey,InChI,IsomericSMILES/JSON",139968-49-3,139968-49-3,11614934.0,False,True,True,True,2-[2-(4-Cyanophenyl)-1-[3-(trifluoromethyl)phenyl]ethylidene]-N-[4-(trifluoromethoxy)phenyl]hydrazinecarboxamide,ECOTOX,Oral,2.0,False,True,True
145701-21-9,"N-(2,6-Dichlorophenyl)-5-ethoxy-7-fluoro-[1,2,4-triazolo[1,5-c]pyrimidine-2-sulfonamide",CCOC1=NC(=CC2=NC(=NN21)S(=O)(=O)NC3=C(C=CC=C3Cl)Cl)F,"InChI=1S/C13H10Cl2FN5O3S/c1-2-24-13-17-9(16)6-10-18-12(19-21(10)13)25(22,23)20-11-7(14)4-3-5-8(11)15/h3-6,20H,2H2,1H3",QNXAVFXEJCPCJO-UHFFFAOYSA-N,CCOc1nc(F)cc2nc(S(=O)(=O)Nc3c(Cl)cccc3Cl)nn12,QNXAVFXEJCPCJO-UHFFFAOYSA-N,QNXAVFXEJCPCJO,QNXAVFXEJCPCJO,1,resolved,resolved,False,PubChem CAS,"https://pubchem.ncbi.nlm.nih.gov/rest/pug/compound/name/145701-21-9/property/InChIKey,InChI,IsomericSMILES/JSON",145701-21-9,145701-21-9,3081304.0,True,True,True,True,"N-(2,6-Dichlorophenyl)-5-ethoxy-7-fluoro-[1,2,4-triazolo[1,5-c]pyrimidine-2-sulfonamide",ECOTOX,Contact,1.0,False,True,True
153233-91-1,"2-(2,6-Difluorophenyl)-4-[4-(1,1-dimethylethyl)-2-ethoxyphenyl]-4,5-dihydrooxazole",FC2=C(C(F)=CC=C2)C1=NC(C3=C(OCC)C=C(C(C)(C)C)C=C3)CO1,"InChI=1S/C21H23F2NO2/c1-5-25-18-11-13(21(2,3)4)9-10-14(18)17-12-26-20(24-17)19-15(22)7-6-8-16(19)23/h6-11,17H,5,12H2,1-4H3",,CCOc1cc(C(C)(C)C)ccc1C1COC(c2c(F)cccc2F)=N1,IXSZQYVWNJNRAL-UHFFFAOYSA-N,IXSZQYVWNJNRAL,IXSZQYVWNJNRAL,1,resolved,resolved,False,OFT exact CAS,cd7edc0f-05de-4774-b885-a30a269cb1cd,153233-91-1,153233-91-1,,True,True,True,True,"2-(2,6-Difluorophenyl)-4-[4-(1,1-dimethylethyl)-2-ethoxyphenyl]-4,5-dihydrooxazole",ECOTOX,Contact,0.0,True,True,True
161326-34-7,"(5S)-3,5-Dihydro-5-methyl-2-(methylthio)-5-phenyl-3-(phenylamino)-4H-imidazol-4-one",CC1(C(=O)N(C(=N1)SC)NC2=CC=CC=C2)C3=CC=CC=C3,"InChI=1S/C17H17N3OS/c1-17(13-9-5-3-6-10-13)15(21)20(16(18-17)22-2)19-14-11-7-4-8-12-14/h3-12,19H,1-2H3/t17-/m0/s1",,CSC1=NC(C)(c2ccccc2)C(=O)N1Nc1ccccc1,LMVPQMGRYSRMIW-UHFFFAOYSA-N,LMVPQMGRYSRMIW,LMVPQMGRYSRMIW,1,resolved,resolved,True,OFT exact CAS,3e288e99-8d74-4ade-aa18-89cddbd1f116,161326-34-7,161326-34-7,,True,True,True,True,"(5S)-3,5-Dihydro-5-methyl-2-(methylthio)-5-phenyl-3-(phenylamino)-4H-imidazol-4-one",ECOTOX,Contact,1.0,True,True,True
165252-70-0,N''-Methyl-N-nitro-N'-[(tetrahydro-3-furanyl)methyl]guanidine,CN=C(NCC1CCOC1)N[N+](=O)[O-],"InChI=1S/C7H14N4O3/c1-8-7(10-11(12)13)9-4-6-2-3-14-5-6/h6H,2-5H2,1H3,(H2,8,9,10)",YKBZOVFACRVRJN-UHFFFAOYSA-N,CN=C(NCC1CCOC1)N[N+](=O)[O-],YKBZOVFACRVRJN-UHFFFAOYSA-N,YKBZOVFACRVRJN,YKBZOVFACRVRJN,1,resolved,resolved,False,PubChem CAS,"https://pubchem.ncbi.nlm.nih.gov/rest/pug/compound/name/165252-70-0/property/InChIKey,InChI,IsomericSMILES/JSON",165252-70-0,165252-70-0,197701.0,True,True,True,True,Dinotefuran (Ref: MTI 446),PPDB,Contact,3.0,True,True,False
173584-44-6,"(4aS)-7-Chloro-2,5-dihydro-2-[[(methoxycarbonyl)[4-(trifluoromethoxy)phenyl]amino]carbonyl]indeno[1,2-e][1,3,4]oxadiazine-4a(3H)-carboxylic acid methyl ester",,"InChI=1S/C22H17ClF3N3O7/c1-33-18(30)21-10-12-9-13(23)3-8-16(12)17(21)27-28(11-35-21)19(31)29(20(32)34-2)14-4-6-15(7-5-14)36-22(24,25)26/h3-9H,10-11H2,1-2H3/t21-/m0/s1",,COC(=O)N(C(=O)N1CO[C@@]2(C(=O)OC)Cc3cc(Cl)ccc3C2=N1)c1ccc(OC(F)(F)F)cc1,VBCVPMMZEGZULK-NRFANRHFSA-N,VBCVPMMZEGZULK,VBCVPMMZEGZULK,1,resolved,resolved,False,OFT exact CAS,66bbdc64-ffc0-48f5-bd80-016f81f0672a,173584-44-6,173584-44-6,,False,True,True,True,"(4aS)-7-Chloro-2,5-dihydro-2-[[(methoxycarbonyl)[4-(trifluoromethoxy)phenyl]amino]carbonyl]indeno[1,2-e][1,3,4]oxadiazine-4a(3H)-carboxylic acid methyl ester",ECOTOX,Contact,3.0,True,True,False
175013-18-0,[2-[[[1-(4-Chlorophenyl)-1H-pyrazol-3-yl]oxy]methyl]phenyl]methoxycarbamic acid methyl ester,COC(=O)N(C1=CC=CC=C1COC2=NN(C=C2)C3=CC=C(C=C3)Cl)OC,"InChI=1S/C19H18ClN3O4/c1-25-19(24)23(26-2)17-6-4-3-5-14(17)13-27-18-11-12-22(21-18)16-9-7-15(20)8-10-16/h3-12H,13H2,1-2H3",,COC(=O)N(OC)c1ccccc1COc1ccn(-c2ccc(Cl)cc2)n1,HZRSNVGNWUDEFX-UHFFFAOYSA-N,HZRSNVGNWUDEFX,HZRSNVGNWUDEFX,1,resolved,resolved,False,OFT exact CAS,51259c5f-0d16-4465-895d-4124ef8b9017,175013-18-0,175013-18-0,,True,True,True,True,[2-[[[1-(4-Chlorophenyl)-1H-pyrazol-3-yl]oxy]methyl]phenyl]methoxycarbamic acid methyl ester,ECOTOX,Contact,1.0,False,True,True
178928-70-6,"2-[2-(1-Chlorocyclopropyl)-3-(2-chlorophenyl)-2-hydroxypropyl]-1,2-dihydro-3H-1,2,4-triazole-3-thione",C1CC1(C(CC2=CC=CC=C2Cl)(CN3C(=S)N=CN3)O)Cl,"InChI=1S/C14H15Cl2N3OS/c15-11-4-2-1-3-10(11)7-14(20,13(16)5-6-13)8-19-12(21)17-9-18-19/h1-4,9,20H,5-8H2,(H,17,18,21)",,OC(Cc1ccccc1Cl)(Cn1[nH]cnc1=S)C1(Cl)CC1,MNHVNIJQQRJYDH-UHFFFAOYSA-N,MNHVNIJQQRJYDH,MNHVNIJQQRJYDH,1,resolved,resolved,False,OFT exact CAS,fba59798-332b-48a3-93f3-870608c89571,178928-70-6,178928-70-6,,True,True,True,True,"2-[2-(1-Chlorocyclopropyl)-3-(2-chlorophenyl)-2-hydroxypropyl]-1,2-dihydro-3H-1,2,4-triazole-3-thione",ECOTOX,Contact,0.0,False,True,True
179101-81-6,"2-(3-{2,6-Dichloro-4-[(3,3-dichloroprop-2-en-1-yl)oxy]phenoxy}propoxy)-5-(trifluoromethyl)pyridine",C1=CC(=NC(=C1)OCCCOC2=C(C=C(C=C2Cl)OCC=C(Cl)Cl)Cl)C(F)(F)F,"InChI=1S/C18H14Cl4F3NO3/c19-12-9-11(27-8-5-15(21)22)10-13(20)17(12)29-7-2-6-28-16-4-1-3-14(26-16)18(23,24)25/h1,3-5,9-10H,2,6-8H2",,FC(F)(F)c1cccc(OCCCOc2c(Cl)cc(OCC=C(Cl)Cl)cc2Cl)n1,UBSUICNYBBPFHD-UHFFFAOYSA-N,UBSUICNYBBPFHD,UBSUICNYBBPFHD,1,resolved,resolved,False,OFT exact CAS,aea6a97c-333f-49e3-8a48-c7c73954d58b,179101-81-6,179101-81-6,,False,False,False,True,Pyridalyl (Ref: S-1812),PPDB,Contact,1.0,False,True,False
210880-92-5,[C(E)]-N-[(2-Chloro-5-thiazolyl)methyl]-N'-methyl-N''-nitroguanidine,CNC(NCc1cnc(Cl)s1)=N[N+]([O-])=O,"InChI=1S/C6H8ClN5O2S/c1-8-6(11-12(13)14)10-3-4-2-9-5(7)15-4/h2H,3H2,1H3,(H2,8,10,11)",,CNC(=N[N+](=O)[O-])NCc1cnc(Cl)s1,PGOOBECODWQEAB-UHFFFAOYSA-N,PGOOBECODWQEAB,PGOOBECODWQEAB,1,resolved,resolved,False,OFT exact CAS,55f031dd-ea53-44b7-8b54-669da3423d1b,210880-92-5,210880-92-5,,True,True,True,True,Clothianidin (Ref: CGA 322704),PPDB,Oral,3.0,True,True,False
219714-96-2,"2-(2,2-Difluoroethoxy)-N-(5,8-dimethoxy[1,2,4]triazolo[1,5-c]pyrimidin-2-yl)-6-(trifluoromethyl)benzenesulfonamide",COC1=CN=C(N2C1=NC(=N2)NS(=O)(=O)C3=C(C=CC=C3OCC(F)F)C(F)(F)F)OC,"InChI=1S/C16H14F5N5O5S/c1-29-10-6-22-15(30-2)26-13(10)23-14(24-26)25-32(27,28)12-8(16(19,20)21)4-3-5-9(12)31-7-11(17)18/h3-6,11H,7H2,1-2H3,(H,24,25)",,COc1cnc(OC)n2nc(NS(=O)(=O)c3c(OCC(F)F)cccc3C(F)(F)F)nc12,SYJGKVOENHZYMQ-UHFFFAOYSA-N,SYJGKVOENHZYMQ,SYJGKVOENHZYMQ,1,resolved,resolved,False,OFT exact CAS,a3e4857f-50ee-4bf5-964b-296d827c5969,219714-96-2,219714-96-2,,True,True,True,True,"2-(2,2-Difluoroethoxy)-N-(5,8-dimethoxy[1,2,4]triazolo[1,5-c]pyrimidin-2-yl)-6-(trifluoromethyl)benzenesulfonamide",ECOTOX,Contact,1.0,False,True,False
243973-20-8,"2,2-Dimethylpropanoic acid  8-(2,6-diethyl-4-methylphenyl)-1,2,4,5- tetrahydro-7-oxo-7H-pyrazolo[1,2-d][1,4,5]oxadiazepin-9-yl ester",CCC1=CC(=CC(=C1C2=C(N3CCOCCN3C2=O)OC(=O)C(C)(C)C)CC)C,"InChI=1S/C23H32N2O4/c1-7-16-13-15(3)14-17(8-2)18(16)19-20(26)24-9-11-28-12-10-25(24)21(19)29-22(27)23(4,5)6/h13-14H,7-12H2,1-6H3",,CCc1cc(C)cc(CC)c1-c1c(OC(=O)C(C)(C)C)n2n(c1=O)CCOCC2,MGOHCFMYLBAPRN-UHFFFAOYSA-N,MGOHCFMYLBAPRN,MGOHCFMYLBAPRN,1,resolved,resolved,False,OFT exact CAS,32cca226-e891-4971-a11d-2d92306c6e4e,243973-20-8,243973-20-8,,True,True,True,True,"2,2-Dimethylpropanoic acid  8-(2,6-diethyl-4-methylphenyl)-1,2,4,5- tetrahydro-7-oxo-7H-pyrazolo[1,2-d][1,4,5]oxadiazepin-9-yl ester",ECOTOX,Contact,1.0,False,True,True
283594-90-1,"3,3-Dimethylbutanoic acid 2-oxo-3-(2,4,6-trimethylphenyl)-1-oaxspiro[4.4]non-3-en-4-yl ester",O=C(CC(C)(C)C)OC1=C(C3=C(C)C=C(C)C=C3C)C(OC21CCCC2)=O,"InChI=1S/C23H30O4/c1-14-11-15(2)18(16(3)12-14)19-20(26-17(24)13-22(4,5)6)23(27-21(19)25)9-7-8-10-23/h11-12H,7-10,13H2,1-6H3",,Cc1cc(C)c(C2=C(OC(=O)CC(C)(C)C)C3(CCCC3)OC2=O)c(C)c1,GOLXNESZZPUPJE-UHFFFAOYSA-N,GOLXNESZZPUPJE,GOLXNESZZPUPJE,1,resolved,resolved,False,OFT exact CAS,b5049cb1-cfa4-4830-a28a-4324e4480154,283594-90-1,283594-90-1,,True,True,True,True,"3,3-Dimethylbutanoic acid 2-oxo-3-(2,4,6-trimethylphenyl)-1-oaxspiro[4.4]non-3-en-4-yl ester",ECOTOX,Contact,0.0,True,True,True
500008-45-7,3-Bromo-N-[4-chloro-2-methyl-6-[(methylamino)carbonyl]phenyl]-1-(3-chloro-2-pyridinyl)-1H-pyrazole-5-carboxamide,CC1=C(C(=CC(=C1)Cl)C(=O)NC)NC(=O)C2=CC(=NN2C3=C(C=CC=N3)Cl)Br,"InChI=1S/C18H14BrCl2N5O2/c1-9-6-10(20)7-11(17(27)22-2)15(9)24-18(28)13-8-14(19)25-26(13)16-12(21)4-3-5-23-16/h3-8H,1-2H3,(H,22,27)(H,24,28)",,CNC(=O)c1cc(Cl)cc(C)c1NC(=O)c1cc(Br)nn1-c1ncccc1Cl,PSOVNZZNOMJUBI-UHFFFAOYSA-N,PSOVNZZNOMJUBI,PSOVNZZNOMJUBI,1,resolved,resolved,False,OFT exact CAS,c44da004-1d4a-492b-bc3f-df58fc16057e,500008-45-7,500008-45-7,,True,True,True,True,Chlorantraniliprole (Ref: DPX E2Y45),PPDB,Contact,2.0,True,True,True
943831-98-9,4-Amino-3-chloro-6-(4-chloro-2-fluoro-3-methoxyphenyl)-2-pyridinecarboxylic acid methyl ester,,"InChI=1S/C14H11Cl2FN2O3/c1-21-13-7(15)4-3-6(11(13)17)9-5-8(18)10(16)12(19-9)14(20)22-2/h3-5H,1-2H3,(H2,18,19)",,COC(=O)c1nc(-c2ccc(Cl)c(OC)c2F)cc(N)c1Cl,KDHKOPYYWOHESS-UHFFFAOYSA-N,KDHKOPYYWOHESS,KDHKOPYYWOHESS,1,resolved,resolved,False,OFT exact CAS,cc142da7-b778-4a15-ae3d-da97762b2465,943831-98-9,943831-98-9,,True,True,True,True,4-Amino-3-chloro-6-(4-chloro-2-fluoro-3-methoxyphenyl)-2-pyridinecarboxylic acid methyl ester,ECOTOX,Contact,1.0,False,True,True
958647-10-4,(2Z)-2-[[2-Fluoro-5-(trifluoromethyl)phenyl]thio]-2-[3-(2-methoxyphenyl)-2-thiazolidinylidene]acetonitrile,COC1=CC=CC=C1N\2CCS/C2=C(/C#N)\SC3=C(C=CC(=C3)C(F)(F)F)F,"InChI=1S/C19H14F4N2OS2/c1-26-15-5-3-2-4-14(15)25-8-9-27-18(25)17(11-24)28-16-10-12(19(21,22)23)6-7-13(16)20/h2-7,10H,8-9H2,1H3/b18-17-",,COc1ccccc1N1CCS/C1=C(/C#N)Sc1cc(C(F)(F)F)ccc1F,KGXUEPOHGFWQKF-ZCXUNETKSA-N,KGXUEPOHGFWQKF,KGXUEPOHGFWQKF,1,resolved,resolved,False,OFT exact CAS,10933bd9-5ddb-4659-a5c2-6960c622e4a3,958647-10-4,958647-10-4,,False,True,True,True,(2Z)-2-[[2-Fluoro-5-(trifluoromethyl)phenyl]thio]-2-[3-(2-methoxyphenyl)-2-thiazolidinylidene]acetonitrile,ECOTOX,Contact,1.0,False,True,False
1072957-71-1,"N-[9-(Dichloromethylene)-1,2,3,4-tetrahydro-1,4-1H-pyrazole-4-carboxamide",O=C(NC1=CC=CC2=C1C3C(=C(Cl)Cl)C2CC3)C4=CN(N=C4C(F)F)C,"InChI=1S/C18H15Cl2F2N3O/c1-25-7-11(15(24-25)17(21)22)18(26)23-12-4-2-3-8-9-5-6-10(13(8)12)14(9)16(19)20/h2-4,7,9-10,17H,5-6H2,1H3,(H,23,26)",,Cn1cc(C(=O)Nc2cccc3c2C2CCC3C2=C(Cl)Cl)c(C(F)F)n1,CCCGEKHKTPTUHJ-UHFFFAOYSA-N,CCCGEKHKTPTUHJ,CCCGEKHKTPTUHJ,1,resolved,resolved,False,OFT exact CAS,6121a0de-2256-44b5-acc5-45078aed0e68,1072957-71-1,1072957-71-1,,True,True,True,True,"N-[9-(Dichloromethylene)-1,2,3,4-tetrahydro-1,4-1H-pyrazole-4-carboxamide",ECOTOX,Contact,1.0,False,True,True
1228284-64-7,"3-(Difluoromethyl)-N-methoxy-1-methyl-N-[1-(2,4,6-trichlorophenyl)propan-2-yl]-1H-pyrazole-4-carboxamide",CC(CC1=C(C=C(C=C1Cl)Cl)Cl)N(C(=O)C2=CN(N=C2C(F)F)C)OC,"InChI=1S/C16H16Cl3F2N3O2/c1-8(4-10-12(18)5-9(17)6-13(10)19)24(26-3)16(25)11-7-23(2)22-14(11)15(20)21/h5-8,15H,4H2,1-3H3",,CON(C(=O)c1cn(C)nc1C(F)F)C(C)Cc1c(Cl)cc(Cl)cc1Cl,DGOAXBPOVUPPEB-UHFFFAOYSA-N,DGOAXBPOVUPPEB,DGOAXBPOVUPPEB,1,resolved,resolved,False,OFT exact CAS,6e40d984-23b7-40a9-8ea4-a67a16aa95e1,1228284-64-7,1228284-64-7,,True,True,True,True,"3-(Difluoromethyl)-N-methoxy-1-methyl-N-[1-(2,4,6-trichlorophenyl)propan-2-yl]-1H-pyrazole-4-carboxamide",ECOTOX,Contact,1.0,True,True,True
1390661-72-9,Benzyl 4-amino-3-chloro-6-(4-chloro-2-fluoro-3-methoxyphenyl)-5-fluoropyridine-2-carboxylate,COC1=C(C=CC(=C1F)C2=NC(=C(C(=C2F)N)Cl)C(=O)OCC3=CC=CC=C3)Cl,"InChI=1S/C20H14Cl2F2N2O3/c1-28-19-12(21)8-7-11(14(19)23)17-15(24)16(25)13(22)18(26-17)20(27)29-9-10-5-3-2-4-6-10/h2-8H,9H2,1H3,(H2,25,26)",,COc1c(Cl)ccc(-c2nc(C(=O)OCc3ccccc3)c(Cl)c(N)c2F)c1F,WNZCDFOXYNRBRB-UHFFFAOYSA-N,WNZCDFOXYNRBRB,WNZCDFOXYNRBRB,1,resolved,resolved,False,OFT exact CAS,9fa8798b-0956-459a-95a3-50fd42343b58,1390661-72-9,1390661-72-9,,True,True,True,True,Benzyl 4-amino-3-chloro-6-(4-chloro-2-fluoro-3-methoxyphenyl)-5-fluoropyridine-2-carboxylate,ECOTOX,Contact,1.0,False,True,True
