Exposure Type,Chemical Grade,Organism Lifestage, Observed Response Mean Op , Observed Response Mean , Observed Response Units, Observed Duration (Days) , Reference Number , Title , Publication Year
"Topical, general",Not reported,Adult,,0.041,ug/ul,1,63845,"The Effect of Apistan on Honey Bee (Apis mellifera L). Responses to Methyl Parathion, Carbaryl and Bifenthrin Exposure",1997
Multiple routes between application groups,Formulated grade,Adult,,0.29,ug/org,NR,70351,Comparative Morphogenic and Toxicity Studies on the Effect of Pesticides on Honeybee Brood,1986
Multiple routes between application groups,Formulated grade,Not reported,,1.110,ug/org,NR,70351,Comparative Morphogenic and Toxicity Studies on the Effect of Pesticides on Honeybee Brood,1986
Multiple routes between application groups,Formulated grade,Not reported,,1.167,ug/org,NR,70351,Comparative Morphogenic and Toxicity Studies on the Effect of Pesticides on Honeybee Brood,1986
Multiple routes between application groups,Formulated grade,Not reported,,0.864,ug/org,NR,70351,Comparative Morphogenic and Toxicity Studies on the Effect of Pesticides on Honeybee Brood,1986
Drinking water,Not reported,Not reported,,30,ng/org,1,79198,Assessment of Chronic Toxicity of Selected Insecticides to Honeybees,1987
"Environmental, unspecified",Not reported,Not reported,,1.28,ug/eu,3,171972,Laboratory Studies of Contact Toxicity of Insecticides on Honey Bees Apis mellifera Linnaeus (Hymenoptera: Apidae),1968
"Environmental, unspecified",Not reported,Not reported,,1.47,ug/eu,3,171972,Laboratory Studies of Contact Toxicity of Insecticides on Honey Bees Apis mellifera Linnaeus (Hymenoptera: Apidae),1968
Dermal,"Technical grade, technical product, technical formulation",Not reported,,19.5,ug/g org,1,35123,Toxicity and Suitability of Some Insecticides for Household Use,1988
Dermal,Not coded,Adult,,0.291,ug/bee,2,184644,Pesticide Ecotoxicity Database: Bee Studies,2020
Direct application,"Technical grade, technical product, technical formulation",Not reported,,4.2,ug/bee,1,91623,Variability in Tolerance to Some Insecticides in Apis mellifera L. and Apis cerana indica F. Colonies,1994
Direct application,"Technical grade, technical product, technical formulation",Not reported,,3.9,ug/bee,1,91623,Variability in Tolerance to Some Insecticides in Apis mellifera L. and Apis cerana indica F. Colonies,1994
Direct application,"Technical grade, technical product, technical formulation",Not reported,,3.2,ug/bee,1,91623,Variability in Tolerance to Some Insecticides in Apis mellifera L. and Apis cerana indica F. Colonies,1994
Direct application,"Technical grade, technical product, technical formulation",Not reported,,4.2,ug/bee,1,91623,Variability in Tolerance to Some Insecticides in Apis mellifera L. and Apis cerana indica F. Colonies,1994
Direct application,"Technical grade, technical product, technical formulation",Not reported,,4.0,ug/bee,1,91623,Variability in Tolerance to Some Insecticides in Apis mellifera L. and Apis cerana indica F. Colonies,1994
Direct application,"Technical grade, technical product, technical formulation",Not reported,,4.5,ug/bee,1,91623,Variability in Tolerance to Some Insecticides in Apis mellifera L. and Apis cerana indica F. Colonies,1994
Direct application,"Technical grade, technical product, technical formulation",Not reported,,3.9,ug/bee,1,91623,Variability in Tolerance to Some Insecticides in Apis mellifera L. and Apis cerana indica F. Colonies,1994
Direct application,"Technical grade, technical product, technical formulation",Not reported,,2.8,ug/bee,1,91623,Variability in Tolerance to Some Insecticides in Apis mellifera L. and Apis cerana indica F. Colonies,1994
Direct application,"Technical grade, technical product, technical formulation",Not reported,,5.4,ug/bee,1,91623,Variability in Tolerance to Some Insecticides in Apis mellifera L. and Apis cerana indica F. Colonies,1994
Direct application,"Technical grade, technical product, technical formulation",Not reported,,4.6,ug/bee,1,91623,Variability in Tolerance to Some Insecticides in Apis mellifera L. and Apis cerana indica F. Colonies,1994
Direct application,"Technical grade, technical product, technical formulation",Not reported,,4.1,ug/bee,1,91623,Variability in Tolerance to Some Insecticides in Apis mellifera L. and Apis cerana indica F. Colonies,1994
Direct application,"Technical grade, technical product, technical formulation",Not reported,,4.0,ug/bee,1,91623,Variability in Tolerance to Some Insecticides in Apis mellifera L. and Apis cerana indica F. Colonies,1994
Direct application,"Technical grade, technical product, technical formulation",Not reported,,4.2,ug/bee,1,91623,Variability in Tolerance to Some Insecticides in Apis mellifera L. and Apis cerana indica F. Colonies,1994
Direct application,"Technical grade, technical product, technical formulation",Not reported,,4.3,ug/bee,1,91623,Variability in Tolerance to Some Insecticides in Apis mellifera L. and Apis cerana indica F. Colonies,1994
