result_uuid,document_uuid,source_excel_rows,substance_id,name,composition,reference_uuid,inchikey,connectivity,parent_connectivity,canonical_smiles,inchi_smiles_disagree,fragments,CAS,reference_smiles,reference_inchi,route,endpoint,endpoint_other,unit_raw,unit_other_raw,unit,unit_mapping,lower_ug_bee,lower_qualifier,upper_ug_bee,upper_qualifier,value_kind,duration_value,duration_unit,duration_hours,test_material,dose_basis,dose_basis_other,basis_for_effect,material_review_needed,literature_uuids,source_dois,source_years,overlap_inchikey,overlap_connectivity,overlap_parent_connectivity,same_CAS_in_apistox,same_name_in_apistox,identity_conflict_or_same_chemical,conservative_unseen_candidate,y_1,y_11,y_100,ld50_screen,source_identity_status,single_structure_screen,48h_no_material_flag_screen
faba8229-930e-403b-9d22-24d6c892acbf,2c0a257e-b551-4eda-bc96-1f68477db260,3508,39ed1be3-bad4-4417-9d93-30536e579a88,Azadirachtin,mono-constituent substance,c34fe78c-1844-491c-ac74-fde4390b7805,VEHPJKVTJQSSKL-OVCLIPMQSA-N,VEHPJKVTJQSSKL,VEHPJKVTJQSSKL,C/C=C(\C)C(=O)OC1CC(OC(C)=O)C2(OC(C)=O)COC3C2C12COC(O)(C(=O)OC)C2C(C)(C12OC1(C)C1CC2OC2OC=CC21O)C3O,True,1,11141-17-6,C24(C(C3C1(C=COC1OC2C3)O)(C)O4)C6(C8C5(C(CC(C7(C5C(C6O)OC7)OC(=O)C)OC(=O)C)OC(/C(=C/C)C)=O)COC8(C(=O)OC)O)C,"InChI=1S/C35H44O16/c1-8-15(2)24(38)49-18-12-19(48-16(3)36)32(26(39)43-6)13-46-21-22(32)31(18)14-47-34(42,27(40)44-7)25(31)29(4,23(21)37)35-20-11-17(30(35,5)51-35)33(41)9-10-45-28(33)50-20/h8-10,17-23,25,28,37,41-42H,11-14H2,1-7H3/b15-8+/t17-,18+,19-,20+,21-,22-,23-,25+,28+,29-,30+,31+,32+,33+,34+,35+/m1/s1",Oral,LD50,,other:,µg/piece,µg/piece,species_based_piece_to_bee,8.1,>,,,censored_or_approximate,,,,,,,mortality,False,896f42d8-73ca-4dd7-8b63-485e9741d07e,"EFSA Journal 2018,16(9):5234, doi:10.2903/j.efsa.2018.5234",2018.0,False,False,False,True,False,True,False,0,-1,-1,True,structure_screen_only,False,False
e51da2b0-7e68-4d6d-b707-7a30398b6574,fee4882a-d8c7-4374-9e8a-347945e5c020,3509,48dcd99a-854b-4708-a675-b7c923d914df,"Hydroxyquinoline sulfate, 8-",mono-constituent substance,fe0ba7a3-6744-4eb5-8285-082e0253e9a4,YYVFXSYQSOZCOQ-UHFFFAOYSA-N,YYVFXSYQSOZCOQ,MCJGNVYPOGVAJF,O=S(=O)([O-])[O-].Oc1cccc2ccc[nH+]c12.Oc1cccc2ccc[nH+]c12,False,3,134-31-6,OC1=C2C(C=CC=[NH+]2)=CC=C1.[O-]S([O-])(=O)=O.OC3=C4C(C=CC=[NH+]4)=CC=C3,"InChI=1S/2C9H7NO.H2O4S/c2*11-8-5-1-3-7-4-2-6-10-9(7)8;1-5(2,3)4/h2*1-6,11H;(H2,1,2,3,4)",Contact,LD50,,other:,µg/piece,µg/piece,species_based_piece_to_bee,100.0,>,,,censored_or_approximate,,,,8-Hydroxyquinoline sulphate formulation: Beltanol-L,,,mortality,True,23dfbea3-6e21-4bb2-8a35-955eaa0b9020,doi:10.2903/j.efsa.2016.4493,2016.0,False,False,True,False,False,False,False,0,0,0,True,structure_screen_only,True,False
db842f8e-3524-43c4-8901-5b73f4b327fd,0742c214-d911-4f1f-9230-4c7d9160e0af,3511,ac90fafa-e01a-4d10-a117-b6f40bc2ceff,Dicopper chloride trihydroxide,mono-constituent substance,cf211858-d5f5-43f1-acca-ad62813fd116,SKQUUKNCBWILCD-UHFFFAOYSA-J,SKQUUKNCBWILCD,XLYOFNOQVPJJNP,[Cl-].[Cu+2].[Cu+2].[OH-].[OH-].[OH-],False,6,1332-65-6,[OH-].[OH-].[OH-].[Cl-].[Cu+2].[Cu+2],InChI=1S/ClH.2Cu.3H2O/h1H;;;3*1H2/q;2*+2;;;/p-4,Oral,LD50,,other:,µg/piece,µg/piece,species_based_piece_to_bee,12.1,,,,exact,,,,,,,mortality,False,ce2cf68f-28ee-4a5c-996a-1a1e65f938d8,doi:10.2903/j.efsa.2008.187r,2008.0,False,False,True,False,False,False,False,0,0,1,True,structure_screen_only,True,False
3a7d69d8-f75e-4667-88c3-2ef65a4df6aa,760b380a-c524-4499-9426-d4f2c76d1021,3525,0048d075-d1f9-4b12-b806-c0e845a6f424,Thiamethoxam,mono-constituent substance,e63cc611-77aa-46b3-a39c-2d7cda4986b6,NWWZPOKUUAIXIW-DHZHZOJOSA-N,NWWZPOKUUAIXIW,NWWZPOKUUAIXIW,CN1COCN(Cc2cnc(Cl)s2)/C1=N/[N+](=O)[O-],False,1,153719-23-4,CN\1COCN(/C1=N/[N+](=O)[O-])CC2=CN=C(S2)Cl,"InChI=1S/C8H10ClN5O3S/c1-12-4-17-5-13(8(12)11-14(15)16)3-6-2-10-7(9)18-6/h2H,3-5H2,1H3/b11-8+",Oral,LD50,,other:,µg/piece,µg/piece,species_based_piece_to_bee,0.005,,,,exact,,,,,,,mortality,False,b82127ab-c237-4e40-9a37-839e212f61f7,doi:10.2903/j.efsa.2018.5179,2018.0,False,True,True,True,False,True,False,1,1,1,True,structure_screen_only,True,False
e207c249-dafd-4dd2-a8fa-1782851ba720,80d84fd8-5efa-4f4e-a552-f7c0fc6cf2b1,3529,d3e39ac8-342a-47a6-b4a4-7678bfabd9ff,Pyridalyl,mono-constituent substance,aea6a97c-333f-49e3-8a48-c7c73954d58b,UBSUICNYBBPFHD-UHFFFAOYSA-N,UBSUICNYBBPFHD,UBSUICNYBBPFHD,FC(F)(F)c1cccc(OCCCOc2c(Cl)cc(OCC=C(Cl)Cl)cc2Cl)n1,False,1,179101-81-6,C1=CC(=NC(=C1)OCCCOC2=C(C=C(C=C2Cl)OCC=C(Cl)Cl)Cl)C(F)(F)F,"InChI=1S/C18H14Cl4F3NO3/c19-12-9-11(27-8-5-15(21)22)10-13(20)17(12)29-7-2-6-28-16-4-1-3-14(26-16)18(23,24)25/h1,3-5,9-10H,2,6-8H2",Oral,LD50,,other:,µg/piece,µg/piece,species_based_piece_to_bee,100.0,>,,,censored_or_approximate,48.0,h,48.0,,,,mortality,False,9117050b-ff52-4ed8-a2c9-fb449b4c6484,doi:10.2903/j.efsa.2013.3240,2013.0,False,False,False,True,True,True,False,0,0,0,True,structure_screen_only,True,True
21d33a8f-bde6-4099-aaa3-f2278a866375,db54d40f-901b-40b6-bc42-b0279b0c2339,3550,f8e9fdf5-7cc5-4ab5-a7f9-772d1c00b497,Bifenthrin (sum of isomers),mono-constituent substance,ede6987f-83cf-4b46-b5c7-c1a586c167f3,OMFRMAHOUUJSGP-UNOMPAQXSA-N,OMFRMAHOUUJSGP,OMFRMAHOUUJSGP,Cc1c(COC(=O)C2C(/C=C(\Cl)C(F)(F)F)C2(C)C)cccc1-c1ccccc1,False,1,82657-04-3,O=C(OCC2=CC=CC(C3=CC=CC=C3)=C2C)C1C(C)(C)C1/C=C(Cl)/C(F)(F)F,"InChI=1S/C23H22ClF3O2/c1-14-16(10-7-11-17(14)15-8-5-4-6-9-15)13-29-21(28)20-18(22(20,2)3)12-19(24)23(25,26)27/h4-12,18,20H,13H2,1-3H3/b19-12-",Oral,LD50,,other:,µg/piece,µg/piece,species_based_piece_to_bee,0.1,,,,exact,48.0,h,48.0,,,,mortality,False,22a1f39f-a3ed-4fb9-92bf-a30ce53acb02,doi:10.2903/j.efsa.2009.186r,2009.0,False,True,True,True,False,True,False,1,1,1,True,structure_screen_only,True,True
24b01262-63d7-49a8-b0e9-2d2c6c633e2d,16011fd3-9409-4439-8fee-832a89a140c9,3556,546393ff-7f34-4ba6-afde-cc9ea3ffcfde,Fenpicoxamid,mono-constituent substance,aff7cdf1-5398-480a-9c6d-b8632aa98e21,QGTOTYJSCYHYFK-XSARVHFWSA-N,QGTOTYJSCYHYFK,QGTOTYJSCYHYFK,COc1ccnc(C(=O)N[C@@H]2COC(=O)[C@H](Cc3ccccc3)[C@@H](OC(=O)C(C)C)[C@H](C)OC2=O)c1OCOC(=O)C(C)C,False,1,517875-34-2,C[C@H]1[C@@H]([C@H](C(=O)OC[C@H](C(=O)O1)NC(=O)C2=NC=CC(=C2OCOC(=O)C(C)C)OC)CC3=CC=CC=C3)OC(=O)C(C)C,"InChI=1S/C31H38N2O11/c1-17(2)28(35)42-16-41-26-23(39-6)12-13-32-24(26)27(34)33-22-15-40-30(37)21(14-20-10-8-7-9-11-20)25(19(5)43-31(22)38)44-29(36)18(3)4/h7-13,17-19,21-22,25H,14-16H2,1-6H3,(H,33,34)/t19-,21+,22+,25-/m0/s1",Contact,LD50,,other:,µg/piece,µg/piece,species_based_piece_to_bee,202.4,>,,,censored_or_approximate,,,,,,,mortality,False,30badc6f-6374-4afc-af0a-91ae5b7cd254,doi:10.2903/j.efsa.2018.5146,2018.0,False,True,True,True,True,True,False,0,0,0,True,structure_screen_only,True,False
1532a008-2fe9-414f-b810-903fb804e58b,ecfd503a-8992-48ae-90f5-bf3e2b8330b2,3564|3565,8b29bc03-cc0a-4ba2-ac9e-c3aa6a409757,Mecoprop-P,mono-constituent substance,d8f68e07-ccad-4086-99d6-fef815046e22,WNTGYJSOUMFZEP-SSDOTTSWSA-N,WNTGYJSOUMFZEP,WNTGYJSOUMFZEP,Cc1cc(Cl)ccc1O[C@H](C)C(=O)O,False,1,16484-77-8,C[C@@H](OC1=C(C)C=C(Cl)C=C1)C(O)=O,"InChI=1S/C10H11ClO3/c1-6-5-8(11)3-4-9(6)14-7(2)10(12)13/h3-5,7H,1-2H3,(H,12,13)/t7-/m1/s1",Oral,LD50,,other:,µg/piece,µg/piece,species_based_piece_to_bee,83.0,>,,,censored_or_approximate,48.0,h,48.0,,,,mortality,False,df421e86-d1fa-48f8-8445-344ef78b1b3e|e85276bc-9de7-4a61-b311-971e7137d8fb,"EFSA Journal 2023,21(10):8344, doi:10.2903/j.efsa.2023.8344|doi:10.2903/j.efsa.2017.4832",2017.0|2023.0,False,True,True,False,False,False,False,0,0,-1,True,structure_screen_only,True,True
c3801815-b4e0-4a56-8ebd-28b35c556131,3ab61675-c2bc-478e-a94c-c57bf15ae9b9,3596,0048d075-d1f9-4b12-b806-c0e845a6f424,Thiamethoxam,mono-constituent substance,e63cc611-77aa-46b3-a39c-2d7cda4986b6,NWWZPOKUUAIXIW-DHZHZOJOSA-N,NWWZPOKUUAIXIW,NWWZPOKUUAIXIW,CN1COCN(Cc2cnc(Cl)s2)/C1=N/[N+](=O)[O-],False,1,153719-23-4,CN\1COCN(/C1=N/[N+](=O)[O-])CC2=CN=C(S2)Cl,"InChI=1S/C8H10ClN5O3S/c1-12-4-17-5-13(8(12)11-14(15)16)3-6-2-10-7(9)18-6/h2H,3-5H2,1H3/b11-8+",Contact,LD50,,other:,µg/piece,µg/piece,species_based_piece_to_bee,0.024,,,,exact,,,,,,,mortality,False,78055bca-b9cd-4a74-a772-8557097a83b3,doi:10.2903/j.efsa.2015.4212,2015.0,False,True,True,True,False,True,False,1,1,1,True,structure_screen_only,True,False
da27f4d4-ef70-443b-a1ce-573144008bf1,76fea406-6344-4fe1-a170-e8f0367702e7,3618,c5ca90ae-6289-4101-aebb-19bad073d91c,"3,7,11-Trimethyldodeca-2,6,10-trien-1-ol",mono-constituent substance,43fc03f3-204a-4f84-b470-90ecdc180919,CRDAMVZIKSXKFV-YFVJMOTDSA-N,CRDAMVZIKSXKFV,CRDAMVZIKSXKFV,CC(C)=CCC/C(C)=C/CC/C(C)=C/CO,False,1,4602-84-0,OC/C=C(C)/CC/C=C(C)/CC/C=C(C)/C,"InChI=1S/C15H26O/c1-13(2)7-5-8-14(3)9-6-10-15(4)11-12-16/h7,9,11,16H,5-6,8,10,12H2,1-4H3/b14-9+,15-11+",Contact,LD50,,other:,µg/piece,µg/piece,species_based_piece_to_bee,100.0,>,,,censored_or_approximate,,,,,,,mortality,False,5a5177d0-6130-41ad-bcf6-613e7d23fb60,doi:10.2903/j.efsa.2020.5986,2020.0,False,True,True,True,False,True,False,0,0,0,True,structure_screen_only,True,False
163db8e6-504c-4951-b608-39cb9773d5bf,9d091959-9148-40c0-8aed-29999a73a012,3619|3620,5bd50aa0-13b4-4994-907c-119bf1348482,Dichlorprop-P-2-ethylhexyl,mono-constituent substance,f2271b99-670a-444c-965a-9333dab629c2,CEEDFYRUPAWDOU-PZORYLMUSA-N,CEEDFYRUPAWDOU,CEEDFYRUPAWDOU,CCCCC(CC)COC(=O)[C@@H](C)Oc1ccc(Cl)cc1Cl,False,1,865363-39-9,CCCCC(CC)COC(=O)[C@@H](C)OC1=C(C=C(C=C1)Cl)Cl,"InChI=1S/C17H24Cl2O3/c1-4-6-7-13(5-2)11-21-17(20)12(3)22-16-9-8-14(18)10-15(16)19/h8-10,12-13H,4-7,11H2,1-3H3/t12-,13?/m1/s1",Oral,LD50,,other:,µg/piece,µg/piece,species_based_piece_to_bee,178.1,>,,,censored_or_approximate,,,,,,,mortality,False,8756ea66-3793-4903-9527-af1cda33ace4|e469552f-3c2c-4327-8373-b831aa8e55a5,"DOI:10.2903/j.efsa.2024.8658|EFSA Journal 2018,16(5):5288, doi:10.2903/j.efsa.2018.5288",2018.0|2024.0,False,True,True,True,False,True,False,0,0,0,True,structure_screen_only,True,False
cd9192cd-8819-41d9-8e64-2dba887f2bff,fd7f6536-915f-4f13-aaa9-93725103fe27,3624,b100ac12-743d-4259-adc9-ab309cf52ad4,Kresoxim-methyl,mono-constituent substance,f594b446-3b36-40cb-a7f6-7acf0aa52f79,ZOTBXTZVPHCKPN-HTXNQAPBSA-N,ZOTBXTZVPHCKPN,ZOTBXTZVPHCKPN,CO/N=C(/C(=O)OC)c1ccccc1COc1ccccc1C,False,1,143390-89-0,CC1=CC=CC=C1OCC2=CC=CC=C2/C(=N\OC)/C(=O)OC,"InChI=1S/C18H19NO4/c1-13-8-4-7-11-16(13)23-12-14-9-5-6-10-15(14)17(19-22-3)18(20)21-2/h4-11H,12H2,1-3H3/b19-17+",Contact,LD50,,other:,µg/piece,µg/piece,species_based_piece_to_bee,100.0,>,,,censored_or_approximate,48.0,h,48.0,,,,mortality,False,e3661b8e-d2ad-47a8-ba91-a40e0e92a509,doi:10.2903/j.efsa.2010.1891,2010.0,False,True,True,True,False,True,False,0,0,0,True,structure_screen_only,True,True
ff826193-8160-427b-a9bd-df204e17dcba,92d32177-3079-4692-85fd-1a274b1a3c0d,3634,0048d075-d1f9-4b12-b806-c0e845a6f424,Thiamethoxam,mono-constituent substance,e63cc611-77aa-46b3-a39c-2d7cda4986b6,NWWZPOKUUAIXIW-DHZHZOJOSA-N,NWWZPOKUUAIXIW,NWWZPOKUUAIXIW,CN1COCN(Cc2cnc(Cl)s2)/C1=N/[N+](=O)[O-],False,1,153719-23-4,CN\1COCN(/C1=N/[N+](=O)[O-])CC2=CN=C(S2)Cl,"InChI=1S/C8H10ClN5O3S/c1-12-4-17-5-13(8(12)11-14(15)16)3-6-2-10-7(9)18-6/h2H,3-5H2,1H3/b11-8+",Oral,LD50,,other:,µg/piece,µg/piece,species_based_piece_to_bee,0.00631,,,,exact,48.0,h,48.0,Formulation: Actara (25.2 % thiamethoxam),,,mortality,True,9b2995b9-c35c-4ab9-84b0-7654eb4b596d,doi:10.2903/j.efsa.2012.2601,2012.0,False,True,True,True,False,True,False,1,1,1,True,structure_screen_only,True,False
46555476-5026-45d4-9749-166034298006,34eab289-fc31-44d4-b4d7-4aa28ddacb79,3643,d937f903-9e5f-4fea-bb4b-93b44ff2e118,Fenoxaprop-P-Ethyl,mono-constituent substance,7f3765a2-7ed1-4484-a0d4-2092a03aae22,PQKBPHSEKWERTG-LLVKDONJSA-N,PQKBPHSEKWERTG,PQKBPHSEKWERTG,CCOC(=O)[C@@H](C)Oc1ccc(Oc2nc3ccc(Cl)cc3o2)cc1,False,1,71283-80-2,CCOC(=O)[C@@H](C)OC1=CC=C(C=C1)OC2=NC3=C(O2)C=C(C=C3)Cl,"InChI=1S/C18H16ClNO5/c1-3-22-17(21)11(2)23-13-5-7-14(8-6-13)24-18-20-15-9-4-12(19)10-16(15)25-18/h4-11H,3H2,1-2H3/t11-/m1/s1",Contact,LD50,,µg/bee,,µg/bee,direct_ug_bee,100.0,>,,,censored_or_approximate,,,,,,,mortality,False,0cd6f53f-874a-4d3d-afee-709ff595a562,EFSA Journal. 2024;22:e9053; doi:10.2903/j.efsa.2024.9053,2024.0,False,True,True,False,False,False,False,0,0,0,True,structure_screen_only,True,False
70806912-3a20-4f4c-8d13-fadbdc7a06eb,288e8250-8f94-4796-b7e6-5dd2d2c09f1a,3660,952c623f-e486-4356-b16d-fb050a570bd1,tau-fluvalinate,mono-constituent substance,7400e8b4-d460-409f-9a18-8b1ae7da89a4,INISTDXBRIBGOC-XMMISQBUSA-N,INISTDXBRIBGOC,INISTDXBRIBGOC,CC(C)[C@@H](Nc1ccc(C(F)(F)F)cc1Cl)C(=O)OC(C#N)c1cccc(Oc2ccccc2)c1,False,1,102851-06-9,CC(C)[C@H](C(=O)OC(C#N)C1=CC(=CC=C1)OC2=CC=CC=C2)NC3=C(C=C(C=C3)C(F)(F)F)Cl,"InChI=1S/C26H22ClF3N2O3/c1-16(2)24(32-22-12-11-18(14-21(22)27)26(28,29)30)25(33)35-23(15-31)17-7-6-10-20(13-17)34-19-8-4-3-5-9-19/h3-14,16,23-24,32H,1-2H3/t23?,24-/m1/s1",Contact,LD50,,other:,µg/piece,µg/piece,species_based_piece_to_bee,12.0,,,,exact,48.0,h,48.0,,,,mortality,False,b782d9de-dda8-4afe-9afe-f2e747c36f9d,doi:10.2903/j.efsa.2010.1645,2010.0,False,True,True,True,True,True,False,0,0,1,True,structure_screen_only,True,True
f81111cc-36f5-43f5-9faa-e66df0c1c4d6,d92a1998-6752-4c6f-99ba-871a0a2568df,3661,4d80d3a2-6a28-477d-9930-f94dd787e2a3,Fluoxastrobin,mono-constituent substance,da77c8b4-60a4-49c1-bd56-8f60b538c33f,UFEODZBUAFNAEU-NLRVBDNBSA-N,UFEODZBUAFNAEU,UFEODZBUAFNAEU,CO/N=C(/C1=NOCCO1)c1ccccc1Oc1ncnc(Oc2ccccc2Cl)c1F,False,1,361377-29-9,CO/N=C(\C1=CC=CC=C1OC2=C(C(=NC=N2)OC3=CC=CC=C3Cl)F)/C4=NOCCO4,"InChI=1S/C21H16ClFN4O5/c1-28-26-18(21-27-30-11-10-29-21)13-6-2-4-8-15(13)31-19-17(23)20(25-12-24-19)32-16-9-5-3-7-14(16)22/h2-9,12H,10-11H2,1H3/b26-18+",Contact,LD50,,other:,µg/piece,µg/piece,species_based_piece_to_bee,200.0,>,,,censored_or_approximate,48.0,h,48.0,,,,mortality,False,0700e8c9-94a8-4416-bc73-7edda496b8e8,doi:10.2903/j.efsa.2005.102r,2005.0,False,True,True,True,False,True,False,0,0,0,True,structure_screen_only,True,True
bc07b81b-42bc-4981-b565-6a962751302f,596f405b-cdae-49f0-b0d4-b572883e2575,3666,fe5d3bbc-b71a-4c8c-9582-5a8f4430c64e,"(E,E)-8,10-Dodecadien-1-ol",mono-constituent substance,f9177e31-3d5e-4161-b7aa-40d492bd6585,CSWBSLXBXRFNST-MQQKCMAXSA-N,CSWBSLXBXRFNST,CSWBSLXBXRFNST,C/C=C/C=C/CCCCCCCO,False,1,33956-49-9,C/C=C/C=C/CCCCCCCO,"InChI=1S/C12H22O/c1-2-3-4-5-6-7-8-9-10-11-12-13/h2-5,13H,6-12H2,1H3/b3-2+,5-4+",Oral,LD50,,other:,µg/piece,µg/piece,species_based_piece_to_bee,85.0,>,,,censored_or_approximate,,,,Codling moth pheromone,,,mortality,True,d039f12a-4f09-4b3a-b6b5-f98fc4a85cfe,doi:10.2903/j.efsa.2021.6656,2021.0,False,True,True,True,False,True,False,0,0,-1,True,structure_screen_only,True,False
d9487a9a-2dba-47ef-a319-c5e42e403cac,23e6a7e3-72ab-4c93-9da2-34f7b424c028,3670,756eaf96-3d1b-4450-bb36-9ae1c0711766,Bromoxynil heptanoate,mono-constituent substance,43cc7bc9-5dd0-4603-a470-7c243947ca12,BHZWBQPHPLFZSV-UHFFFAOYSA-N,BHZWBQPHPLFZSV,BHZWBQPHPLFZSV,CCCCCCC(=O)Oc1c(Br)cc(C#N)cc1Br,False,1,56634-95-8,CCCCCCC(=O)OC1=C(C=C(C=C1Br)C#N)Br,"InChI=1S/C14H15Br2NO2/c1-2-3-4-5-6-13(18)19-14-11(15)7-10(9-17)8-12(14)16/h7-8H,2-6H2,1H3",Contact,LD50,,other:,µg/piece,µg/piece,species_based_piece_to_bee,201.0,>,,,censored_or_approximate,,,,,,,mortality,False,66a7a3b3-eca2-4839-bb1b-9b24e965fb0d,doi:10.2903/j.efsa.2017.4790,2017.0,False,False,False,False,False,False,True,0,0,0,True,structure_screen_only,True,False
6b964be2-bb57-4ba4-818b-697997181a7e,1050cd57-30b6-4598-9bf0-a379149b5584,3677,ec4fd598-ee5c-430e-b1a0-12eba212590e,Maleic hydrazide (potassium salt),mono-constituent substance,c75be136-f19b-436b-95bf-371771ad14a2,ONFPEXMNTHPYGN-UHFFFAOYSA-N,ONFPEXMNTHPYGN,BGRDGMRNKXEXQD,O=c1ccc(=O)[nH][nH]1.[K+],False,2,,C1=CC(=O)NNC1=O.[K+],"InChI=1S/C4H4N2O2.K/c7-3-1-2-4(8)6-5-3;/h1-2H,(H,5,7)(H,6,8);/q;+1",Contact,LD50,,other:,µg/piece,µg/piece,species_based_piece_to_bee,100.0,>,,,censored_or_approximate,,,,,,,mortality,False,c0d56cd0-1d67-4061-a8e9-1154c68e94b1,doi:10.2903/j.efsa.2016.4492,2016.0,False,False,True,False,False,False,False,0,0,0,True,structure_screen_only,True,False
a66e29e2-c673-4947-b99f-75956c41dc86,1218e285-7660-4d7e-b4ad-6137c4c2602f,3709,2d5fcf81-3e72-46a7-9416-869cdce89c42,Tefluthrin,mono-constituent substance,a3eda6ce-bfef-4db3-961e-67e4b0cc4c3b,ZFHGXWPMULPQSE-WTKPLQERSA-N,ZFHGXWPMULPQSE,ZFHGXWPMULPQSE,Cc1c(F)c(F)c(COC(=O)C2C(/C=C(\Cl)C(F)(F)F)C2(C)C)c(F)c1F,False,1,79538-32-2,O=C(OCC2=C(F)C(F)=C(C)C(F)=C2F)C1C(C)(C)C1/C=C(Cl)/C(F)(F)F,"InChI=1S/C17H14ClF7O2/c1-6-11(19)13(21)7(14(22)12(6)20)5-27-15(26)10-8(16(10,2)3)4-9(18)17(23,24)25/h4,8,10H,5H2,1-3H3/b9-4-",Contact,LD50,,other:,µg/piece,µg/piece,species_based_piece_to_bee,0.28,,,,exact,24.0,h,24.0,,,,mortality,False,f3020576-ec4d-438b-a526-7dd18688704b,doi:10.2903/j.efsa.2010.1709,2010.0,False,True,True,True,False,True,False,1,1,1,True,structure_screen_only,True,False
01c6bd3a-b891-4a83-85f3-d3fca660d2d0,2c41f319-fd02-4035-a045-13dfd911732c,3710,23c51a5e-7a64-48ef-964c-641475fbf5ed,Clethodim,mono-constituent substance,ee846494-ed72-4d12-a58a-a7cf92ffea56,SILSDTWXNBZOGF-KUZBFYBWSA-N,SILSDTWXNBZOGF,SILSDTWXNBZOGF,CCSC(C)CC1CC(=O)C(/C(CC)=N/OC/C=C/Cl)=C(O)C1,False,1,99129-21-2,CC/C(=N\OC\C=C\Cl)C1=C(O)CC(CC(C)SCC)CC1=O,"InChI=1S/C17H26ClNO3S/c1-4-14(19-22-8-6-7-18)17-15(20)10-13(11-16(17)21)9-12(3)23-5-2/h6-7,12-13,20H,4-5,8-11H2,1-3H3/b7-6+,19-14+",Oral,LD50,,other:,µg/piece,µg/piece,species_based_piece_to_bee,43.0,>,,,censored_or_approximate,48.0,h,48.0,Clethodim (formulation) - Select 240 EC,,,mortality,True,a99c30da-2737-4e1a-b625-aea46fce736f,doi:10.2903/j.efsa.2010.1771,2010.0,False,False,False,True,True,True,False,0,0,-1,True,structure_screen_only,True,False
28a5e59f-fff1-4421-85bd-1b2ee102848c,0ac8a792-1753-4c1f-b6ce-96928c6c12e4,3713,fe5d3bbc-b71a-4c8c-9582-5a8f4430c64e,"(E,E)-8,10-Dodecadien-1-ol",mono-constituent substance,f9177e31-3d5e-4161-b7aa-40d492bd6585,CSWBSLXBXRFNST-MQQKCMAXSA-N,CSWBSLXBXRFNST,CSWBSLXBXRFNST,C/C=C/C=C/CCCCCCCO,False,1,33956-49-9,C/C=C/C=C/CCCCCCCO,"InChI=1S/C12H22O/c1-2-3-4-5-6-7-8-9-10-11-12-13/h2-5,13H,6-12H2,1H3/b3-2+,5-4+",Contact,LD50,,other:,µg/piece,µg/piece,species_based_piece_to_bee,203.3,,,,exact,,,,Codling moth pheromone,,,mortality,True,d039f12a-4f09-4b3a-b6b5-f98fc4a85cfe,doi:10.2903/j.efsa.2021.6656,2021.0,False,True,True,True,False,True,False,0,0,0,True,structure_screen_only,True,False
f29637da-fe8e-4763-9488-99f6896cf0f5,2d918963-a3a3-48bc-aaba-b5325e82d0c5,3717,b529ec00-87b6-4816-a9bd-ed8e2b36fa70,Indoxacarb,mono-constituent substance,66bbdc64-ffc0-48f5-bd80-016f81f0672a,VBCVPMMZEGZULK-NRFANRHFSA-N,VBCVPMMZEGZULK,VBCVPMMZEGZULK,COC(=O)N(C(=O)N1CO[C@@]2(C(=O)OC)Cc3cc(Cl)ccc3C2=N1)c1ccc(OC(F)(F)F)cc1,False,1,173584-44-6,,"InChI=1S/C22H17ClF3N3O7/c1-33-18(30)21-10-12-9-13(23)3-8-16(12)17(21)27-28(11-35-21)19(31)29(20(32)34-2)14-4-6-15(7-5-14)36-22(24,25)26/h3-9H,10-11H2,1-2H3/t21-/m0/s1",Contact,LD50,,other:,µg/piece,µg/piece,species_based_piece_to_bee,0.0682,,,,exact,,,,,,,mortality,False,89305f4d-9bed-4ce8-b8c0-b032c96f73c7,doi:10.2903/j.efsa.2018.5140,2018.0,False,True,True,True,False,True,False,1,1,1,True,structure_screen_only,True,False
8e88ee41-73fc-4638-9490-b1af87440b0c,3ff01d1f-63b2-430d-b1ec-ed172cceac4a,3718,430479fd-cfe4-4980-8df8-0f5219bde074,Fluazifop-P-butyl,mono-constituent substance,23c959c3-8522-4683-8954-93bd9f786f35,VAIZTNZGPYBOGF-CYBMUJFWSA-N,VAIZTNZGPYBOGF,VAIZTNZGPYBOGF,CCCCOC(=O)[C@@H](C)Oc1ccc(Oc2ccc(C(F)(F)F)cn2)cc1,False,1,79241-46-6,CCCCOC(=O)[C@@H](C)OC1=CC=C(C=C1)OC2=NC=C(C=C2)C(F)(F)F,"InChI=1S/C19H20F3NO4/c1-3-4-11-25-18(24)13(2)26-15-6-8-16(9-7-15)27-17-10-5-14(12-23-17)19(20,21)22/h5-10,12-13H,3-4,11H2,1-2H3/t13-/m1/s1",Oral,LD50,,other:,µg/piece,µg/piece,species_based_piece_to_bee,200.0,>,,,censored_or_approximate,24.0,h,24.0,,,,mortality,False,9cac05b5-578b-427b-bead-2e39aeb34832,"EFSA Journal 2012,10(11):2945, doi:10.2903/j.efsa.2012.2945",2012.0,False,True,True,False,False,False,False,0,0,0,True,structure_screen_only,True,False
802b5226-0bd4-4916-b9cf-a5da52731008,1c40f1b3-f90e-4a9f-bec9-ad731e132744,3738,df9b063e-12ea-4212-8d2a-b2069e63be21,Benalaxyl-M,mono-constituent substance,38076fec-1310-402e-bd83-8a954898d020,CJPQIRJHIZUAQP-MRXNPFEDSA-N,CJPQIRJHIZUAQP,CJPQIRJHIZUAQP,COC(=O)[C@@H](C)N(C(=O)Cc1ccccc1)c1c(C)cccc1C,False,1,98243-83-5,C[C@@H](N(C(=O)Cc1ccccc1)c2c(C)cccc2C)C(=O)OC,"InChI=1S/C20H23NO3/c1-14-9-8-10-15(2)19(14)21(16(3)20(23)24-4)18(22)13-17-11-6-5-7-12-17/h5-12,16H,13H2,1-4H3/t16-/m1/s1",Oral,LD50,,other:,µg/piece,µg/piece,species_based_piece_to_bee,104.0,>,,,censored_or_approximate,48.0,h,48.0,,,,mortality,False,105ffa92-e807-438a-883b-65705a139a8a,doi:10.2903/j.efsa.2013.3148,2013.0,False,True,True,False,False,False,False,0,0,0,True,structure_screen_only,True,True
3c6f9469-0c2f-4c22-9058-56e1f7e7ad0b,04eeaaab-df0d-4d3a-bf21-0b5ba81eb5e4,3743,47f3a7cc-9377-4cf5-997b-00576f306d21,Spinetoram,multi-constituent substance,132648de-10e0-4e9c-922f-92b5e1056381,GOENIMGKWNZVDA-AXWVKECBSA-N,GOENIMGKWNZVDA,GOENIMGKWNZVDA,CCO[C@@H]1[C@H](OC)[C@@H](O[C@H]2C[C@@H]3CC[C@H]4[C@H](C=C5C(=O)[C@@H](C)[C@H](O[C@@H]6CC[C@@H](N(C)C)[C@H](C)O6)CCC[C@@H](CC)OC(=O)C[C@@H]54)[C@H]3C2)O[C@H](C)[C@H]1OC,False,1,935545-74-7,CC[C@@H]1CCC[C@H]([C@@H](C(=O)C2=C[C@H]3[C@@H]([C@H]2CC(=O)O1)CC[C@@H]4[C@@H]3C[C@H](C4)O[C@@H]5[C@H]([C@H]([C@@H]([C@H](O5)C)OC)OCC)OC)C)O[C@@H]6CC[C@H]([C@@H](O6)C)N(C)C,"InChI=1S/C42H69NO10/c1-10-27-13-12-14-35(53-37-18-17-34(43(6)7)24(4)49-37)23(3)38(45)33-21-31-29(32(33)22-36(44)51-27)16-15-26-19-28(20-30(26)31)52-42-41(47-9)40(48-11-2)39(46-8)25(5)50-42/h21,23-32,34-35,37,39-42H,10-20,22H2,1-9H3/t23-,24-,25+,26-,27+,28-,29-,30-,31-,32+,34+,35+,37+,39+,40-,41-,42+/m0/s1",Oral,LD50,,other:,µg/piece,µg/piece,species_based_piece_to_bee,0.11,,,,exact,72.0,h,72.0,,,,mortality,False,c00349a1-69ee-4f32-b7f4-c3c7e33b44f4,doi:10.2903/j.efsa.2013.3220,2013.0,False,True,True,True,True,True,False,1,1,1,True,structure_screen_only,False,False
27fd1276-a942-40dc-9b64-5b2d11dcc0cd,efcbdb2c-bc16-462f-bd6b-a9979ace95b3,3748,582536dd-ad5d-4ba2-8168-fe0687fc489a,Clodinafop-Propargyl,mono-constituent substance,250ab577-5bcb-4a56-9a39-caa1cfe1c282,JBDHZKLJNAIJNC-LLVKDONJSA-N,JBDHZKLJNAIJNC,JBDHZKLJNAIJNC,C#CCOC(=O)[C@@H](C)Oc1ccc(Oc2ncc(Cl)cc2F)cc1,False,1,105512-06-9,O=C(OCC#C)[C@H](OC1=CC=C(OC2=NC=C(Cl)C=C2F)C=C1)C,"InChI=1S/C17H13ClFNO4/c1-3-8-22-17(21)11(2)23-13-4-6-14(7-5-13)24-16-15(19)9-12(18)10-20-16/h1,4-7,9-11H,8H2,2H3/t11-/m1/s1",Contact,LD50,,other:,µg/piece,µg/piece,species_based_piece_to_bee,40.9,,,,exact,,,,Topik 100 EC,,,mortality,True,961a07be-fe81-470a-8d59-47997ffcf088,doi:10.2903/j.efsa.2005.34ar,2005.0,False,True,True,True,True,True,False,0,0,1,True,structure_screen_only,True,False
30306619-50b3-4043-be1d-17fb77b93eb6,4df1f68c-4d07-4487-9675-7d8be8a83e98,3750,39ed1be3-bad4-4417-9d93-30536e579a88,Azadirachtin,mono-constituent substance,c34fe78c-1844-491c-ac74-fde4390b7805,VEHPJKVTJQSSKL-OVCLIPMQSA-N,VEHPJKVTJQSSKL,VEHPJKVTJQSSKL,C/C=C(\C)C(=O)OC1CC(OC(C)=O)C2(OC(C)=O)COC3C2C12COC(O)(C(=O)OC)C2C(C)(C12OC1(C)C1CC2OC2OC=CC21O)C3O,True,1,11141-17-6,C24(C(C3C1(C=COC1OC2C3)O)(C)O4)C6(C8C5(C(CC(C7(C5C(C6O)OC7)OC(=O)C)OC(=O)C)OC(/C(=C/C)C)=O)COC8(C(=O)OC)O)C,"InChI=1S/C35H44O16/c1-8-15(2)24(38)49-18-12-19(48-16(3)36)32(26(39)43-6)13-46-21-22(32)31(18)14-47-34(42,27(40)44-7)25(31)29(4,23(21)37)35-20-11-17(30(35,5)51-35)33(41)9-10-45-28(33)50-20/h8-10,17-23,25,28,37,41-42H,11-14H2,1-7H3/b15-8+/t17-,18+,19-,20+,21-,22-,23-,25+,28+,29-,30+,31+,32+,33+,34+,35+/m1/s1",Oral,LD50,,other:,µg/piece,µg/piece,species_based_piece_to_bee,8.1,>,,,censored_or_approximate,48.0,h,48.0,,,,mortality,False,586e2dab-3b65-4e37-a7b0-06ba1cca88fd,"EFSA Journal 2011,9(3):1858, doi:10.2903/j.efsa.2011.1858",2011.0,False,False,False,True,False,True,False,0,-1,-1,True,structure_screen_only,False,False
3d9d7e77-ecf1-496b-ae0f-af609602adb5,fc9f5e0c-92e8-4cb9-bbe3-df3b15fb96e2,3753,ce91c86d-78f8-4301-8505-b6e024998880,Asulam Sodium,mono-constituent substance,eab94b9b-a675-46d4-9080-edea3535677b,PEXLHWBDBQUUOG-UHFFFAOYSA-N,PEXLHWBDBQUUOG,VGPYEHKOIGNJKV,COC(=O)NS(=O)(=O)c1ccc(N)cc1.[Na+],False,2,2302-17-2,COC(=O)NS(=O)(=O)C1=CC=C(C=C1)N.[Na+],"InChI=1S/C8H10N2O4S.Na/c1-14-8(11)10-15(12,13)7-4-2-6(9)3-5-7;/h2-5H,9H2,1H3,(H,10,11);/q;+1",Contact,LD50,,other:,µg/piece,µg/piece,species_based_piece_to_bee,100.0,>,,,censored_or_approximate,48.0,h,48.0,,,,mortality,False,3ffa2fb1-7949-4bd5-bed0-fb2c103778cc,doi:10.2903/j.efsa.2010.1822,2010.0,False,True,True,True,True,True,False,0,0,0,True,structure_screen_only,True,True
390dec97-8b2e-46e6-a5f1-7f0ddb7cb3ed,94d94995-25eb-4996-9efd-cba77dfb2d6f,3755,ce91c86d-78f8-4301-8505-b6e024998880,Asulam Sodium,mono-constituent substance,eab94b9b-a675-46d4-9080-edea3535677b,PEXLHWBDBQUUOG-UHFFFAOYSA-N,PEXLHWBDBQUUOG,VGPYEHKOIGNJKV,COC(=O)NS(=O)(=O)c1ccc(N)cc1.[Na+],False,2,2302-17-2,COC(=O)NS(=O)(=O)C1=CC=C(C=C1)N.[Na+],"InChI=1S/C8H10N2O4S.Na/c1-14-8(11)10-15(12,13)7-4-2-6(9)3-5-7;/h2-5H,9H2,1H3,(H,10,11);/q;+1",Contact,LD50,,other:,µg/piece,µg/piece,species_based_piece_to_bee,100.0,>,,,censored_or_approximate,,,,Asulam,,,mortality,True,eee02687-eb6a-49b4-a9c5-fba1d4756995,"EFSA Journal 2018,16(4):5251, doi:10.2903/j.efsa.2018.5251",2018.0,False,True,True,True,True,True,False,0,0,0,True,structure_screen_only,True,False
d77b398e-5039-4fdc-8407-63548934a382,043ee03c-7267-4bd9-bcc8-17006a572ede,3763,06e8b19e-3e1e-45c5-a8f6-5f601e7e8409,Napropamide-M,mono-constituent substance,493614ac-1959-4ea3-b1a6-1c6d268556b5,WXZVAROIGSFCFJ-CYBMUJFWSA-N,WXZVAROIGSFCFJ,WXZVAROIGSFCFJ,CCN(CC)C(=O)[C@@H](C)Oc1cccc2ccccc12,False,1,41643-35-0,C[C@@H](OC1=C2C=CC=CC2=CC=C1)C(N(CC)CC)=O,"InChI=1S/C17H21NO2/c1-4-18(5-2)17(19)13(3)20-16-12-8-10-14-9-6-7-11-15(14)16/h6-13H,4-5H2,1-3H3/t13-/m1/s1",Contact,LD50,,other:,µg/piece,µg/piece,species_based_piece_to_bee,110.0,>,,,censored_or_approximate,,,,D-Devrinol 450 SC,,,mortality,True,ab9aa532-5c1c-42af-8a1c-d8060924ea1e,"EFSA Journal 2018,16(11):5465, doi:10.2903/j.efsa.2018.5465",2018.0,False,True,True,False,False,False,False,0,0,0,True,structure_screen_only,True,False
763dd023-6a51-4331-b7b5-4d53b6976952,d6313348-84bc-46ec-8ff4-d20cdffcc9b1,3794,0048d075-d1f9-4b12-b806-c0e845a6f424,Thiamethoxam,mono-constituent substance,e63cc611-77aa-46b3-a39c-2d7cda4986b6,NWWZPOKUUAIXIW-DHZHZOJOSA-N,NWWZPOKUUAIXIW,NWWZPOKUUAIXIW,CN1COCN(Cc2cnc(Cl)s2)/C1=N/[N+](=O)[O-],False,1,153719-23-4,CN\1COCN(/C1=N/[N+](=O)[O-])CC2=CN=C(S2)Cl,"InChI=1S/C8H10ClN5O3S/c1-12-4-17-5-13(8(12)11-14(15)16)3-6-2-10-7(9)18-6/h2H,3-5H2,1H3/b11-8+",Oral,LD50,,other:,µg/piece,µg/piece,species_based_piece_to_bee,0.005,,,,exact,,,,,,,mortality,False,7bfe09b7-88f5-4ab5-b8d1-39f26f556d5a,doi:10.2903/j.efsa.2013.3067,2013.0,False,True,True,True,False,True,False,1,1,1,True,structure_screen_only,True,False
827cef49-c110-4a7d-bfb5-710d83d7e646,7791953d-1ee9-4dff-89bc-c02795a44387,3795,582536dd-ad5d-4ba2-8168-fe0687fc489a,Clodinafop-Propargyl,mono-constituent substance,250ab577-5bcb-4a56-9a39-caa1cfe1c282,JBDHZKLJNAIJNC-LLVKDONJSA-N,JBDHZKLJNAIJNC,JBDHZKLJNAIJNC,C#CCOC(=O)[C@@H](C)Oc1ccc(Oc2ncc(Cl)cc2F)cc1,False,1,105512-06-9,O=C(OCC#C)[C@H](OC1=CC=C(OC2=NC=C(Cl)C=C2F)C=C1)C,"InChI=1S/C17H13ClFNO4/c1-3-8-22-17(21)11(2)23-13-4-6-14(7-5-13)24-16-15(19)9-12(18)10-20-16/h1,4-7,9-11H,8H2,2H3/t11-/m1/s1",Oral,LD50,,other:,µg/piece,µg/piece,species_based_piece_to_bee,104.0,>,,,censored_or_approximate,,,,,,,mortality,False,2c11c2fe-3485-4206-af66-14c43994db7f,"EFSA Journal 2018,16(11):5467, doi:10.2903/j.efsa.2018.5467",2018.0,False,True,True,True,True,True,False,0,0,0,True,structure_screen_only,True,False
a5ed7032-55f2-4511-a5c0-fa6bf240119f,329763ed-c90f-4011-9f40-cf74ae89cf69,3797,ce91c86d-78f8-4301-8505-b6e024998880,Asulam Sodium,mono-constituent substance,eab94b9b-a675-46d4-9080-edea3535677b,PEXLHWBDBQUUOG-UHFFFAOYSA-N,PEXLHWBDBQUUOG,VGPYEHKOIGNJKV,COC(=O)NS(=O)(=O)c1ccc(N)cc1.[Na+],False,2,2302-17-2,COC(=O)NS(=O)(=O)C1=CC=C(C=C1)N.[Na+],"InChI=1S/C8H10N2O4S.Na/c1-14-8(11)10-15(12,13)7-4-2-6(9)3-5-7;/h2-5H,9H2,1H3,(H,10,11);/q;+1",Contact,LD50,,other:,µg/piece,µg/piece,species_based_piece_to_bee,100.0,>,,,censored_or_approximate,,,,,,,mortality,False,c776af5e-597a-4e5d-a762-90a9c48dbb86,doi:10.2903/j.efsa.2021.6921,2021.0,False,True,True,True,True,True,False,0,0,0,True,structure_screen_only,True,False
b1bfa96f-17f0-43ab-a072-4e6c33a45c7e,07412609-937b-4d1f-946d-54fe0600051a,3800|3801,cfd9fc52-68f4-439d-9c56-cc77bfcdcddf,Gibberellic acid,mono-constituent substance,2144421d-a63a-4403-9ea3-bf7541949988,IXORZMNAPKEEDV-OBDJNFEBSA-N,IXORZMNAPKEEDV,IXORZMNAPKEEDV,C=C1C[C@]23C[C@@]1(O)CC[C@H]2[C@@]12C=C[C@H](O)[C@@](C)(C(=O)O1)[C@H]2[C@@H]3C(=O)O,False,1,77-06-5,C[C@@]12[C@H](C=C[C@@]3([C@@H]1[C@@H]([C@]45[C@H]3CC[C@](C4)(C(=C)C5)O)C(=O)O)OC2=O)O,"InChI=1S/C19H22O6/c1-9-7-17-8-18(9,24)5-3-10(17)19-6-4-11(20)16(2,15(23)25-19)13(19)12(17)14(21)22/h4,6,10-13,20,24H,1,3,5,7-8H2,2H3,(H,21,22)/t10-,11+,12-,13-,16-,17+,18+,19-/m1/s1",Contact,LD50,,other:,µg/piece,µg/piece,species_based_piece_to_bee,25.0,>,,,censored_or_approximate,,,,,,,mortality,False,31d240a9-add4-49af-883b-0c6ebaee4e80|6f3381db-c6a5-49b9-955e-1429ecbc45c6,"EFSA Journal 2012,10(1):2507, doi:10.2903/j.efsa.2012.2507|EFSA Journal. 2024;22:e9065; doi:10.2903/j.efsa.2024.9065",2012.0|2024.0,False,True,True,True,True,True,False,0,0,-1,True,structure_screen_only,True,False
26146679-0b4b-4620-907e-eb4ec541dc9e,83da4fc8-1b65-466f-9238-c5fb900b440b,3803,ac90fafa-e01a-4d10-a117-b6f40bc2ceff,Dicopper chloride trihydroxide,mono-constituent substance,cf211858-d5f5-43f1-acca-ad62813fd116,SKQUUKNCBWILCD-UHFFFAOYSA-J,SKQUUKNCBWILCD,XLYOFNOQVPJJNP,[Cl-].[Cu+2].[Cu+2].[OH-].[OH-].[OH-],False,6,1332-65-6,[OH-].[OH-].[OH-].[Cl-].[Cu+2].[Cu+2],InChI=1S/ClH.2Cu.3H2O/h1H;;;3*1H2/q;2*+2;;;/p-4,Oral,LD50,,other:,µg/piece,µg/piece,species_based_piece_to_bee,12.1,,,,exact,,,,,,,mortality,False,317a7bf0-b2ac-4c6b-8dc3-8b1806c0ad62,doi:10.2903/j.efsa.2018.5152,2018.0,False,False,True,False,False,False,False,0,0,1,True,structure_screen_only,True,False
cf1a3f1c-0d6b-4f48-a090-1acf48520d87,64656d93-a1eb-4252-a679-b74c1fd7556c,3807,153e3ea3-2e72-404e-a564-55a32e7e101f,Sintofen,mono-constituent substance,6fa4ce33-9c7d-45b7-a65d-fb935b19e230,QLMNCUHSDAGQGT-UHFFFAOYSA-N,QLMNCUHSDAGQGT,QLMNCUHSDAGQGT,COCCOc1cccc2c1c(=O)c(C(=O)O)nn2-c1ccc(Cl)cc1,False,1,130561-48-7,O=C(O)C2=NN(c1ccc(Cl)cc1)c3cccc(OCCOC)c3C2=O,"InChI=1S/C18H15ClN2O5/c1-25-9-10-26-14-4-2-3-13-15(14)17(22)16(18(23)24)20-21(13)12-7-5-11(19)6-8-12/h2-8H,9-10H2,1H3,(H,23,24)",Oral,LD50,,other:,µg/piece,µg/piece,species_based_piece_to_bee,100.0,>,,,censored_or_approximate,48.0,h,48.0,Sintofen (formulation) - Croisor 100 SL,,,mortality,True,bb58c4dc-3d2c-433b-bc90-a676e426bef5,doi:10.2903/j.efsa.2010.1931,2010.0,False,False,False,True,True,True,False,0,0,0,True,structure_screen_only,True,False
e490b3bd-2cf1-4eb3-8419-ec0e1ff1f1d3,8480184d-06bf-48b8-9744-ed43d376cae6,3816,4104338f-ade3-4caa-9a0b-aa7f59b2f674,Dimethenamid-p,mono-constituent substance,2bbf5e47-9768-48c9-b961-f5b0d3702360,JLYFCTQDENRSOL-VIFPVBQESA-N,JLYFCTQDENRSOL,JLYFCTQDENRSOL,COC[C@H](C)N(C(=O)CCl)c1c(C)csc1C,False,1,163515-14-8,CC1=CSC(=C1N([C@@H](C)COC)C(=O)CCl)C,"InChI=1S/C12H18ClNO2S/c1-8-7-17-10(3)12(8)14(11(15)5-13)9(2)6-16-4/h7,9H,5-6H2,1-4H3/t9-/m0/s1",Contact,LD50,,other:,µg/piece,µg/piece,species_based_piece_to_bee,93.8,,,,exact,48.0,h,48.0,BAS 656 H,,,mortality,True,9176d8c7-c354-4973-9f66-6d42a4332198,"EFSA Journal 2018,16(3):5211, doi:10.2903/j.efsa.2018.5211",2018.0,False,True,True,True,True,True,False,0,0,1,True,structure_screen_only,True,False
5038878c-528b-4929-898e-b7c09b05eb97,93878d2d-fc76-4acf-8cb1-29d99440a1da,3822,0048d075-d1f9-4b12-b806-c0e845a6f424,Thiamethoxam,mono-constituent substance,e63cc611-77aa-46b3-a39c-2d7cda4986b6,NWWZPOKUUAIXIW-DHZHZOJOSA-N,NWWZPOKUUAIXIW,NWWZPOKUUAIXIW,CN1COCN(Cc2cnc(Cl)s2)/C1=N/[N+](=O)[O-],False,1,153719-23-4,CN\1COCN(/C1=N/[N+](=O)[O-])CC2=CN=C(S2)Cl,"InChI=1S/C8H10ClN5O3S/c1-12-4-17-5-13(8(12)11-14(15)16)3-6-2-10-7(9)18-6/h2H,3-5H2,1H3/b11-8+",Contact,LD50,,other:,g/ha,g/ha,ineligible_unit,,,,,missing_or_ineligible,72.0,h,72.0,Formulation: Actara (25.2 % thiamethoxam),,,mortality,True,9b2995b9-c35c-4ab9-84b0-7654eb4b596d,doi:10.2903/j.efsa.2012.2601,2012.0,False,True,True,True,False,True,False,-1,-1,-1,False,structure_screen_only,False,False
aed457b8-9ac9-4f32-a175-a13db6c9d6b9,1667362d-2d19-45ee-b3f7-feee46f93628,3823|3824,8b29bc03-cc0a-4ba2-ac9e-c3aa6a409757,Mecoprop-P,mono-constituent substance,d8f68e07-ccad-4086-99d6-fef815046e22,WNTGYJSOUMFZEP-SSDOTTSWSA-N,WNTGYJSOUMFZEP,WNTGYJSOUMFZEP,Cc1cc(Cl)ccc1O[C@H](C)C(=O)O,False,1,16484-77-8,C[C@@H](OC1=C(C)C=C(Cl)C=C1)C(O)=O,"InChI=1S/C10H11ClO3/c1-6-5-8(11)3-4-9(6)14-7(2)10(12)13/h3-5,7H,1-2H3,(H,12,13)/t7-/m1/s1",Contact,LD50,,other:,µg/piece,µg/piece,species_based_piece_to_bee,83.0,>,,,censored_or_approximate,48.0,h,48.0,MCPP-P DMA formulated as water soluble concentrate liquid (SL),act. ingr.,,mortality,True,df421e86-d1fa-48f8-8445-344ef78b1b3e|e85276bc-9de7-4a61-b311-971e7137d8fb,"EFSA Journal 2023,21(10):8344, doi:10.2903/j.efsa.2023.8344|doi:10.2903/j.efsa.2017.4832",2017.0|2023.0,False,True,True,False,False,False,False,0,0,-1,True,structure_screen_only,True,False
c4d053b9-8b67-439f-b73e-f81f3d614604,c52e05d4-c597-480a-8153-76811e149ff8,3828,df3cee97-bc01-4f67-9505-c907af05a2e1,Maltodextrin,polymer,950ee417-2e31-477e-ab14-39fd5e091acb,GZCGUPFRVQAUEE-SLPGGIOYSA-N,GZCGUPFRVQAUEE,GZCGUPFRVQAUEE,O=C[C@H](O)[C@@H](O)[C@H](O)[C@H](O)CO,False,1,9050-36-6,O=C[C@@H]([C@H]([C@@H]([C@@H](CO)O)O)O)O,"InChI=1S/C6H12O6/c7-1-3(9)5(11)6(12)4(10)2-8/h1,3-6,8-12H,2H2/t3-,4+,5+,6+/m0/s1",Contact,LD50,,other:,µg/piece,µg/piece,species_based_piece_to_bee,200.0,>,,,censored_or_approximate,,,,Preparation: Eradicoat,,,mortality,True,7f2d3d9d-b143-423b-bd98-7c9d326af77e,doi:10.2903/j.efsa.2013.3007,2013.0,False,True,True,True,True,True,False,0,0,0,True,structure_screen_only,False,False
2e536aa3-f805-4261-8644-e4d01b43614d,fc1a66ff-d926-47f8-97da-d22054308db3,3839,4104338f-ade3-4caa-9a0b-aa7f59b2f674,Dimethenamid-p,mono-constituent substance,2bbf5e47-9768-48c9-b961-f5b0d3702360,JLYFCTQDENRSOL-VIFPVBQESA-N,JLYFCTQDENRSOL,JLYFCTQDENRSOL,COC[C@H](C)N(C(=O)CCl)c1c(C)csc1C,False,1,163515-14-8,CC1=CSC(=C1N([C@@H](C)COC)C(=O)CCl)C,"InChI=1S/C12H18ClNO2S/c1-8-7-17-10(3)12(8)14(11(15)5-13)9(2)6-16-4/h7,9H,5-6H2,1-4H3/t9-/m0/s1",Oral,LD50,,other:,µg/piece,µg/piece,species_based_piece_to_bee,118.8,,,,exact,48.0,h,48.0,BAS 656 H,,,mortality,True,9176d8c7-c354-4973-9f66-6d42a4332198,"EFSA Journal 2018,16(3):5211, doi:10.2903/j.efsa.2018.5211",2018.0,False,True,True,True,True,True,False,0,0,0,True,structure_screen_only,True,False
7ab201e7-9b0c-44a0-a5ca-ef674c6d1353,b6abc8c8-4176-4e15-b9cb-5477250f4112,3845,1a12a5f4-7fc6-494d-b9ff-4bab4072af13,Metalaxyl-M,mono-constituent substance,60595b52-5186-4ab5-84f9-1dd5e88b8f87,ZQEIXNIJLIKNTD-GFCCVEGCSA-N,ZQEIXNIJLIKNTD,ZQEIXNIJLIKNTD,COCC(=O)N(c1c(C)cccc1C)[C@H](C)C(=O)OC,False,1,70630-17-0,CC1=C(C(=CC=C1)C)N([C@H](C)C(=O)OC)C(=O)COC,"InChI=1S/C15H21NO4/c1-10-7-6-8-11(2)14(10)16(13(17)9-19-4)12(3)15(18)20-5/h6-8,12H,9H2,1-5H3/t12-/m1/s1",Oral,LD50,,other:,µg/piece,µg/piece,species_based_piece_to_bee,97.3,>,,,censored_or_approximate,,,,,,,mortality,False,f547b6c2-71cb-4264-9ba2-5a100facd114,doi:10.2903/j.efsa.2015.3999,2015.0,False,True,True,False,False,False,False,0,0,-1,True,structure_screen_only,True,False
68abfea9-f05b-490f-ac9d-098b56230a7f,c012effb-b1d6-4219-9891-b5df49ce7334,3856,582536dd-ad5d-4ba2-8168-fe0687fc489a,Clodinafop-Propargyl,mono-constituent substance,250ab577-5bcb-4a56-9a39-caa1cfe1c282,JBDHZKLJNAIJNC-LLVKDONJSA-N,JBDHZKLJNAIJNC,JBDHZKLJNAIJNC,C#CCOC(=O)[C@@H](C)Oc1ccc(Oc2ncc(Cl)cc2F)cc1,False,1,105512-06-9,O=C(OCC#C)[C@H](OC1=CC=C(OC2=NC=C(Cl)C=C2F)C=C1)C,"InChI=1S/C17H13ClFNO4/c1-3-8-22-17(21)11(2)23-13-4-6-14(7-5-13)24-16-15(19)9-12(18)10-20-16/h1,4-7,9-11H,8H2,2H3/t11-/m1/s1",Contact,LD50,,other:,µg/piece,µg/piece,species_based_piece_to_bee,271.4,>,,,censored_or_approximate,,,,,,,mortality,False,2c11c2fe-3485-4206-af66-14c43994db7f,"EFSA Journal 2018,16(11):5467, doi:10.2903/j.efsa.2018.5467",2018.0,False,True,True,True,True,True,False,0,0,0,True,structure_screen_only,True,False
6b71b23d-de37-4a0d-b59b-ae4eb894fd19,7402e66d-3585-4a49-9c72-e10a39ea5341,3875,cfd9fc52-68f4-439d-9c56-cc77bfcdcddf,Gibberellic acid,mono-constituent substance,2144421d-a63a-4403-9ea3-bf7541949988,IXORZMNAPKEEDV-OBDJNFEBSA-N,IXORZMNAPKEEDV,IXORZMNAPKEEDV,C=C1C[C@]23C[C@@]1(O)CC[C@H]2[C@@]12C=C[C@H](O)[C@@](C)(C(=O)O1)[C@H]2[C@@H]3C(=O)O,False,1,77-06-5,C[C@@]12[C@H](C=C[C@@]3([C@@H]1[C@@H]([C@]45[C@H]3CC[C@](C4)(C(=C)C5)O)C(=O)O)OC2=O)O,"InChI=1S/C19H22O6/c1-9-7-17-8-18(9,24)5-3-10(17)19-6-4-11(20)16(2,15(23)25-19)13(19)12(17)14(21)22/h4,6,10-13,20,24H,1,3,5,7-8H2,2H3,(H,21,22)/t10-,11+,12-,13-,16-,17+,18+,19-/m1/s1",Oral,LD50,,µg/bee,,µg/bee,direct_ug_bee,114.0,>,,,censored_or_approximate,,,,ProGibb 40 SG,act. ingr.,,mortality,True,31d240a9-add4-49af-883b-0c6ebaee4e80,EFSA Journal. 2024;22:e9065; doi:10.2903/j.efsa.2024.9065,2024.0,False,True,True,True,True,True,False,0,0,0,True,structure_screen_only,True,False
965db0f9-ff00-41ca-91f7-29b11f38e7f6,941d768f-c6a9-4b2a-80e8-e827b108a26b,3880,d937f903-9e5f-4fea-bb4b-93b44ff2e118,Fenoxaprop-P-Ethyl,mono-constituent substance,7f3765a2-7ed1-4484-a0d4-2092a03aae22,PQKBPHSEKWERTG-LLVKDONJSA-N,PQKBPHSEKWERTG,PQKBPHSEKWERTG,CCOC(=O)[C@@H](C)Oc1ccc(Oc2nc3ccc(Cl)cc3o2)cc1,False,1,71283-80-2,CCOC(=O)[C@@H](C)OC1=CC=C(C=C1)OC2=NC3=C(O2)C=C(C=C3)Cl,"InChI=1S/C18H16ClNO5/c1-3-22-17(21)11(2)23-13-5-7-14(8-6-13)24-18-20-15-9-4-12(19)10-16(15)25-18/h4-11H,3H2,1-2H3/t11-/m1/s1",Oral,LD50,,other:,µg/piece,µg/piece,species_based_piece_to_bee,199.0,>,,,censored_or_approximate,48.0,h,48.0,,,,mortality,False,956b9a59-353e-43c8-81e5-17c51feff204,doi:10.2903/j.efsa.2007.121r,2007.0,False,True,True,False,False,False,False,0,0,0,True,structure_screen_only,True,True
fe2e1b6c-6da0-4796-ace7-16a484054e3c,7a84dab8-345e-455f-a3fb-d89380ddcd47,3927,4c33f8e7-c9f4-4f77-8591-0baf4febfddd,Dichlorprop-p,mono-constituent substance,d74149fb-8ecf-4a9a-950c-117f70177adc,MZHCENGPTKEIGP-RXMQYKEDSA-N,MZHCENGPTKEIGP,MZHCENGPTKEIGP,C[C@@H](Oc1ccc(Cl)cc1Cl)C(=O)O,False,1,15165-67-0,Clc1cc(Cl)ccc1O[C@H](C)C(=O)O,"InChI=1S/C9H8Cl2O3/c1-5(9(12)13)14-8-3-2-6(10)4-7(8)11/h2-5H,1H3,(H,12,13)/t5-/m1/s1",Contact,LD50,,other:,µg/piece,µg/piece,species_based_piece_to_bee,200.0,>,,,censored_or_approximate,,,,,,,mortality,False,8756ea66-3793-4903-9527-af1cda33ace4,"EFSA Journal 2018,16(5):5288, doi:10.2903/j.efsa.2018.5288",2018.0,False,True,True,False,False,False,False,0,0,0,True,structure_screen_only,True,False
aeb65af6-2998-4099-b952-946ec26873ab,07e97a19-40d3-43ae-bd59-e36e5fb91e23,3931,48dcd99a-854b-4708-a675-b7c923d914df,"Hydroxyquinoline sulfate, 8-",mono-constituent substance,fe0ba7a3-6744-4eb5-8285-082e0253e9a4,YYVFXSYQSOZCOQ-UHFFFAOYSA-N,YYVFXSYQSOZCOQ,MCJGNVYPOGVAJF,O=S(=O)([O-])[O-].Oc1cccc2ccc[nH+]c12.Oc1cccc2ccc[nH+]c12,False,3,134-31-6,OC1=C2C(C=CC=[NH+]2)=CC=C1.[O-]S([O-])(=O)=O.OC3=C4C(C=CC=[NH+]4)=CC=C3,"InChI=1S/2C9H7NO.H2O4S/c2*11-8-5-1-3-7-4-2-6-10-9(7)8;1-5(2,3)4/h2*1-6,11H;(H2,1,2,3,4)",Oral,LD50,,other:,µg/piece,µg/piece,species_based_piece_to_bee,68.64,>,,,censored_or_approximate,,,,8-Hydroxyquinoline sulphate formulation: Beltanol-L,,,mortality,True,23dfbea3-6e21-4bb2-8a35-955eaa0b9020,doi:10.2903/j.efsa.2016.4493,2016.0,False,False,True,False,False,False,False,0,0,-1,True,structure_screen_only,True,False
c8a96c9e-140e-4423-8725-51f8a24d0932,293beb1c-69ab-4a95-8040-bf415c3b406b,3948,25f29b3b-d1dc-46cc-8a0f-599ec64a044a,"Cyhalothrin, gamma-",mono-constituent substance,7caaafb4-7c4c-4aa4-b19c-61fa40222bd8,ZXQYGBMAQZUVMI-GCMPRSNUSA-N,ZXQYGBMAQZUVMI,ZXQYGBMAQZUVMI,CC1(C)[C@H](C(=O)O[C@H](C#N)c2cccc(Oc3ccccc3)c2)[C@@H]1/C=C(\Cl)C(F)(F)F,False,1,76703-62-3,CC1([C@H]([C@H]1C(=O)O[C@H](C#N)C2=CC(=CC=C2)OC3=CC=CC=C3)/C=C(/C(F)(F)F)\Cl)C,"InChI=1S/C23H19ClF3NO3/c1-22(2)17(12-19(24)23(25,26)27)20(22)21(29)31-18(13-28)14-7-6-10-16(11-14)30-15-8-4-3-5-9-15/h3-12,17-18,20H,1-2H3/b19-12-/t17-,18+,20-/m0/s1",Oral,LD50,,other:,µg/piece,µg/piece,species_based_piece_to_bee,4.2,,,,exact,48.0,h,48.0,,,,mortality,False,7136487b-2e9e-4537-a86c-37837821d888,"EFSA Journal 2014,12(2):3560, doi:10.2903/j.efsa.2014.3560",2014.0,False,True,True,False,False,False,False,0,1,1,True,structure_screen_only,True,True
8b54f433-7c21-4808-a2e7-64e3e8cf6b18,be3d75d5-75e8-4f6c-a7a0-47c6940cce55,3953,1a12a5f4-7fc6-494d-b9ff-4bab4072af13,Metalaxyl-M,mono-constituent substance,60595b52-5186-4ab5-84f9-1dd5e88b8f87,ZQEIXNIJLIKNTD-GFCCVEGCSA-N,ZQEIXNIJLIKNTD,ZQEIXNIJLIKNTD,COCC(=O)N(c1c(C)cccc1C)[C@H](C)C(=O)OC,False,1,70630-17-0,CC1=C(C(=CC=C1)C)N([C@H](C)C(=O)OC)C(=O)COC,"InChI=1S/C15H21NO4/c1-10-7-6-8-11(2)14(10)16(13(17)9-19-4)12(3)15(18)20-5/h6-8,12H,9H2,1-5H3/t12-/m1/s1",Contact,LD50,,other:,µg/piece,µg/piece,species_based_piece_to_bee,100.0,>,,,censored_or_approximate,,,,,,,mortality,False,f547b6c2-71cb-4264-9ba2-5a100facd114,doi:10.2903/j.efsa.2015.3999,2015.0,False,True,True,False,False,False,False,0,0,0,True,structure_screen_only,True,False
dcc95936-debd-4f17-b4bd-4e809ec46314,15a1562e-f35e-4d11-a186-11089bad2baf,3969,df9b063e-12ea-4212-8d2a-b2069e63be21,Benalaxyl-M,mono-constituent substance,38076fec-1310-402e-bd83-8a954898d020,CJPQIRJHIZUAQP-MRXNPFEDSA-N,CJPQIRJHIZUAQP,CJPQIRJHIZUAQP,COC(=O)[C@@H](C)N(C(=O)Cc1ccccc1)c1c(C)cccc1C,False,1,98243-83-5,C[C@@H](N(C(=O)Cc1ccccc1)c2c(C)cccc2C)C(=O)OC,"InChI=1S/C20H23NO3/c1-14-9-8-10-15(2)19(14)21(16(3)20(23)24-4)18(22)13-17-11-6-5-7-12-17/h5-12,16H,13H2,1-4H3/t16-/m1/s1",Contact,LD50,,other:,µg/piece,µg/piece,species_based_piece_to_bee,100.0,>,,,censored_or_approximate,48.0,h,48.0,,,,mortality,False,105ffa92-e807-438a-883b-65705a139a8a,doi:10.2903/j.efsa.2013.3148,2013.0,False,True,True,False,False,False,False,0,0,0,True,structure_screen_only,True,True
a14320d7-9b95-4c89-91d3-2cbf0457b1d1,b224a978-0c26-4a73-afd0-710c233f187d,3979,127efc81-044d-4c99-9879-11ccdab6a82e,Lambda-Cyhalothrin,mono-constituent substance,ff1175ab-26c0-44ad-8338-a78ef648b2f5,ZXQYGBMAQZUVMI-GCMPRSNUSA-N,ZXQYGBMAQZUVMI,ZXQYGBMAQZUVMI,CC1(C)[C@H](C(=O)O[C@H](C#N)c2cccc(Oc3ccccc3)c2)[C@@H]1/C=C(\Cl)C(F)(F)F,True,1,91465-08-6,C1([C@H]([C@H]1C(O[C@@H](c1cc(Oc2ccccc2)ccc1)C#N)=O)\C=C(\C(F)(F)F)Cl)(C)C,"InChI=1S/2C23H19ClF3NO3/c2*1-22(2)17(12-19(24)23(25,26)27)20(22)21(29)31-18(13-28)14-7-6-10-16(11-14)30-15-8-4-3-5-9-15/h2*3-12,17-18,20H,1-2H3/b2*19-12-/t2*17-,18+,20-/m10/s1",Oral,LD50,,other:,µg/piece,µg/piece,species_based_piece_to_bee,0.91,,,,exact,,,,,,,mortality,False,91dc1983-0f27-4bc3-b4f9-3f665709aae9,"EFSA Journal 2014,12(5):3677, doi:10.2903/j.efsa.2014.3677",2014.0,False,True,True,False,False,False,False,1,1,1,True,structure_screen_only,False,False
9613bc91-8bdd-4675-af2e-fb8645e48ffd,b958f0e2-0385-4c77-9192-48859f2cf2c4,3989,20c90579-fee7-4174-931d-905786d91abc,Flurochloridone,multi-constituent substance,3a5f0a1e-bc8c-47c1-b3fb-f7f1baab9548,UTBJLKDVQNCKAS-UHFFFAOYSA-N,UTBJLKDVQNCKAS,UTBJLKDVQNCKAS,Cn1cc(C(N)=O)c(C(F)(F)F)n1,True,1,61213-25-0,CN1C=C(C(=N1)C(F)(F)F)C(=O)N,"InChI=1S/C12H10Cl2F3NO/c13-5-7-6-18(11(19)10(7)14)9-3-1-2-8(4-9)12(15,16)17/h1-4,7,10H,5-6H2",Oral,LD50,,other:,µg/piece,µg/piece,species_based_piece_to_bee,100.0,,,,exact,48.0,h,48.0,,,,mortality,False,397ed114-4203-46f8-85eb-1de1225f9da2,"EFSA Journal 2010,8(12):1869, doi:10.2903/j.efsa.2010.1869",2010.0,False,False,False,True,True,True,False,0,0,1,True,structure_screen_only,False,False
e9435632-fe01-43a2-bf3c-d8c4ea5adc41,47b2f52f-eaa6-496f-933d-060c7ede738a,3994|3995,4c33f8e7-c9f4-4f77-8591-0baf4febfddd,Dichlorprop-p,mono-constituent substance,d74149fb-8ecf-4a9a-950c-117f70177adc,MZHCENGPTKEIGP-RXMQYKEDSA-N,MZHCENGPTKEIGP,MZHCENGPTKEIGP,C[C@@H](Oc1ccc(Cl)cc1Cl)C(=O)O,False,1,15165-67-0,Clc1cc(Cl)ccc1O[C@H](C)C(=O)O,"InChI=1S/C9H8Cl2O3/c1-5(9(12)13)14-8-3-2-6(10)4-7(8)11/h2-5H,1H3,(H,12,13)/t5-/m1/s1",Oral,LD50,,other:,µg/piece,µg/piece,species_based_piece_to_bee,200.0,>,,,censored_or_approximate,48.0,h,48.0,,,,mortality,False,c7d1681e-b117-4c9c-a919-39971178fd28|e469552f-3c2c-4327-8373-b831aa8e55a5,DOI:10.2903/j.efsa.2024.8658|doi:10.2903/j.efsa.2006.52r,2006.0|2024.0,False,True,True,False,False,False,False,0,0,0,True,structure_screen_only,True,True
297488c8-74a4-4ffc-8bf6-b7cda98fc851,2d1ce9ac-d27a-472f-9727-db03aea7d5ee,3996,a4135876-f27e-444c-aeff-3a6316f6b4a4,Benthiavalicarb isopropyl,mono-constituent substance,473f3794-b3e5-4ead-a162-661507756b00,USRKFGIXLGKMKU-ABAIWWIYSA-N,USRKFGIXLGKMKU,USRKFGIXLGKMKU,CC(C)OC(=O)N[C@H](C(=O)N[C@H](C)c1nc2ccc(F)cc2s1)C(C)C,False,1,177406-68-7,CC(C)[C@H](NC(=O)OC(C)C)C(=O)N[C@H](C)c1nc2ccc(F)cc2s1,"InChI=1S/C18H24FN3O3S/c1-9(2)15(22-18(24)25-10(3)4)16(23)20-11(5)17-21-13-7-6-12(19)8-14(13)26-17/h6-11,15H,1-5H3,(H,20,23)(H,22,24)/t11-,15+/m1/s1",Contact,LD50,,other:,µg/piece,µg/piece,species_based_piece_to_bee,100.0,>,,,censored_or_approximate,,,,,,,mortality,False,8a144198-5691-4244-b18c-66bc0f0a6484,doi:10.2903/j.efsa.2021.6833,2021.0,False,True,True,True,True,True,False,0,0,0,True,structure_screen_only,True,False
ac4b5129-a91a-484e-b8b5-f1c4735b44a4,fda47dd7-3a99-4df7-81aa-dac5b634bbd3,4009,23c51a5e-7a64-48ef-964c-641475fbf5ed,Clethodim,mono-constituent substance,ee846494-ed72-4d12-a58a-a7cf92ffea56,SILSDTWXNBZOGF-KUZBFYBWSA-N,SILSDTWXNBZOGF,SILSDTWXNBZOGF,CCSC(C)CC1CC(=O)C(/C(CC)=N/OC/C=C/Cl)=C(O)C1,False,1,99129-21-2,CC/C(=N\OC\C=C\Cl)C1=C(O)CC(CC(C)SCC)CC1=O,"InChI=1S/C17H26ClNO3S/c1-4-14(19-22-8-6-7-18)17-15(20)10-13(11-16(17)21)9-12(3)23-5-2/h6-7,12-13,20H,4-5,8-11H2,1-3H3/b7-6+,19-14+",Oral,LD50,,other:,µg/piece,µg/piece,species_based_piece_to_bee,43.0,>,,,censored_or_approximate,48.0,h,48.0,Clethodim (formulation) - Select 240 EC,,,mortality,True,22033f51-7743-4f43-8016-5e16f4738a06,"EFSA Journal 2011,9(10):2417, doi:10.2903/j.efsa.2011.2417",2011.0,False,False,False,True,True,True,False,0,0,-1,True,structure_screen_only,True,False
d42a24e3-7968-44d5-9b6d-231cab34cbf9,6899a1c6-72d1-4973-8b6e-dd839202af69,4012,f59ef534-85ce-4110-be59-429b96408d30,Picoxystrobin,mono-constituent substance,ee9add0f-5298-4024-8a3b-322bcff5b9b8,IBSNKSODLGJUMQ-SDNWHVSQSA-N,IBSNKSODLGJUMQ,IBSNKSODLGJUMQ,CO/C=C(/C(=O)OC)c1ccccc1COc1cccc(C(F)(F)F)n1,False,1,117428-22-5,O=C(/C(C1=C(COC2=NC(C(F)(F)F)=CC=C2)C=CC=C1)=C/OC)OC,"InChI=1S/C18H16F3NO4/c1-24-11-14(17(23)25-2)13-7-4-3-6-12(13)10-26-16-9-5-8-15(22-16)18(19,20)21/h3-9,11H,10H2,1-2H3/b14-11+",Contact,LD50,,other:,µg/piece,µg/piece,species_based_piece_to_bee,200.0,>,,,censored_or_approximate,,,,Picoxystrobin formulation: Picoxystrobin 250 g/L SC,,,mortality,True,45903607-8622-41bd-8659-737512b5ba4d,doi:10.2903/j.efsa.2016.4515,2016.0,False,True,True,True,False,True,False,0,0,0,True,structure_screen_only,True,False
aa0d35dd-dc36-4c6d-a56e-b1c966bd32ae,9d4bfe6f-a2d8-44ab-9945-c1434542506e,4095,0048d075-d1f9-4b12-b806-c0e845a6f424,Thiamethoxam,mono-constituent substance,e63cc611-77aa-46b3-a39c-2d7cda4986b6,NWWZPOKUUAIXIW-DHZHZOJOSA-N,NWWZPOKUUAIXIW,NWWZPOKUUAIXIW,CN1COCN(Cc2cnc(Cl)s2)/C1=N/[N+](=O)[O-],False,1,153719-23-4,CN\1COCN(/C1=N/[N+](=O)[O-])CC2=CN=C(S2)Cl,"InChI=1S/C8H10ClN5O3S/c1-12-4-17-5-13(8(12)11-14(15)16)3-6-2-10-7(9)18-6/h2H,3-5H2,1H3/b11-8+",Oral,LD50,,other:,µg/piece,µg/piece,species_based_piece_to_bee,0.00936,,,,exact,,,,Dust from formulation A9700B (dust contained 7.24% thiamethoxam),,,mortality,True,7bfe09b7-88f5-4ab5-b8d1-39f26f556d5a,doi:10.2903/j.efsa.2013.3067,2013.0,False,True,True,True,False,True,False,1,1,1,True,structure_screen_only,True,False
c0946d34-d22c-4936-85d3-00f2505f7029,858c0f46-3208-4f5b-8aa4-5e66b68a6194,4115,0048d075-d1f9-4b12-b806-c0e845a6f424,Thiamethoxam,mono-constituent substance,e63cc611-77aa-46b3-a39c-2d7cda4986b6,NWWZPOKUUAIXIW-DHZHZOJOSA-N,NWWZPOKUUAIXIW,NWWZPOKUUAIXIW,CN1COCN(Cc2cnc(Cl)s2)/C1=N/[N+](=O)[O-],False,1,153719-23-4,CN\1COCN(/C1=N/[N+](=O)[O-])CC2=CN=C(S2)Cl,"InChI=1S/C8H10ClN5O3S/c1-12-4-17-5-13(8(12)11-14(15)16)3-6-2-10-7(9)18-6/h2H,3-5H2,1H3/b11-8+",Contact,LD50,,other:,µg/piece,µg/piece,species_based_piece_to_bee,0.0121,,,,exact,,,,,,,mortality,False,b82127ab-c237-4e40-9a37-839e212f61f7,doi:10.2903/j.efsa.2018.5179,2018.0,False,True,True,True,False,True,False,1,1,1,True,structure_screen_only,True,False
adfa3412-8c0f-4953-bbba-1d1ef84a5d5c,c24d706d-0efd-4056-b62a-1b4ede5dd030,4125,ce91c86d-78f8-4301-8505-b6e024998880,Asulam Sodium,mono-constituent substance,eab94b9b-a675-46d4-9080-edea3535677b,PEXLHWBDBQUUOG-UHFFFAOYSA-N,PEXLHWBDBQUUOG,VGPYEHKOIGNJKV,COC(=O)NS(=O)(=O)c1ccc(N)cc1.[Na+],False,2,2302-17-2,COC(=O)NS(=O)(=O)C1=CC=C(C=C1)N.[Na+],"InChI=1S/C8H10N2O4S.Na/c1-14-8(11)10-15(12,13)7-4-2-6(9)3-5-7;/h2-5H,9H2,1H3,(H,10,11);/q;+1",Oral,LD50,,other:,µg/piece,µg/piece,species_based_piece_to_bee,123.7,>,,,censored_or_approximate,,,,,,,mortality,False,c776af5e-597a-4e5d-a762-90a9c48dbb86,doi:10.2903/j.efsa.2021.6921,2021.0,False,True,True,True,True,True,False,0,0,0,True,structure_screen_only,True,False
33139c3c-3dd3-4e60-9e50-5c8f9935daaa,915288b8-085c-46fe-935a-8cf1e595f207,4140,7d44523d-cb1c-4707-aa2e-b186c5d466d0,Fenpyroximate,mono-constituent substance,8786e4d6-0092-4474-b273-48808f40c5ae,YYJNOYZRYGDPNH-MFKUBSTISA-N,YYJNOYZRYGDPNH,YYJNOYZRYGDPNH,Cc1nn(C)c(Oc2ccccc2)c1/C=N/OCc1ccc(C(=O)OC(C)(C)C)cc1,False,1,134098-61-6,CC1=NN(C(=C1/C=N/OCC2=CC=C(C=C2)C(=O)OC(C)(C)C)OC3=CC=CC=C3)C,"InChI=1S/C24H27N3O4/c1-17-21(22(27(5)26-17)30-20-9-7-6-8-10-20)15-25-29-16-18-11-13-19(14-12-18)23(28)31-24(2,3)4/h6-15H,16H2,1-5H3/b25-15+",Contact,LD50,,other:,µg/piece,µg/piece,species_based_piece_to_bee,15.8,,,,exact,,,,,,,mortality,False,496f9933-0a21-4cd6-92b9-871f10adb43b,doi:10.2903/j.efsa.2013.3493,2013.0,False,True,True,True,True,True,False,0,0,1,True,structure_screen_only,True,False
6771c091-8fb4-4488-93a5-de72df3104b4,7184216d-278a-49b9-a58e-5b5717212ad2,4147,546393ff-7f34-4ba6-afde-cc9ea3ffcfde,Fenpicoxamid,mono-constituent substance,aff7cdf1-5398-480a-9c6d-b8632aa98e21,QGTOTYJSCYHYFK-XSARVHFWSA-N,QGTOTYJSCYHYFK,QGTOTYJSCYHYFK,COc1ccnc(C(=O)N[C@@H]2COC(=O)[C@H](Cc3ccccc3)[C@@H](OC(=O)C(C)C)[C@H](C)OC2=O)c1OCOC(=O)C(C)C,False,1,517875-34-2,C[C@H]1[C@@H]([C@H](C(=O)OC[C@H](C(=O)O1)NC(=O)C2=NC=CC(=C2OCOC(=O)C(C)C)OC)CC3=CC=CC=C3)OC(=O)C(C)C,"InChI=1S/C31H38N2O11/c1-17(2)28(35)42-16-41-26-23(39-6)12-13-32-24(26)27(34)33-22-15-40-30(37)21(14-20-10-8-7-9-11-20)25(19(5)43-31(22)38)44-29(36)18(3)4/h7-13,17-19,21-22,25H,14-16H2,1-6H3,(H,33,34)/t19-,21+,22+,25-/m0/s1",Oral,LD50,,other:,µg/piece,µg/piece,species_based_piece_to_bee,303.0,>,,,censored_or_approximate,,,,,,,mortality,False,30badc6f-6374-4afc-af0a-91ae5b7cd254,doi:10.2903/j.efsa.2018.5146,2018.0,False,True,True,True,True,True,False,0,0,0,True,structure_screen_only,True,False
21b77da0-90c7-4970-8c88-e1117817117c,2d8396eb-7f25-48fe-933a-a9467a3bcf70,4173,0a010242-e5d5-42bb-9a5d-8608f221e51c,Aluminium ammonium sulphate dodecahydrate,mono-constituent substance,ce93a285-81fb-466c-a0e4-cc5275dc83ec,WZUKKIPWIPZMAS-UHFFFAOYSA-K,WZUKKIPWIPZMAS,QAOWNCQODCNURD,O.O.O.O.O.O.O.O.O.O.O.O.O=S(=O)([O-])[O-].O=S(=O)([O-])[O-].[Al+3].[NH4+],False,16,7784-26-1,[NH4+].O.O.O.O.O.O.O.O.O.O.O.O.[O-]S(=O)(=O)[O-].[O-]S(=O)(=O)[O-].[Al+3],"InChI=1S/Al.H3N.2H2O4S.12H2O/c;;2*1-5(2,3)4;;;;;;;;;;;;/h;1H3;2*(H2,1,2,3,4);12*1H2/q+3;;;;;;;;;;;;;;;/p-3",Contact,LD50,,other:,µg/piece,µg/piece,species_based_piece_to_bee,100.0,>,,,censored_or_approximate,,,,,,,mortality,False,54434595-c62f-46b5-b75c-4d5512bb65bd,doi:10.2903/j.efsa.2022.7319,2022.0,False,False,True,True,False,True,False,0,0,0,True,structure_screen_only,True,False
193147c3-7d5a-474a-afff-5fb0bcf76b0b,371f173c-0887-40bb-b4a7-2ae7fa5f3a9b,4176,952c623f-e486-4356-b16d-fb050a570bd1,tau-fluvalinate,mono-constituent substance,7400e8b4-d460-409f-9a18-8b1ae7da89a4,INISTDXBRIBGOC-XMMISQBUSA-N,INISTDXBRIBGOC,INISTDXBRIBGOC,CC(C)[C@@H](Nc1ccc(C(F)(F)F)cc1Cl)C(=O)OC(C#N)c1cccc(Oc2ccccc2)c1,False,1,102851-06-9,CC(C)[C@H](C(=O)OC(C#N)C1=CC(=CC=C1)OC2=CC=CC=C2)NC3=C(C=C(C=C3)C(F)(F)F)Cl,"InChI=1S/C26H22ClF3N2O3/c1-16(2)24(32-22-12-11-18(14-21(22)27)26(28,29)30)25(33)35-23(15-31)17-7-6-10-20(13-17)34-19-8-4-3-5-9-19/h3-14,16,23-24,32H,1-2H3/t23?,24-/m1/s1",Oral,LD50,,other:,µg/piece,µg/piece,species_based_piece_to_bee,12.6,,,,exact,48.0,h,48.0,,,,mortality,False,b782d9de-dda8-4afe-9afe-f2e747c36f9d,doi:10.2903/j.efsa.2010.1645,2010.0,False,True,True,True,True,True,False,0,0,1,True,structure_screen_only,True,True
f33a35d1-f0a8-4175-913f-d3ddbdb28025,81add7cc-44a6-47e2-98eb-c9c9e51e679a,4181,582536dd-ad5d-4ba2-8168-fe0687fc489a,Clodinafop-Propargyl,mono-constituent substance,250ab577-5bcb-4a56-9a39-caa1cfe1c282,JBDHZKLJNAIJNC-LLVKDONJSA-N,JBDHZKLJNAIJNC,JBDHZKLJNAIJNC,C#CCOC(=O)[C@@H](C)Oc1ccc(Oc2ncc(Cl)cc2F)cc1,False,1,105512-06-9,O=C(OCC#C)[C@H](OC1=CC=C(OC2=NC=C(Cl)C=C2F)C=C1)C,"InChI=1S/C17H13ClFNO4/c1-3-8-22-17(21)11(2)23-13-4-6-14(7-5-13)24-16-15(19)9-12(18)10-20-16/h1,4-7,9-11H,8H2,2H3/t11-/m1/s1",Contact,LD50,,other:,µg/piece,µg/piece,species_based_piece_to_bee,100.0,>,,,censored_or_approximate,,,,,,,mortality,False,49143d9b-6f67-4a90-a62c-f3f89eedd7ea,doi:10.2903/j.efsa.2020.6151,2020.0,False,True,True,True,True,True,False,0,0,0,True,structure_screen_only,True,False
68bd533a-f405-4437-8438-ae18836a73ad,5b275258-3fe4-46ce-9412-c8163814bc20,4182,0048d075-d1f9-4b12-b806-c0e845a6f424,Thiamethoxam,mono-constituent substance,e63cc611-77aa-46b3-a39c-2d7cda4986b6,NWWZPOKUUAIXIW-DHZHZOJOSA-N,NWWZPOKUUAIXIW,NWWZPOKUUAIXIW,CN1COCN(Cc2cnc(Cl)s2)/C1=N/[N+](=O)[O-],False,1,153719-23-4,CN\1COCN(/C1=N/[N+](=O)[O-])CC2=CN=C(S2)Cl,"InChI=1S/C8H10ClN5O3S/c1-12-4-17-5-13(8(12)11-14(15)16)3-6-2-10-7(9)18-6/h2H,3-5H2,1H3/b11-8+",Contact,LD50,,other:,µg/piece,µg/piece,species_based_piece_to_bee,0.024,,,,exact,,,,,,,mortality,False,7bfe09b7-88f5-4ab5-b8d1-39f26f556d5a,doi:10.2903/j.efsa.2013.3067,2013.0,False,True,True,True,False,True,False,1,1,1,True,structure_screen_only,True,False
ae76797e-db4d-4759-a2e7-2b3d06942398,2787f3bd-3ded-48dc-b693-bb75537c1577,4199|4200,f26fd4d3-2a09-4acc-9144-8cc75e200882,Gibberellin A4,mono-constituent substance,4bbdb87e-a504-487d-b771-6ab26db90410,RSQSQJNRHICNNH-NFMPGMCNSA-N,RSQSQJNRHICNNH,RSQSQJNRHICNNH,C=C1C[C@]23C[C@H]1CC[C@H]2[C@@]12CC[C@H](O)[C@@](C)(C(=O)O1)[C@H]2[C@@H]3C(=O)O,False,1,468-44-0,C[C@@]12[C@H](CC[C@@]3([C@@H]1[C@@H]([C@]45[C@H]3CC[C@H](C4)C(=C)C5)C(=O)O)OC2=O)O,"InChI=1S/C19H24O5/c1-9-7-18-8-10(9)3-4-11(18)19-6-5-12(20)17(2,16(23)24-19)14(19)13(18)15(21)22/h10-14,20H,1,3-8H2,2H3,(H,21,22)/t10-,11-,12+,13-,14-,17-,18+,19-/m1/s1",Oral,LD50,,other:,µg/piece,µg/piece,species_based_piece_to_bee,87.0,>,,,censored_or_approximate,,,,,,,mortality,False,219541b1-6379-47b8-9e9b-0dbee98618db|d95e6b5d-a516-4165-8e40-6d5fc470b9bd,"DOI:10.2903/j.efsa.2024.9066|EFSA Journal 2012,10(1):2502, doi:10.2903/j.efsa.2012.2502",2012.0|2024.0,False,True,True,False,False,False,False,0,0,-1,True,structure_screen_only,True,False
846d0a60-4943-4eca-b746-a1e14d890253,2d318c96-2763-40a7-a51f-851202c86437,4222,756eaf96-3d1b-4450-bb36-9ae1c0711766,Bromoxynil heptanoate,mono-constituent substance,43cc7bc9-5dd0-4603-a470-7c243947ca12,BHZWBQPHPLFZSV-UHFFFAOYSA-N,BHZWBQPHPLFZSV,BHZWBQPHPLFZSV,CCCCCCC(=O)Oc1c(Br)cc(C#N)cc1Br,False,1,56634-95-8,CCCCCCC(=O)OC1=C(C=C(C=C1Br)C#N)Br,"InChI=1S/C14H15Br2NO2/c1-2-3-4-5-6-13(18)19-14-11(15)7-10(9-17)8-12(14)16/h7-8H,2-6H2,1H3",Oral,LD50,,other:,µg/piece,µg/piece,species_based_piece_to_bee,201.0,>,,,censored_or_approximate,,,,,,,mortality,False,66a7a3b3-eca2-4839-bb1b-9b24e965fb0d,doi:10.2903/j.efsa.2017.4790,2017.0,False,False,False,False,False,False,True,0,0,0,True,structure_screen_only,True,False
aa98ef19-18e8-40e8-a4cf-2e4f5f9fac0e,65aed34b-bd89-4687-a27c-07f092b4887e,4231,97f34e33-9a0a-484b-a587-aefa9aa22e58,Haloxyfop-P,mono-constituent substance,dba165e5-613c-4e06-939e-00fa10e1008d,GOCUAJYOYBLQRH-MRVPVSSYSA-N,GOCUAJYOYBLQRH,GOCUAJYOYBLQRH,C[C@@H](Oc1ccc(Oc2ncc(C(F)(F)F)cc2Cl)cc1)C(=O)O,False,1,95977-29-0,O=C(O)[C@@H](C)Oc1ccc(cc1)Oc2ncc(cc2Cl)C(F)(F)F,"InChI=1S/C15H11ClF3NO4/c1-8(14(21)22)23-10-2-4-11(5-3-10)24-13-12(16)6-9(7-20-13)15(17,18)19/h2-8H,1H3,(H,21,22)/t8-/m1/s1",Oral,LD50,,other:,µg/piece,µg/piece,species_based_piece_to_bee,100.0,>,,,censored_or_approximate,48.0,h,48.0,Haloxyfop-R,,,mortality,True,8e6107e8-d774-41a2-8439-68799f764c26,doi:10.2903/j.efsa.2006.87r,2006.0,False,True,True,False,False,False,False,0,0,0,True,structure_screen_only,True,False
295df651-2c5d-4fa5-b498-111f7ce32763,72c4f54b-3df8-4fa1-952e-a77dfd167adb,4235,cf059667-3d2c-4a42-b56b-5aa8087ae614,Valifenalate,mono-constituent substance,35b750ed-5cbb-4129-ba7a-8e66bf9a3cc1,DBXFMOWZRXXBRN-LWKPJOBUSA-N,DBXFMOWZRXXBRN,DBXFMOWZRXXBRN,COC(=O)CC(NC(=O)[C@@H](NC(=O)OC(C)C)C(C)C)c1ccc(Cl)cc1,False,1,283159-90-0,CC(C)[C@@H](C(=O)NC(CC(=O)OC)C1=CC=C(C=C1)Cl)NC(=O)OC(C)C,"InChI=1S/C19H27ClN2O5/c1-11(2)17(22-19(25)27-12(3)4)18(24)21-15(10-16(23)26-5)13-6-8-14(20)9-7-13/h6-9,11-12,15,17H,10H2,1-5H3,(H,21,24)(H,22,25)/t15?,17-/m0/s1",Contact,LD50,,other:,µg/piece,µg/piece,species_based_piece_to_bee,100.0,>,,,censored_or_approximate,48.0,h,48.0,,,,mortality,False,eed1190c-af86-44db-87a5-79180113c04c,doi:10.2903/j.efsa.2013.3253,2013.0,False,True,True,True,False,True,False,0,0,0,True,structure_screen_only,True,True
7bc3d71e-6826-4e65-ba5c-192fd380ff27,c4548351-214e-4f3a-bac7-58cc04ec06c0,4269,a67e7aec-dbf3-4e2d-9f87-154e2117b5a9,Cycloxydim,mono-constituent substance,ce9756ca-39ae-49af-8cbf-1ff776b776f6,GGWHBJGBERXSLL-UHFFFAOYSA-N,GGWHBJGBERXSLL,GGWHBJGBERXSLL,CCCC(=NOCC)C1=C(O)CC(C2CCCSC2)CC1=O,True,1,101205-02-1,O=C1C(=C(O)CC(C1)C2CSCCC2)C(=NOCC)CCC,"InChI=1S/C17H27NO3S/c1-3-6-14(18-21-4-2)17-15(19)9-13(10-16(17)20)12-7-5-8-22-11-12/h12-13,19H,3-11H2,1-2H3/b18-14+",Contact,LD50,,other:,µg/piece,µg/piece,species_based_piece_to_bee,100.0,>,,,censored_or_approximate,48.0,h,48.0,,,,mortality,False,7f90bb9b-3c1f-4f41-9d9c-00b99fcb3a81,doi:10.2903/j.efsa.2010.1669,2010.0,False,False,False,True,True,True,False,0,0,0,True,structure_screen_only,False,False
83d99778-1ce6-4377-ae3c-39222dc9d624,0836304e-cbe1-4a8a-89f2-3a7f78335522,4283,cf059667-3d2c-4a42-b56b-5aa8087ae614,Valifenalate,mono-constituent substance,35b750ed-5cbb-4129-ba7a-8e66bf9a3cc1,DBXFMOWZRXXBRN-LWKPJOBUSA-N,DBXFMOWZRXXBRN,DBXFMOWZRXXBRN,COC(=O)CC(NC(=O)[C@@H](NC(=O)OC(C)C)C(C)C)c1ccc(Cl)cc1,False,1,283159-90-0,CC(C)[C@@H](C(=O)NC(CC(=O)OC)C1=CC=C(C=C1)Cl)NC(=O)OC(C)C,"InChI=1S/C19H27ClN2O5/c1-11(2)17(22-19(25)27-12(3)4)18(24)21-15(10-16(23)26-5)13-6-8-14(20)9-7-13/h6-9,11-12,15,17H,10H2,1-5H3,(H,21,24)(H,22,25)/t15?,17-/m0/s1",Oral,LD50,,other:,µg/piece,µg/piece,species_based_piece_to_bee,106.6,>,,,censored_or_approximate,48.0,h,48.0,,,,mortality,False,eed1190c-af86-44db-87a5-79180113c04c,doi:10.2903/j.efsa.2013.3253,2013.0,False,True,True,True,False,True,False,0,0,0,True,structure_screen_only,True,True
f93c02b0-6c82-4181-bc9a-b4fa4baaeb40,d1297c92-9e68-4ccd-9dd8-d8433a55df15,4295,06e8b19e-3e1e-45c5-a8f6-5f601e7e8409,Napropamide-M,mono-constituent substance,493614ac-1959-4ea3-b1a6-1c6d268556b5,WXZVAROIGSFCFJ-CYBMUJFWSA-N,WXZVAROIGSFCFJ,WXZVAROIGSFCFJ,CCN(CC)C(=O)[C@@H](C)Oc1cccc2ccccc12,False,1,41643-35-0,C[C@@H](OC1=C2C=CC=CC2=CC=C1)C(N(CC)CC)=O,"InChI=1S/C17H21NO2/c1-4-18(5-2)17(19)13(3)20-16-12-8-10-14-9-6-7-11-15(14)16/h6-13H,4-5H2,1-3H3/t13-/m1/s1",Oral,LD50,,other:,µg/piece,µg/piece,species_based_piece_to_bee,110.0,>,,,censored_or_approximate,,,,D-Devrinol 450 SC,,,mortality,True,ab9aa532-5c1c-42af-8a1c-d8060924ea1e,"EFSA Journal 2018,16(11):5465, doi:10.2903/j.efsa.2018.5465",2018.0,False,True,True,False,False,False,False,0,0,0,True,structure_screen_only,True,False
81065aea-12ff-4a40-bacc-9f80286fffee,b903e8a1-5694-463b-84b6-f756eccc46cb,4300,6015c51c-3003-4d6b-9577-57d8392b5808,Alpha-cypermethrin,mono-constituent substance,9b691ea4-7d66-4b16-883a-19cbc5dab391,KAATUXNTWXVJKI-WSTZPKSXSA-N,KAATUXNTWXVJKI,KAATUXNTWXVJKI,CC1(C)[C@H](C=C(Cl)Cl)[C@@H]1C(=O)O[C@@H](C#N)c1cccc(Oc2ccccc2)c1,False,1,67375-30-8,CC1([C@@H]([C@@H]1C(=O)O[C@@H](C#N)C2=CC(=CC=C2)OC3=CC=CC=C3)C=C(Cl)Cl)C,"InChI=1S/C22H19Cl2NO3/c1-22(2)17(12-19(23)24)20(22)21(26)28-18(13-25)14-7-6-10-16(11-14)27-15-8-4-3-5-9-15/h3-12,17-18,20H,1-2H3/t17-,18+,20-/m1/s1",Contact,LD50,,other:,µg/piece,µg/piece,species_based_piece_to_bee,0.246,,,,exact,,,,,,,mortality,False,efaae6ef-a733-4580-ae58-84a99796f573,"EFSA Journal 2018,16(8):5403, doi:10.2903/j.efsa.2018.5403",2018.0,False,True,True,False,False,False,False,1,1,1,True,structure_screen_only,True,False
112180a5-0ac6-473f-99ca-c44ff9d544a0,a518775b-ae35-4b4f-8182-772bf227be8a,4329,a4135876-f27e-444c-aeff-3a6316f6b4a4,Benthiavalicarb isopropyl,mono-constituent substance,473f3794-b3e5-4ead-a162-661507756b00,USRKFGIXLGKMKU-ABAIWWIYSA-N,USRKFGIXLGKMKU,USRKFGIXLGKMKU,CC(C)OC(=O)N[C@H](C(=O)N[C@H](C)c1nc2ccc(F)cc2s1)C(C)C,False,1,177406-68-7,CC(C)[C@H](NC(=O)OC(C)C)C(=O)N[C@H](C)c1nc2ccc(F)cc2s1,"InChI=1S/C18H24FN3O3S/c1-9(2)15(22-18(24)25-10(3)4)16(23)20-11(5)17-21-13-7-6-12(19)8-14(13)26-17/h6-11,15H,1-5H3,(H,20,23)(H,22,24)/t11-,15+/m1/s1",Oral,LD50,,other:,µg/piece,µg/piece,species_based_piece_to_bee,100.0,>,,,censored_or_approximate,,,,,,,mortality,False,8a144198-5691-4244-b18c-66bc0f0a6484,doi:10.2903/j.efsa.2021.6833,2021.0,False,True,True,True,True,True,False,0,0,0,True,structure_screen_only,True,False
d6bf12b8-d898-44fd-a00c-fe3df6af6328,c4149096-b1c3-43a1-a1c8-e524d186786d,4343,b529ec00-87b6-4816-a9bd-ed8e2b36fa70,Indoxacarb,mono-constituent substance,66bbdc64-ffc0-48f5-bd80-016f81f0672a,VBCVPMMZEGZULK-NRFANRHFSA-N,VBCVPMMZEGZULK,VBCVPMMZEGZULK,COC(=O)N(C(=O)N1CO[C@@]2(C(=O)OC)Cc3cc(Cl)ccc3C2=N1)c1ccc(OC(F)(F)F)cc1,False,1,173584-44-6,,"InChI=1S/C22H17ClF3N3O7/c1-33-18(30)21-10-12-9-13(23)3-8-16(12)17(21)27-28(11-35-21)19(31)29(20(32)34-2)14-4-6-15(7-5-14)36-22(24,25)26/h3-9H,10-11H2,1-2H3/t21-/m0/s1",Oral,LD50,,other:,µg/piece,µg/piece,species_based_piece_to_bee,0.232,,,,exact,,,,,,,mortality,False,89305f4d-9bed-4ce8-b8c0-b032c96f73c7,doi:10.2903/j.efsa.2018.5140,2018.0,False,True,True,True,False,True,False,1,1,1,True,structure_screen_only,True,False
6ca09629-2670-4de0-a2f7-ad3405d52330,6a149a99-0996-4abb-9dff-f26d565c90e5,4350,7d44523d-cb1c-4707-aa2e-b186c5d466d0,Fenpyroximate,mono-constituent substance,8786e4d6-0092-4474-b273-48808f40c5ae,YYJNOYZRYGDPNH-MFKUBSTISA-N,YYJNOYZRYGDPNH,YYJNOYZRYGDPNH,Cc1nn(C)c(Oc2ccccc2)c1/C=N/OCc1ccc(C(=O)OC(C)(C)C)cc1,False,1,134098-61-6,CC1=NN(C(=C1/C=N/OCC2=CC=C(C=C2)C(=O)OC(C)(C)C)OC3=CC=CC=C3)C,"InChI=1S/C24H27N3O4/c1-17-21(22(27(5)26-17)30-20-9-7-6-8-10-20)15-25-29-16-18-11-13-19(14-12-18)23(28)31-24(2,3)4/h6-15H,16H2,1-5H3/b25-15+",Contact,LD50,,other:,µg/piece,µg/piece,species_based_piece_to_bee,15.8,,,,exact,,,,,,,mortality,False,cbd69899-2992-4a0a-8532-74ecec7187df,doi:10.2903/j.efsa.2008.197r,2008.0,False,True,True,True,True,True,False,0,0,1,True,structure_screen_only,True,False
57bb1ee1-8df3-480f-8fcf-8153ca11d00d,d1ca644a-cc01-4bc6-befa-d28204f56792,4359,7d44523d-cb1c-4707-aa2e-b186c5d466d0,Fenpyroximate,mono-constituent substance,8786e4d6-0092-4474-b273-48808f40c5ae,YYJNOYZRYGDPNH-MFKUBSTISA-N,YYJNOYZRYGDPNH,YYJNOYZRYGDPNH,Cc1nn(C)c(Oc2ccccc2)c1/C=N/OCc1ccc(C(=O)OC(C)(C)C)cc1,False,1,134098-61-6,CC1=NN(C(=C1/C=N/OCC2=CC=C(C=C2)C(=O)OC(C)(C)C)OC3=CC=CC=C3)C,"InChI=1S/C24H27N3O4/c1-17-21(22(27(5)26-17)30-20-9-7-6-8-10-20)15-25-29-16-18-11-13-19(14-12-18)23(28)31-24(2,3)4/h6-15H,16H2,1-5H3/b25-15+",Oral,LD50,,other:,µg/piece,µg/piece,species_based_piece_to_bee,118.5,>,,,censored_or_approximate,,,,,,,mortality,False,496f9933-0a21-4cd6-92b9-871f10adb43b,doi:10.2903/j.efsa.2013.3493,2013.0,False,True,True,True,True,True,False,0,0,0,True,structure_screen_only,True,False
8f3d94a2-7498-4086-98f2-c245cbbf7639,7ff0d051-b287-4c6c-b183-e7da7b6b802c,4374,33fd2993-4ecc-4b82-8ef2-cd9f9e9331ef,Azoxystrobin,mono-constituent substance,48ad5374-d881-48d3-944d-6573e2d870ab,WFDXOXNFNRHQEC-GHRIWEEISA-N,WFDXOXNFNRHQEC,WFDXOXNFNRHQEC,CO/C=C(/C(=O)OC)c1ccccc1Oc1cc(Oc2ccccc2C#N)ncn1,False,1,131860-33-8,N#CC1=CC=CC=C1OC2=NC=NC(OC3=CC=CC=C3/C(C(OC)=O)=C\OC)=C2,"InChI=1S/C22H17N3O5/c1-27-13-17(22(26)28-2)16-8-4-6-10-19(16)30-21-11-20(24-14-25-21)29-18-9-5-3-7-15(18)12-23/h3-11,13-14H,1-2H3/b17-13+",Oral,LD50,,other:,µg/piece,µg/piece,species_based_piece_to_bee,25.0,>,,,censored_or_approximate,48.0,h,48.0,,,,mortality,False,9b3e72f0-3792-48eb-b75c-7197573a55d2,doi:10.2903/j.efsa.2010.1542,2010.0,False,True,True,True,False,True,False,0,0,-1,True,structure_screen_only,True,True
4a36d307-a723-4e92-9264-7cbacee8f7cf,d44e2a08-ebf4-4ed7-97ca-a2219f647616,4405,f8e9fdf5-7cc5-4ab5-a7f9-772d1c00b497,Bifenthrin (sum of isomers),mono-constituent substance,ede6987f-83cf-4b46-b5c7-c1a586c167f3,OMFRMAHOUUJSGP-UNOMPAQXSA-N,OMFRMAHOUUJSGP,OMFRMAHOUUJSGP,Cc1c(COC(=O)C2C(/C=C(\Cl)C(F)(F)F)C2(C)C)cccc1-c1ccccc1,False,1,82657-04-3,O=C(OCC2=CC=CC(C3=CC=CC=C3)=C2C)C1C(C)(C)C1/C=C(Cl)/C(F)(F)F,"InChI=1S/C23H22ClF3O2/c1-14-16(10-7-11-17(14)15-8-5-4-6-9-15)13-29-21(28)20-18(22(20,2)3)12-19(24)23(25,26)27/h4-12,18,20H,13H2,1-3H3/b19-12-",Oral,LD50,,other:,µg/piece,µg/piece,species_based_piece_to_bee,0.1,,,,exact,48.0,h,48.0,,,,mortality,False,5cd9f96e-5ea1-4c6f-952f-b69312f21e8a,"EFSA Journal 2011,9(5):2159, doi:10.2903/j.efsa.2011.2159",2011.0,False,True,True,True,False,True,False,1,1,1,True,structure_screen_only,True,True
1776da39-bc46-47d1-a9ef-151ba1d05a96,5b85fc7a-2dc5-460b-9f53-002f9bbc2190,4411,ac90fafa-e01a-4d10-a117-b6f40bc2ceff,Dicopper chloride trihydroxide,mono-constituent substance,cf211858-d5f5-43f1-acca-ad62813fd116,SKQUUKNCBWILCD-UHFFFAOYSA-J,SKQUUKNCBWILCD,XLYOFNOQVPJJNP,[Cl-].[Cu+2].[Cu+2].[OH-].[OH-].[OH-],False,6,1332-65-6,[OH-].[OH-].[OH-].[Cl-].[Cu+2].[Cu+2],InChI=1S/ClH.2Cu.3H2O/h1H;;;3*1H2/q;2*+2;;;/p-4,Contact,LD50,,other:,µg/piece,µg/piece,species_based_piece_to_bee,44.3,,,,exact,,,,,,,mortality,False,ce2cf68f-28ee-4a5c-996a-1a1e65f938d8,doi:10.2903/j.efsa.2008.187r,2008.0,False,False,True,False,False,False,False,0,0,1,True,structure_screen_only,True,False
ca365bad-cce3-4088-a5a1-e6c0f4185ce2,2ef8a63a-b6f5-4e84-ab6f-7fd0b8dfba03,4426,127efc81-044d-4c99-9879-11ccdab6a82e,Lambda-Cyhalothrin,mono-constituent substance,ff1175ab-26c0-44ad-8338-a78ef648b2f5,ZXQYGBMAQZUVMI-GCMPRSNUSA-N,ZXQYGBMAQZUVMI,ZXQYGBMAQZUVMI,CC1(C)[C@H](C(=O)O[C@H](C#N)c2cccc(Oc3ccccc3)c2)[C@@H]1/C=C(\Cl)C(F)(F)F,True,1,91465-08-6,C1([C@H]([C@H]1C(O[C@@H](c1cc(Oc2ccccc2)ccc1)C#N)=O)\C=C(\C(F)(F)F)Cl)(C)C,"InChI=1S/2C23H19ClF3NO3/c2*1-22(2)17(12-19(24)23(25,26)27)20(22)21(29)31-18(13-28)14-7-6-10-16(11-14)30-15-8-4-3-5-9-15/h2*3-12,17-18,20H,1-2H3/b2*19-12-/t2*17-,18+,20-/m10/s1",Contact,LD50,,other:,µg/piece,µg/piece,species_based_piece_to_bee,0.038,,,,exact,,,,,,,mortality,False,91dc1983-0f27-4bc3-b4f9-3f665709aae9,"EFSA Journal 2014,12(5):3677, doi:10.2903/j.efsa.2014.3677",2014.0,False,True,True,False,False,False,False,1,1,1,True,structure_screen_only,False,False
2d8eab60-efe8-4fea-a112-54c94c432ec9,5c9c4a45-4302-4138-884c-2c7cb7c9e050,4428,ce91c86d-78f8-4301-8505-b6e024998880,Asulam Sodium,mono-constituent substance,eab94b9b-a675-46d4-9080-edea3535677b,PEXLHWBDBQUUOG-UHFFFAOYSA-N,PEXLHWBDBQUUOG,VGPYEHKOIGNJKV,COC(=O)NS(=O)(=O)c1ccc(N)cc1.[Na+],False,2,2302-17-2,COC(=O)NS(=O)(=O)C1=CC=C(C=C1)N.[Na+],"InChI=1S/C8H10N2O4S.Na/c1-14-8(11)10-15(12,13)7-4-2-6(9)3-5-7;/h2-5H,9H2,1H3,(H,10,11);/q;+1",Oral,LD50,,other:,µg/piece,µg/piece,species_based_piece_to_bee,123.7,>,,,censored_or_approximate,,,,Asulam,,,mortality,True,eee02687-eb6a-49b4-a9c5-fba1d4756995,"EFSA Journal 2018,16(4):5251, doi:10.2903/j.efsa.2018.5251",2018.0,False,True,True,True,True,True,False,0,0,0,True,structure_screen_only,True,False
03012270-2ad3-4b8f-a965-06e1658df5d2,7993914c-c875-4a92-8bf1-746a51f05442,4463,d937f903-9e5f-4fea-bb4b-93b44ff2e118,Fenoxaprop-P-Ethyl,mono-constituent substance,7f3765a2-7ed1-4484-a0d4-2092a03aae22,PQKBPHSEKWERTG-LLVKDONJSA-N,PQKBPHSEKWERTG,PQKBPHSEKWERTG,CCOC(=O)[C@@H](C)Oc1ccc(Oc2nc3ccc(Cl)cc3o2)cc1,False,1,71283-80-2,CCOC(=O)[C@@H](C)OC1=CC=C(C=C1)OC2=NC3=C(O2)C=C(C=C3)Cl,"InChI=1S/C18H16ClNO5/c1-3-22-17(21)11(2)23-13-5-7-14(8-6-13)24-18-20-15-9-4-12(19)10-16(15)25-18/h4-11H,3H2,1-2H3/t11-/m1/s1",Oral,LD50,,µg/bee,,µg/bee,direct_ug_bee,108.9,>,,,censored_or_approximate,,,,,,,mortality,False,0cd6f53f-874a-4d3d-afee-709ff595a562,EFSA Journal. 2024;22:e9053; doi:10.2903/j.efsa.2024.9053,2024.0,False,True,True,False,False,False,False,0,0,0,True,structure_screen_only,True,False
703e3006-057f-486d-be19-67999341a10b,01673e27-251f-43d9-af36-b1bb39e72dfc,4466|4467,4c33f8e7-c9f4-4f77-8591-0baf4febfddd,Dichlorprop-p,mono-constituent substance,d74149fb-8ecf-4a9a-950c-117f70177adc,MZHCENGPTKEIGP-RXMQYKEDSA-N,MZHCENGPTKEIGP,MZHCENGPTKEIGP,C[C@@H](Oc1ccc(Cl)cc1Cl)C(=O)O,False,1,15165-67-0,Clc1cc(Cl)ccc1O[C@H](C)C(=O)O,"InChI=1S/C9H8Cl2O3/c1-5(9(12)13)14-8-3-2-6(10)4-7(8)11/h2-5H,1H3,(H,12,13)/t5-/m1/s1",Contact,LD50,,other:,µg/piece,µg/piece,species_based_piece_to_bee,200.0,>,,,censored_or_approximate,,,,,,,mortality,False,c7d1681e-b117-4c9c-a919-39971178fd28|e469552f-3c2c-4327-8373-b831aa8e55a5,DOI:10.2903/j.efsa.2024.8658|doi:10.2903/j.efsa.2006.52r,2006.0|2024.0,False,True,True,False,False,False,False,0,0,0,True,structure_screen_only,True,False
c9cff5cf-6f4b-466a-8dc9-541e1a01b5fc,ad08a59d-5d9f-4877-8929-eae680a32151,4468,6015c51c-3003-4d6b-9577-57d8392b5808,Alpha-cypermethrin,mono-constituent substance,9b691ea4-7d66-4b16-883a-19cbc5dab391,KAATUXNTWXVJKI-WSTZPKSXSA-N,KAATUXNTWXVJKI,KAATUXNTWXVJKI,CC1(C)[C@H](C=C(Cl)Cl)[C@@H]1C(=O)O[C@@H](C#N)c1cccc(Oc2ccccc2)c1,False,1,67375-30-8,CC1([C@@H]([C@@H]1C(=O)O[C@@H](C#N)C2=CC(=CC=C2)OC3=CC=CC=C3)C=C(Cl)Cl)C,"InChI=1S/C22H19Cl2NO3/c1-22(2)17(12-19(23)24)20(22)21(26)28-18(13-25)14-7-6-10-16(11-14)27-15-8-4-3-5-9-15/h3-12,17-18,20H,1-2H3/t17-,18+,20-/m1/s1",Oral,LD50,,other:,µg/piece,µg/piece,species_based_piece_to_bee,0.03,,,,exact,,,,,,,mortality,False,efaae6ef-a733-4580-ae58-84a99796f573,"EFSA Journal 2018,16(8):5403, doi:10.2903/j.efsa.2018.5403",2018.0,False,True,True,False,False,False,False,1,1,1,True,structure_screen_only,True,False
d42f6998-06b7-443f-b074-b59f0478e61e,e3ba67ae-1c1f-4543-94f8-75e8bb06118c,4480,c5ca90ae-6289-4101-aebb-19bad073d91c,"3,7,11-Trimethyldodeca-2,6,10-trien-1-ol",mono-constituent substance,43fc03f3-204a-4f84-b470-90ecdc180919,CRDAMVZIKSXKFV-YFVJMOTDSA-N,CRDAMVZIKSXKFV,CRDAMVZIKSXKFV,CC(C)=CCC/C(C)=C/CC/C(C)=C/CO,False,1,4602-84-0,OC/C=C(C)/CC/C=C(C)/CC/C=C(C)/C,"InChI=1S/C15H26O/c1-13(2)7-5-8-14(3)9-6-10-15(4)11-12-16/h7,9,11,16H,5-6,8,10,12H2,1-4H3/b14-9+,15-11+",Oral,LD50,,other:,µg/piece,µg/piece,species_based_piece_to_bee,100.0,>,,,censored_or_approximate,,,,,,,mortality,False,5a5177d0-6130-41ad-bcf6-613e7d23fb60,doi:10.2903/j.efsa.2020.5986,2020.0,False,True,True,True,False,True,False,0,0,0,True,structure_screen_only,True,False
ff59584b-80bc-4dc2-a436-e90926f6b6dc,8f9765d5-f159-4cf4-8700-6fe3f03b5822,4486,ef2a944e-8e7c-4a4f-a615-e2b700917051,Sodium bicarbonate,mono-constituent substance,77abd96a-e23f-4d3a-a49b-040183f240ec,UIIMBOGNXHQVGW-UHFFFAOYSA-M,UIIMBOGNXHQVGW,BVKZGUZCCUSVTD,O=C([O-])O.[Na+],False,2,144-55-8,C(=O)(O)[O-].[Na+],"InChI=1S/CH2O3.Na/c2-1(3)4;/h(H2,2,3,4);/q;+1/p-1",Contact,LD50,,other:,µg/piece,µg/piece,species_based_piece_to_bee,559.1,>,,,censored_or_approximate,48.0,h,48.0,Preparation VitiSan (99.49% KHCO3),,,mortality,True,3336088b-f075-4c4c-add1-9f93fb895c89,"EFSA Journal 2018,16(9):5407, doi:10.2903/j.efsa.2018.5407",2018.0,False,False,True,False,False,False,False,0,0,0,True,structure_screen_only,True,False
d2f84c54-a455-4427-a774-57c336a3c246,e7fe4cbd-c5c3-46d2-950c-c5371481cc3b,4489,a7b6a0c0-ab49-499c-be87-8cffaaf237af,Acrinathrin,mono-constituent substance,11a9196b-ccd0-4b32-9eb5-24cdbc76c7bd,YLFSVIMMRPNPFK-WEQBUNFVSA-N,YLFSVIMMRPNPFK,YLFSVIMMRPNPFK,CC1(C)[C@H](C(=O)O[C@H](C#N)c2cccc(Oc3ccccc3)c2)[C@@H]1/C=C\C(=O)OC(C(F)(F)F)C(F)(F)F,False,1,101007-06-1,CC1([C@H]([C@H]1C(=O)O[C@H](C#N)C2=CC(=CC=C2)OC3=CC=CC=C3)/C=C\C(=O)OC(C(F)(F)F)C(F)(F)F)C,"InChI=1S/C26H21F6NO5/c1-24(2)18(11-12-20(34)38-23(25(27,28)29)26(30,31)32)21(24)22(35)37-19(14-33)15-7-6-10-17(13-15)36-16-8-4-3-5-9-16/h3-13,18-19,21,23H,1-2H3/b12-11-/t18-,19+,21-/m0/s1",Oral,LD50,,other:,µg/piece,µg/piece,species_based_piece_to_bee,0.077,,,,exact,,,,,,,mortality,False,3b323010-627b-441f-8f3e-4ed9c5a129ea,doi:10.2903/j.efsa.2010.1872,2010.0,False,True,True,True,True,True,False,1,1,1,True,structure_screen_only,True,False
ba0efab2-7cf8-4c21-9928-0b5279f4c838,4ab97732-adf5-44c2-b018-be82e77add25,4490,99c432be-4475-4f89-bb83-a518398d5bd3,Acetic acid,mono-constituent substance,4bc504b6-7cb4-4998-848b-e7f89bf27109,QTBSBXVTEAMEQO-UHFFFAOYSA-N,QTBSBXVTEAMEQO,QTBSBXVTEAMEQO,CC(=O)O,False,1,64-19-7,CC(=O)O,"InChI=1S/C2H4O2/c1-2(3)4/h1H3,(H,3,4)",Oral,LD50,,other:,µg/piece,µg/piece,species_based_piece_to_bee,110.0,>,,,censored_or_approximate,,,,Formulation: CEL 350 20 H (TEM 123),,,mortality,True,7c33dae4-b3dc-4ec0-8a97-2a2b224e63f1,doi:10.2903/j.efsa.2013.3060,2013.0,False,False,True,False,False,False,False,0,0,0,True,structure_screen_only,True,False
a5ed7140-9e39-4e06-8843-d408c34ef9eb,5dc27a5f-190b-463a-a5bc-ab3b31f623b3,4491,430479fd-cfe4-4980-8df8-0f5219bde074,Fluazifop-P-butyl,mono-constituent substance,23c959c3-8522-4683-8954-93bd9f786f35,VAIZTNZGPYBOGF-CYBMUJFWSA-N,VAIZTNZGPYBOGF,VAIZTNZGPYBOGF,CCCCOC(=O)[C@@H](C)Oc1ccc(Oc2ccc(C(F)(F)F)cn2)cc1,False,1,79241-46-6,CCCCOC(=O)[C@@H](C)OC1=CC=C(C=C1)OC2=NC=C(C=C2)C(F)(F)F,"InChI=1S/C19H20F3NO4/c1-3-4-11-25-18(24)13(2)26-15-6-8-16(9-7-15)27-17-10-5-14(12-23-17)19(20,21)22/h5-10,12-13H,3-4,11H2,1-2H3/t13-/m1/s1",Oral,LD50,,other:,µg/piece,µg/piece,species_based_piece_to_bee,200.0,>,,,censored_or_approximate,,,,,,,mortality,False,36202cb7-71f5-42e2-870e-500d3a34398e,doi:10.2903/j.efsa.2010.1905,2010.0,False,True,True,False,False,False,False,0,0,0,True,structure_screen_only,True,False
cd8dab4d-cde7-4958-ae09-fb7667831d1d,4cfebcf9-dcb6-423f-816e-a5afff8d31d3,4509,a4135876-f27e-444c-aeff-3a6316f6b4a4,Benthiavalicarb isopropyl,mono-constituent substance,473f3794-b3e5-4ead-a162-661507756b00,USRKFGIXLGKMKU-ABAIWWIYSA-N,USRKFGIXLGKMKU,USRKFGIXLGKMKU,CC(C)OC(=O)N[C@H](C(=O)N[C@H](C)c1nc2ccc(F)cc2s1)C(C)C,False,1,177406-68-7,CC(C)[C@H](NC(=O)OC(C)C)C(=O)N[C@H](C)c1nc2ccc(F)cc2s1,"InChI=1S/C18H24FN3O3S/c1-9(2)15(22-18(24)25-10(3)4)16(23)20-11(5)17-21-13-7-6-12(19)8-14(13)26-17/h6-11,15H,1-5H3,(H,20,23)(H,22,24)/t11-,15+/m1/s1",Oral,LD50,,other:,µg/piece,µg/piece,species_based_piece_to_bee,100.0,>,,,censored_or_approximate,,,,From studies with the active substance and with formulation KIF-230 15 % WG,,,mortality,True,e3758e85-45dd-426d-bdd8-72c3ab8b68d0,doi:10.2903/j.efsa.2007.107r,2007.0,False,True,True,True,True,True,False,0,0,0,True,structure_screen_only,True,False
08948610-bbf4-4b3c-807e-881b8d454f6a,e4002bf5-c485-4423-b2df-feaf9e2be69f,4511,99c432be-4475-4f89-bb83-a518398d5bd3,Acetic acid,mono-constituent substance,4bc504b6-7cb4-4998-848b-e7f89bf27109,QTBSBXVTEAMEQO-UHFFFAOYSA-N,QTBSBXVTEAMEQO,QTBSBXVTEAMEQO,CC(=O)O,False,1,64-19-7,CC(=O)O,"InChI=1S/C2H4O2/c1-2(3)4/h1H3,(H,3,4)",Contact,LD50,,other:,µg/piece,µg/piece,species_based_piece_to_bee,96.0,>,,,censored_or_approximate,,,,Formulation: CEL 350 20 H (TEM 123),,,mortality,True,7c33dae4-b3dc-4ec0-8a97-2a2b224e63f1,doi:10.2903/j.efsa.2013.3060,2013.0,False,False,True,False,False,False,False,0,0,-1,True,structure_screen_only,True,False
a3c4945a-0d0e-48f7-8630-f36fb7c1ac4f,17582954-8f52-4c7c-a5bf-e6bad762cbdc,4529,d890cedc-f75e-43c2-bfdd-bef2d22a0f97,Laminarin,mono-constituent substance,965c91c7-aa7d-4018-86bc-5703969af560,DBTMGCOVALSLOR-VPNXCSTESA-N,DBTMGCOVALSLOR,DBTMGCOVALSLOR,OC[C@H]1OC(O[C@H]2[C@H](O)[C@@H](CO)OC(O[C@H]3[C@H](O)[C@@H](CO)OC(O)[C@@H]3O)[C@@H]2O)[C@H](O)[C@@H](O)[C@@H]1O,False,1,9008-22-4,C([C@@H]1[C@H]([C@@H]([C@H](C(O1)O)O)OC2[C@@H]([C@H]([C@@H]([C@H](O2)CO)O)OC3[C@@H]([C@H]([C@@H]([C@H](O3)CO)O)O)O)O)O)O,"InChI=1S/C18H32O16/c19-1-4-7(22)10(25)11(26)17(31-4)34-15-9(24)6(3-21)32-18(13(15)28)33-14-8(23)5(2-20)30-16(29)12(14)27/h4-29H,1-3H2/t4-,5-,6-,7-,8-,9-,10+,11-,12-,13-,14+,15+,16?,17?,18?/m1/s1",Contact,LD50,,other:,µg/piece,µg/piece,species_based_piece_to_bee,100.0,>,,,censored_or_approximate,,,,,,,mortality,False,33a44e18-8bd9-4bd5-99a2-2a59fa3e23e2,doi:10.2903/j.efsa.2017.4836,2017.0,False,True,True,True,True,True,False,0,0,0,True,structure_screen_only,True,False
3e10aad0-153d-4b01-a508-b004ff449bea,5d6d28e3-f77d-4bb5-a57e-057cb7568432,4533,a7b6a0c0-ab49-499c-be87-8cffaaf237af,Acrinathrin,mono-constituent substance,11a9196b-ccd0-4b32-9eb5-24cdbc76c7bd,YLFSVIMMRPNPFK-WEQBUNFVSA-N,YLFSVIMMRPNPFK,YLFSVIMMRPNPFK,CC1(C)[C@H](C(=O)O[C@H](C#N)c2cccc(Oc3ccccc3)c2)[C@@H]1/C=C\C(=O)OC(C(F)(F)F)C(F)(F)F,False,1,101007-06-1,CC1([C@H]([C@H]1C(=O)O[C@H](C#N)C2=CC(=CC=C2)OC3=CC=CC=C3)/C=C\C(=O)OC(C(F)(F)F)C(F)(F)F)C,"InChI=1S/C26H21F6NO5/c1-24(2)18(11-12-20(34)38-23(25(27,28)29)26(30,31)32)21(24)22(35)37-19(14-33)15-7-6-10-17(13-15)36-16-8-4-3-5-9-16/h3-13,18-19,21,23H,1-2H3/b12-11-/t18-,19+,21-/m0/s1",Oral,LD50,,other:,µg/piece,µg/piece,species_based_piece_to_bee,0.077,,,,exact,,,,,,,mortality,False,059a3306-df17-4ae5-85d0-15fb3da19cc4,doi:10.2903/j.efsa.2013.3469,2013.0,False,True,True,True,True,True,False,1,1,1,True,structure_screen_only,True,False
6ba9e137-991e-4d4c-bb03-d13a7fe953c5,b544685c-e131-49c5-9be2-0b9fe603ef20,4535|4536,f26fd4d3-2a09-4acc-9144-8cc75e200882,Gibberellin A4,mono-constituent substance,4bbdb87e-a504-487d-b771-6ab26db90410,RSQSQJNRHICNNH-NFMPGMCNSA-N,RSQSQJNRHICNNH,RSQSQJNRHICNNH,C=C1C[C@]23C[C@H]1CC[C@H]2[C@@]12CC[C@H](O)[C@@](C)(C(=O)O1)[C@H]2[C@@H]3C(=O)O,False,1,468-44-0,C[C@@]12[C@H](CC[C@@]3([C@@H]1[C@@H]([C@]45[C@H]3CC[C@H](C4)C(=C)C5)C(=O)O)OC2=O)O,"InChI=1S/C19H24O5/c1-9-7-18-8-10(9)3-4-11(18)19-6-5-12(20)17(2,16(23)24-19)14(19)13(18)15(21)22/h10-14,20H,1,3-8H2,2H3,(H,21,22)/t10-,11-,12+,13-,14-,17-,18+,19-/m1/s1",Contact,LD50,,other:,µg/piece,µg/piece,species_based_piece_to_bee,100.0,>,,,censored_or_approximate,,,,,,,mortality,False,219541b1-6379-47b8-9e9b-0dbee98618db|d95e6b5d-a516-4165-8e40-6d5fc470b9bd,"DOI:10.2903/j.efsa.2024.9066|EFSA Journal 2012,10(1):2502, doi:10.2903/j.efsa.2012.2502",2012.0|2024.0,False,True,True,False,False,False,False,0,0,0,True,structure_screen_only,True,False
069e5499-5f47-4c90-892d-48d992a3488d,4cfb3f87-2bab-4f7e-b275-46345a73e9d8,4544,97f34e33-9a0a-484b-a587-aefa9aa22e58,Haloxyfop-P,mono-constituent substance,dba165e5-613c-4e06-939e-00fa10e1008d,GOCUAJYOYBLQRH-MRVPVSSYSA-N,GOCUAJYOYBLQRH,GOCUAJYOYBLQRH,C[C@@H](Oc1ccc(Oc2ncc(C(F)(F)F)cc2Cl)cc1)C(=O)O,False,1,95977-29-0,O=C(O)[C@@H](C)Oc1ccc(cc1)Oc2ncc(cc2Cl)C(F)(F)F,"InChI=1S/C15H11ClF3NO4/c1-8(14(21)22)23-10-2-4-11(5-3-10)24-13-12(16)6-9(7-20-13)15(17,18)19/h2-8H,1H3,(H,21,22)/t8-/m1/s1",Oral,LD50,,other:,µg/piece,µg/piece,species_based_piece_to_bee,100.0,>,,,censored_or_approximate,48.0,h,48.0,,,,mortality,False,c13bdad4-38f2-4fcb-8065-a8eafa25a6a8,doi:10.2903/j.efsa.2009.1348,2009.0,False,True,True,False,False,False,False,0,0,0,True,structure_screen_only,True,True
e8088169-7d41-467a-865e-98e32c138c18,a3d3d62a-68a9-4895-9174-5e4dcd9eb18a,4566,bec64d4e-9228-4733-a4d6-f3427c13ccdd,Flutianil,mono-constituent substance,10933bd9-5ddb-4659-a5c2-6960c622e4a3,KGXUEPOHGFWQKF-ZCXUNETKSA-N,KGXUEPOHGFWQKF,KGXUEPOHGFWQKF,COc1ccccc1N1CCS/C1=C(/C#N)Sc1cc(C(F)(F)F)ccc1F,False,1,958647-10-4,COC1=CC=CC=C1N\2CCS/C2=C(/C#N)\SC3=C(C=CC(=C3)C(F)(F)F)F,"InChI=1S/C19H14F4N2OS2/c1-26-15-5-3-2-4-14(15)25-8-9-27-18(25)17(11-24)28-16-10-12(19(21,22)23)6-7-13(16)20/h2-7,10H,8-9H2,1H3/b18-17-",Oral,LD50,,other:,µg/piece,µg/piece,species_based_piece_to_bee,100.0,>,,,censored_or_approximate,,,,,,,mortality,False,dd78d1e4-c875-4fd2-97ed-8325dcdafbf8,"EFSA Journal 2014,12(8):3805, doi:10.2903/j.efsa.2014.3805",2014.0,False,True,True,True,False,True,False,0,0,0,True,structure_screen_only,True,False
abd94cfd-2aa5-4fba-b719-d9b48d7750f1,c5ffc308-c626-4dca-a694-de2576b4a112,4587|4588,d6caa843-b6aa-468b-b2aa-0a911866ca4a,Gibberellin A7,mono-constituent substance,9740efd1-2c1c-4e01-bcb0-6f785e2df008,SEEGHKWOBVVBTQ-NFMPGMCNSA-N,SEEGHKWOBVVBTQ,SEEGHKWOBVVBTQ,C=C1C[C@]23C[C@H]1CC[C@H]2[C@@]12C=C[C@H](O)[C@@](C)(C(=O)O1)[C@H]2[C@@H]3C(=O)O,True,1,510-75-8,C[C@@]12[C@H](C=C[C@@]3([C@@H]1[C@@H]([C@]45[C@H]3CC[C@H](C4)C(=C)C5)C(=O)O)OC2=O)O,"InChI=1S/C19H22O5/c1-9-7-18-8-10(9)3-4-11(18)19-6-5-12(20)17(2,16(23)24-19)14(19)13(18)15(21)22/h5-6,10-14,20H,1,3-4,7-8H2,2H3,(H,21,22)/t10-,11-,12+,13-,14-,17?,18+,19-/m1/s1",Oral,LD50,,other:,µg/piece,µg/piece,species_based_piece_to_bee,87.0,>,,,censored_or_approximate,,,,,,,mortality,False,219541b1-6379-47b8-9e9b-0dbee98618db|d95e6b5d-a516-4165-8e40-6d5fc470b9bd,"DOI:10.2903/j.efsa.2024.9066|EFSA Journal 2012,10(1):2502, doi:10.2903/j.efsa.2012.2502",2012.0|2024.0,False,False,False,False,False,False,False,0,0,-1,True,structure_screen_only,False,False
2b2edb29-fb21-4843-8fa7-1f75b348aae0,49c09434-af7a-48c1-8860-3bc8fe66988a,4589,0a010242-e5d5-42bb-9a5d-8608f221e51c,Aluminium ammonium sulphate dodecahydrate,mono-constituent substance,ce93a285-81fb-466c-a0e4-cc5275dc83ec,WZUKKIPWIPZMAS-UHFFFAOYSA-K,WZUKKIPWIPZMAS,QAOWNCQODCNURD,O.O.O.O.O.O.O.O.O.O.O.O.O=S(=O)([O-])[O-].O=S(=O)([O-])[O-].[Al+3].[NH4+],False,16,7784-26-1,[NH4+].O.O.O.O.O.O.O.O.O.O.O.O.[O-]S(=O)(=O)[O-].[O-]S(=O)(=O)[O-].[Al+3],"InChI=1S/Al.H3N.2H2O4S.12H2O/c;;2*1-5(2,3)4;;;;;;;;;;;;/h;1H3;2*(H2,1,2,3,4);12*1H2/q+3;;;;;;;;;;;;;;;/p-3",Oral,LD50,,other:,µg/piece,µg/piece,species_based_piece_to_bee,100.0,>,,,censored_or_approximate,,,,,,,mortality,False,54434595-c62f-46b5-b75c-4d5512bb65bd,doi:10.2903/j.efsa.2022.7319,2022.0,False,False,True,True,False,True,False,0,0,0,True,structure_screen_only,True,False
22a2c3df-2ebf-4c4d-afc9-da2965488715,82560f07-b934-433e-8a10-d426f6ab30ec,4595,0048d075-d1f9-4b12-b806-c0e845a6f424,Thiamethoxam,mono-constituent substance,e63cc611-77aa-46b3-a39c-2d7cda4986b6,NWWZPOKUUAIXIW-DHZHZOJOSA-N,NWWZPOKUUAIXIW,NWWZPOKUUAIXIW,CN1COCN(Cc2cnc(Cl)s2)/C1=N/[N+](=O)[O-],False,1,153719-23-4,CN\1COCN(/C1=N/[N+](=O)[O-])CC2=CN=C(S2)Cl,"InChI=1S/C8H10ClN5O3S/c1-12-4-17-5-13(8(12)11-14(15)16)3-6-2-10-7(9)18-6/h2H,3-5H2,1H3/b11-8+",Oral,LD50,,other:,µg/piece,µg/piece,species_based_piece_to_bee,0.005,,,,exact,,,,,,,mortality,False,78055bca-b9cd-4a74-a772-8557097a83b3,doi:10.2903/j.efsa.2015.4212,2015.0,False,True,True,True,False,True,False,1,1,1,True,structure_screen_only,True,False
975fdb74-2177-4b38-9f3f-1ca61c175e4f,5f8baacd-b96e-4b79-b0c0-9b54adebcede,4612,25f29b3b-d1dc-46cc-8a0f-599ec64a044a,"Cyhalothrin, gamma-",mono-constituent substance,7caaafb4-7c4c-4aa4-b19c-61fa40222bd8,ZXQYGBMAQZUVMI-GCMPRSNUSA-N,ZXQYGBMAQZUVMI,ZXQYGBMAQZUVMI,CC1(C)[C@H](C(=O)O[C@H](C#N)c2cccc(Oc3ccccc3)c2)[C@@H]1/C=C(\Cl)C(F)(F)F,False,1,76703-62-3,CC1([C@H]([C@H]1C(=O)O[C@H](C#N)C2=CC(=CC=C2)OC3=CC=CC=C3)/C=C(/C(F)(F)F)\Cl)C,"InChI=1S/C23H19ClF3NO3/c1-22(2)17(12-19(24)23(25,26)27)20(22)21(29)31-18(13-28)14-7-6-10-16(11-14)30-15-8-4-3-5-9-15/h3-12,17-18,20H,1-2H3/b19-12-/t17-,18+,20-/m0/s1",Contact,LD50,,other:,µg/piece,µg/piece,species_based_piece_to_bee,0.005,,,,exact,48.0,h,48.0,,,,mortality,False,7136487b-2e9e-4537-a86c-37837821d888,"EFSA Journal 2014,12(2):3560, doi:10.2903/j.efsa.2014.3560",2014.0,False,True,True,False,False,False,False,1,1,1,True,structure_screen_only,True,True
62ade223-9ac6-41b4-acc9-00cda5c19e63,7b98c55c-35a6-4055-9d0e-3da71b782e37,4620|4621,5bd50aa0-13b4-4994-907c-119bf1348482,Dichlorprop-P-2-ethylhexyl,mono-constituent substance,f2271b99-670a-444c-965a-9333dab629c2,CEEDFYRUPAWDOU-PZORYLMUSA-N,CEEDFYRUPAWDOU,CEEDFYRUPAWDOU,CCCCC(CC)COC(=O)[C@@H](C)Oc1ccc(Cl)cc1Cl,False,1,865363-39-9,CCCCC(CC)COC(=O)[C@@H](C)OC1=C(C=C(C=C1)Cl)Cl,"InChI=1S/C17H24Cl2O3/c1-4-6-7-13(5-2)11-21-17(20)12(3)22-16-9-8-14(18)10-15(16)19/h8-10,12-13H,4-7,11H2,1-3H3/t12-,13?/m1/s1",Contact,LD50,,other:,µg/piece,µg/piece,species_based_piece_to_bee,180.0,>,,,censored_or_approximate,,,,,,,mortality,False,8756ea66-3793-4903-9527-af1cda33ace4|e469552f-3c2c-4327-8373-b831aa8e55a5,"DOI:10.2903/j.efsa.2024.8658|EFSA Journal 2018,16(5):5288, doi:10.2903/j.efsa.2018.5288",2018.0|2024.0,False,True,True,True,False,True,False,0,0,0,True,structure_screen_only,True,False
8e445c87-fe72-495a-8b92-1137056bd5dd,e9f52533-0194-413c-93b4-1fd2dd9694fe,4622,d890cedc-f75e-43c2-bfdd-bef2d22a0f97,Laminarin,mono-constituent substance,965c91c7-aa7d-4018-86bc-5703969af560,DBTMGCOVALSLOR-VPNXCSTESA-N,DBTMGCOVALSLOR,DBTMGCOVALSLOR,OC[C@H]1OC(O[C@H]2[C@H](O)[C@@H](CO)OC(O[C@H]3[C@H](O)[C@@H](CO)OC(O)[C@@H]3O)[C@@H]2O)[C@H](O)[C@@H](O)[C@@H]1O,False,1,9008-22-4,C([C@@H]1[C@H]([C@@H]([C@H](C(O1)O)O)OC2[C@@H]([C@H]([C@@H]([C@H](O2)CO)O)OC3[C@@H]([C@H]([C@@H]([C@H](O3)CO)O)O)O)O)O)O,"InChI=1S/C18H32O16/c19-1-4-7(22)10(25)11(26)17(31-4)34-15-9(24)6(3-21)32-18(13(15)28)33-14-8(23)5(2-20)30-16(29)12(14)27/h4-29H,1-3H2/t4-,5-,6-,7-,8-,9-,10+,11-,12-,13-,14+,15+,16?,17?,18?/m1/s1",Oral,LD50,,other:,µg/piece,µg/piece,species_based_piece_to_bee,118.64,>,,,censored_or_approximate,,,,,,,mortality,False,33a44e18-8bd9-4bd5-99a2-2a59fa3e23e2,doi:10.2903/j.efsa.2017.4836,2017.0,False,True,True,True,True,True,False,0,0,0,True,structure_screen_only,True,False
cfe9919c-ac81-4597-b969-bbe651dafe1f,87bf5c09-31a6-45bd-8f2f-1cad65ef5621,4631,ac90fafa-e01a-4d10-a117-b6f40bc2ceff,Dicopper chloride trihydroxide,mono-constituent substance,cf211858-d5f5-43f1-acca-ad62813fd116,SKQUUKNCBWILCD-UHFFFAOYSA-J,SKQUUKNCBWILCD,XLYOFNOQVPJJNP,[Cl-].[Cu+2].[Cu+2].[OH-].[OH-].[OH-],False,6,1332-65-6,[OH-].[OH-].[OH-].[Cl-].[Cu+2].[Cu+2],InChI=1S/ClH.2Cu.3H2O/h1H;;;3*1H2/q;2*+2;;;/p-4,Contact,LD50,,other:,µg/piece,µg/piece,species_based_piece_to_bee,44.3,,,,exact,,,,,,,mortality,False,317a7bf0-b2ac-4c6b-8dc3-8b1806c0ad62,doi:10.2903/j.efsa.2018.5152,2018.0,False,False,True,False,False,False,False,0,0,1,True,structure_screen_only,True,False
d3d142c3-4465-4708-a417-a6b305fff6d4,ccf98dc0-419e-45ed-beb8-bb92047283bc,4636,47f3a7cc-9377-4cf5-997b-00576f306d21,Spinetoram,multi-constituent substance,132648de-10e0-4e9c-922f-92b5e1056381,GOENIMGKWNZVDA-AXWVKECBSA-N,GOENIMGKWNZVDA,GOENIMGKWNZVDA,CCO[C@@H]1[C@H](OC)[C@@H](O[C@H]2C[C@@H]3CC[C@H]4[C@H](C=C5C(=O)[C@@H](C)[C@H](O[C@@H]6CC[C@@H](N(C)C)[C@H](C)O6)CCC[C@@H](CC)OC(=O)C[C@@H]54)[C@H]3C2)O[C@H](C)[C@H]1OC,False,1,935545-74-7,CC[C@@H]1CCC[C@H]([C@@H](C(=O)C2=C[C@H]3[C@@H]([C@H]2CC(=O)O1)CC[C@@H]4[C@@H]3C[C@H](C4)O[C@@H]5[C@H]([C@H]([C@@H]([C@H](O5)C)OC)OCC)OC)C)O[C@@H]6CC[C@H]([C@@H](O6)C)N(C)C,"InChI=1S/C42H69NO10/c1-10-27-13-12-14-35(53-37-18-17-34(43(6)7)24(4)49-37)23(3)38(45)33-21-31-29(32(33)22-36(44)51-27)16-15-26-19-28(20-30(26)31)52-42-41(47-9)40(48-11-2)39(46-8)25(5)50-42/h21,23-32,34-35,37,39-42H,10-20,22H2,1-9H3/t23-,24-,25+,26-,27+,28-,29-,30-,31-,32+,34+,35+,37+,39+,40-,41-,42+/m0/s1",Contact,LD50,,other:,µg/piece,µg/piece,species_based_piece_to_bee,0.024,,,,exact,48.0,h,48.0,,,,mortality,False,c00349a1-69ee-4f32-b7f4-c3c7e33b44f4,doi:10.2903/j.efsa.2013.3220,2013.0,False,True,True,True,True,True,False,1,1,1,True,structure_screen_only,False,False
9bb27b4b-e9e3-426d-911b-f9aae81f6117,f2f228d9-4824-4538-878e-ba92411f2c6b,4639,7d44523d-cb1c-4707-aa2e-b186c5d466d0,Fenpyroximate,mono-constituent substance,8786e4d6-0092-4474-b273-48808f40c5ae,YYJNOYZRYGDPNH-MFKUBSTISA-N,YYJNOYZRYGDPNH,YYJNOYZRYGDPNH,Cc1nn(C)c(Oc2ccccc2)c1/C=N/OCc1ccc(C(=O)OC(C)(C)C)cc1,False,1,134098-61-6,CC1=NN(C(=C1/C=N/OCC2=CC=C(C=C2)C(=O)OC(C)(C)C)OC3=CC=CC=C3)C,"InChI=1S/C24H27N3O4/c1-17-21(22(27(5)26-17)30-20-9-7-6-8-10-20)15-25-29-16-18-11-13-19(14-12-18)23(28)31-24(2,3)4/h6-15H,16H2,1-5H3/b25-15+",Oral,LD50,,other:,µg/piece,µg/piece,species_based_piece_to_bee,118.5,>,,,censored_or_approximate,,,,,,,mortality,False,cbd69899-2992-4a0a-8532-74ecec7187df,doi:10.2903/j.efsa.2008.197r,2008.0,False,True,True,True,True,True,False,0,0,0,True,structure_screen_only,True,False
d1d78e1f-7dc7-469f-96c5-22d397f37c1a,2f4e7a1f-23bd-4a3e-8709-912949de6b95,4640,4c33f8e7-c9f4-4f77-8591-0baf4febfddd,Dichlorprop-p,mono-constituent substance,d74149fb-8ecf-4a9a-950c-117f70177adc,MZHCENGPTKEIGP-RXMQYKEDSA-N,MZHCENGPTKEIGP,MZHCENGPTKEIGP,C[C@@H](Oc1ccc(Cl)cc1Cl)C(=O)O,False,1,15165-67-0,Clc1cc(Cl)ccc1O[C@H](C)C(=O)O,"InChI=1S/C9H8Cl2O3/c1-5(9(12)13)14-8-3-2-6(10)4-7(8)11/h2-5H,1H3,(H,12,13)/t5-/m1/s1",Oral,LD50,,other:,µg/piece,µg/piece,species_based_piece_to_bee,200.0,>,,,censored_or_approximate,,,,,,,mortality,False,8756ea66-3793-4903-9527-af1cda33ace4,"EFSA Journal 2018,16(5):5288, doi:10.2903/j.efsa.2018.5288",2018.0,False,True,True,False,False,False,False,0,0,0,True,structure_screen_only,True,False
6b89080d-a1e2-4afc-a294-46ef72bbc581,60006fff-c5ab-43bc-a06c-80e9d73f9286,4644|4645,d6caa843-b6aa-468b-b2aa-0a911866ca4a,Gibberellin A7,mono-constituent substance,9740efd1-2c1c-4e01-bcb0-6f785e2df008,SEEGHKWOBVVBTQ-NFMPGMCNSA-N,SEEGHKWOBVVBTQ,SEEGHKWOBVVBTQ,C=C1C[C@]23C[C@H]1CC[C@H]2[C@@]12C=C[C@H](O)[C@@](C)(C(=O)O1)[C@H]2[C@@H]3C(=O)O,True,1,510-75-8,C[C@@]12[C@H](C=C[C@@]3([C@@H]1[C@@H]([C@]45[C@H]3CC[C@H](C4)C(=C)C5)C(=O)O)OC2=O)O,"InChI=1S/C19H22O5/c1-9-7-18-8-10(9)3-4-11(18)19-6-5-12(20)17(2,16(23)24-19)14(19)13(18)15(21)22/h5-6,10-14,20H,1,3-4,7-8H2,2H3,(H,21,22)/t10-,11-,12+,13-,14-,17?,18+,19-/m1/s1",Contact,LD50,,other:,µg/piece,µg/piece,species_based_piece_to_bee,100.0,>,,,censored_or_approximate,,,,,,,mortality,False,219541b1-6379-47b8-9e9b-0dbee98618db|d95e6b5d-a516-4165-8e40-6d5fc470b9bd,"DOI:10.2903/j.efsa.2024.9066|EFSA Journal 2012,10(1):2502, doi:10.2903/j.efsa.2012.2502",2012.0|2024.0,False,False,False,False,False,False,False,0,0,0,True,structure_screen_only,False,False
5fabd405-1f3d-4295-be34-2502c4c24cfa,a97cbfee-a647-4e1c-92ec-fe0debb8750a,4659,39ed1be3-bad4-4417-9d93-30536e579a88,Azadirachtin,mono-constituent substance,c34fe78c-1844-491c-ac74-fde4390b7805,VEHPJKVTJQSSKL-OVCLIPMQSA-N,VEHPJKVTJQSSKL,VEHPJKVTJQSSKL,C/C=C(\C)C(=O)OC1CC(OC(C)=O)C2(OC(C)=O)COC3C2C12COC(O)(C(=O)OC)C2C(C)(C12OC1(C)C1CC2OC2OC=CC21O)C3O,True,1,11141-17-6,C24(C(C3C1(C=COC1OC2C3)O)(C)O4)C6(C8C5(C(CC(C7(C5C(C6O)OC7)OC(=O)C)OC(=O)C)OC(/C(=C/C)C)=O)COC8(C(=O)OC)O)C,"InChI=1S/C35H44O16/c1-8-15(2)24(38)49-18-12-19(48-16(3)36)32(26(39)43-6)13-46-21-22(32)31(18)14-47-34(42,27(40)44-7)25(31)29(4,23(21)37)35-20-11-17(30(35,5)51-35)33(41)9-10-45-28(33)50-20/h8-10,17-23,25,28,37,41-42H,11-14H2,1-7H3/b15-8+/t17-,18+,19-,20+,21-,22-,23-,25+,28+,29-,30+,31+,32+,33+,34+,35+/m1/s1",Contact,LD50,,other:,µg/piece,µg/piece,species_based_piece_to_bee,11.81,>,,,censored_or_approximate,,,,,,,mortality,False,896f42d8-73ca-4dd7-8b63-485e9741d07e,"EFSA Journal 2018,16(9):5234, doi:10.2903/j.efsa.2018.5234",2018.0,False,False,False,True,False,True,False,0,0,-1,True,structure_screen_only,False,False
4515dc6b-2940-4213-8d62-73480a005f10,e3a9a502-a0ca-4776-bf81-4e4a38a17a76,4666,deecd7f8-577c-4c2c-9e8e-649260127a52,Copper hydroxide,mono-constituent substance,6db001a2-5a27-4b5d-9635-a7369f6be98d,AEJIMXVJZFYIHN-UHFFFAOYSA-N,AEJIMXVJZFYIHN,XLYOFNOQVPJJNP,O.O.[Cu],True,3,20427-59-2,O.O.[Cu],InChI=1S/Cu.2H2O/h;2*1H2/q+2;;/p-2,Contact,LD50,,other:,µg/piece,µg/piece,species_based_piece_to_bee,44.46,,,,exact,,,,Copper hydroxide technical,,,mortality,True,317a7bf0-b2ac-4c6b-8dc3-8b1806c0ad62,doi:10.2903/j.efsa.2018.5152,2018.0,False,False,True,True,False,True,False,0,0,1,True,structure_screen_only,False,False
81178f6a-1348-472e-9834-74542a467ee3,46bb45a8-f23b-452b-960a-8eebd7abac71,4667,4d80d3a2-6a28-477d-9930-f94dd787e2a3,Fluoxastrobin,mono-constituent substance,da77c8b4-60a4-49c1-bd56-8f60b538c33f,UFEODZBUAFNAEU-NLRVBDNBSA-N,UFEODZBUAFNAEU,UFEODZBUAFNAEU,CO/N=C(/C1=NOCCO1)c1ccccc1Oc1ncnc(Oc2ccccc2Cl)c1F,False,1,361377-29-9,CO/N=C(\C1=CC=CC=C1OC2=C(C(=NC=N2)OC3=CC=CC=C3Cl)F)/C4=NOCCO4,"InChI=1S/C21H16ClFN4O5/c1-28-26-18(21-27-30-11-10-29-21)13-6-2-4-8-15(13)31-19-17(23)20(25-12-24-19)32-16-9-5-3-7-14(16)22/h2-9,12H,10-11H2,1H3/b26-18+",Oral,LD50,,other:,µg/piece,µg/piece,species_based_piece_to_bee,843.0,>,,,censored_or_approximate,48.0,h,48.0,,,,mortality,False,0700e8c9-94a8-4416-bc73-7edda496b8e8,doi:10.2903/j.efsa.2005.102r,2005.0,False,True,True,True,False,True,False,0,0,0,True,structure_screen_only,True,True
010cacf6-8008-4b2f-ace7-cb6deed6f6b6,aa89a78e-b57d-442b-88f7-1d32607e3593,4671,582536dd-ad5d-4ba2-8168-fe0687fc489a,Clodinafop-Propargyl,mono-constituent substance,250ab577-5bcb-4a56-9a39-caa1cfe1c282,JBDHZKLJNAIJNC-LLVKDONJSA-N,JBDHZKLJNAIJNC,JBDHZKLJNAIJNC,C#CCOC(=O)[C@@H](C)Oc1ccc(Oc2ncc(Cl)cc2F)cc1,False,1,105512-06-9,O=C(OCC#C)[C@H](OC1=CC=C(OC2=NC=C(Cl)C=C2F)C=C1)C,"InChI=1S/C17H13ClFNO4/c1-3-8-22-17(21)11(2)23-13-4-6-14(7-5-13)24-16-15(19)9-12(18)10-20-16/h1,4-7,9-11H,8H2,2H3/t11-/m1/s1",Oral,LD50,,other:,µg/piece,µg/piece,species_based_piece_to_bee,104.0,>,,,censored_or_approximate,,,,,,,mortality,False,49143d9b-6f67-4a90-a62c-f3f89eedd7ea,doi:10.2903/j.efsa.2020.6151,2020.0,False,True,True,True,True,True,False,0,0,0,True,structure_screen_only,True,False
459b87db-34f8-44eb-ae1d-bb53bb1afbc8,746b1d8e-ed2e-48f0-8e5a-9ca9d869384a,4685,ec4fd598-ee5c-430e-b1a0-12eba212590e,Maleic hydrazide (potassium salt),mono-constituent substance,c75be136-f19b-436b-95bf-371771ad14a2,ONFPEXMNTHPYGN-UHFFFAOYSA-N,ONFPEXMNTHPYGN,BGRDGMRNKXEXQD,O=c1ccc(=O)[nH][nH]1.[K+],False,2,,C1=CC(=O)NNC1=O.[K+],"InChI=1S/C4H4N2O2.K/c7-3-1-2-4(8)6-5-3;/h1-2H,(H,5,7)(H,6,8);/q;+1",Oral,LD50,,other:,µg/piece,µg/piece,species_based_piece_to_bee,100.0,>,,,censored_or_approximate,,,,,,,mortality,False,c0d56cd0-1d67-4061-a8e9-1154c68e94b1,doi:10.2903/j.efsa.2016.4492,2016.0,False,False,True,False,False,False,False,0,0,0,True,structure_screen_only,True,False
312fa87e-cb64-4b06-be53-2ff0a9cc26ec,494f2b47-c27e-4017-9fd8-5285da20ad20,4690,df3cee97-bc01-4f67-9505-c907af05a2e1,Maltodextrin,polymer,950ee417-2e31-477e-ab14-39fd5e091acb,GZCGUPFRVQAUEE-SLPGGIOYSA-N,GZCGUPFRVQAUEE,GZCGUPFRVQAUEE,O=C[C@H](O)[C@@H](O)[C@H](O)[C@H](O)CO,False,1,9050-36-6,O=C[C@@H]([C@H]([C@@H]([C@@H](CO)O)O)O)O,"InChI=1S/C6H12O6/c7-1-3(9)5(11)6(12)4(10)2-8/h1,3-6,8-12H,2H2/t3-,4+,5+,6+/m0/s1",Oral,LD50,,other:,µg/piece,µg/piece,species_based_piece_to_bee,127.7,>,,,censored_or_approximate,,,,Preparation: Eradicoat,,,mortality,True,7f2d3d9d-b143-423b-bd98-7c9d326af77e,doi:10.2903/j.efsa.2013.3007,2013.0,False,True,True,True,True,True,False,0,0,0,True,structure_screen_only,False,False
66833cff-7113-4a26-a912-beb088f288cb,2d39c8e6-8c0c-4953-ac2b-350c1dfdb605,4699,b746713f-f6d3-49dd-93c6-d597e65c303d,Heptamaloxyloglucan,mono-constituent substance,d44d67af-f767-4f55-b664-e487a01caca8,RAUODYOTTYNEJP-UHFFFAOYSA-N,RAUODYOTTYNEJP,RAUODYOTTYNEJP,CC1OC(OC2C(OC3C(OCC4OC(OC(C(O)CO)C(O)C(O)CO)C(O)C(O)C4OC4OC(COC5OCC(O)C(O)C5O)C(O)C(O)C4O)OCC(O)C3O)OC(CO)C(O)C2O)C(O)C(O)C1O,True,1,870721-81-6,OCC(O)C(O)C(OC1OC(COC2OCC(O)C(O)C2OC3OC(CO)C(O)C(O)C3OC4OC(C)C(O)C(O)C4O)C(OC5OC(COC6OCC(O)C(O)C6O)C(O)C(O)C5O)C(O)C1O)C(O)CO,"InChI=1S/C40H70O33/c1-9-17(48)23(54)28(59)36(66-9)72-34-25(56)21(52)14(4-43)67-40(34)73-33-20(51)13(47)6-63-39(33)65-8-16-32(26(57)30(61)38(69-16)70-31(11(45)3-42)19(50)10(44)2-41)71-37-29(60)24(55)22(53)15(68-37)7-64-35-27(58)18(49)12(46)5-62-35/h9-61H,2-8H2,1H3/t9-,10-,11+,12+,13+,14+,15+,16+,17+,18-,19+,20-,21-,22+,23+,24-,25-,26+,27+,28-,29+,30+,31+,32+,33+,34+,35+,36-,37-,38-,39+,40-/m0/s1",Oral,LD50,,other:,µg/piece,µg/piece,species_based_piece_to_bee,100.0,>,,,censored_or_approximate,,,,,,,mortality,False,22d34e7e-ea17-4e6d-823a-27030595c22a,doi:10.2903/j.efsa.2009.334r,2009.0,False,False,False,False,False,False,False,0,0,0,True,structure_screen_only,False,False
061cfd76-e3e2-456a-a845-268ec50e3592,687de711-609c-4bcd-b4c9-a34e4adf330d,4727,582536dd-ad5d-4ba2-8168-fe0687fc489a,Clodinafop-Propargyl,mono-constituent substance,250ab577-5bcb-4a56-9a39-caa1cfe1c282,JBDHZKLJNAIJNC-LLVKDONJSA-N,JBDHZKLJNAIJNC,JBDHZKLJNAIJNC,C#CCOC(=O)[C@@H](C)Oc1ccc(Oc2ncc(Cl)cc2F)cc1,False,1,105512-06-9,O=C(OCC#C)[C@H](OC1=CC=C(OC2=NC=C(Cl)C=C2F)C=C1)C,"InChI=1S/C17H13ClFNO4/c1-3-8-22-17(21)11(2)23-13-4-6-14(7-5-13)24-16-15(19)9-12(18)10-20-16/h1,4-7,9-11H,8H2,2H3/t11-/m1/s1",Oral,LD50,,other:,µg/piece,µg/piece,species_based_piece_to_bee,93.7,>,,,censored_or_approximate,48.0,h,48.0,,,,mortality,False,961a07be-fe81-470a-8d59-47997ffcf088,doi:10.2903/j.efsa.2005.34ar,2005.0,False,True,True,True,True,True,False,0,0,-1,True,structure_screen_only,True,True
7fcf93a4-544c-4683-8fc2-311a89435ecc,5dd0a898-0ae5-4918-87b9-3fdf844674c2,4734,9c14662e-4f02-4be7-bd1d-ba15ee4cbf55,Spirodiclofen,mono-constituent substance,27bd4853-cc5e-4df4-8c07-a89b05823fac,OYNVHVAEOLJJPV-UHFFFAOYSA-N,OYNVHVAEOLJJPV,OYNVHVAEOLJJPV,CCC(C)(C)C(=O)OC1=C(c2cc(Cl)cc(Cl)c2)C(=O)OC12CCCCC2,False,1,148477-71-8,O=C2OC1(C(OC(C(CC)(C)C)=O)=C2C3=CC(Cl)=CC(Cl)=C3)CCCCC1,"InChI=1S/C21H24Cl2O4/c1-4-20(2,3)19(25)26-17-16(13-10-14(22)12-15(23)11-13)18(24)27-21(17)8-6-5-7-9-21/h10-12H,4-9H2,1-3H3",Oral,LD50,,other:,µg/piece,µg/piece,species_based_piece_to_bee,196.0,>,,,censored_or_approximate,48.0,h,48.0,,,,mortality,False,4b926498-ade1-4e7b-a6bb-44294b41d42a,doi:10.2903/j.efsa.2009.339r,2009.0,False,False,False,True,False,True,False,0,0,0,True,structure_screen_only,True,True
d41f17e1-769a-4576-9234-5b6517d0357a,b51446b5-c4ce-4ab4-ae72-9a8fd1805df1,4738,f59ef534-85ce-4110-be59-429b96408d30,Picoxystrobin,mono-constituent substance,ee9add0f-5298-4024-8a3b-322bcff5b9b8,IBSNKSODLGJUMQ-SDNWHVSQSA-N,IBSNKSODLGJUMQ,IBSNKSODLGJUMQ,CO/C=C(/C(=O)OC)c1ccccc1COc1cccc(C(F)(F)F)n1,False,1,117428-22-5,O=C(/C(C1=C(COC2=NC(C(F)(F)F)=CC=C2)C=CC=C1)=C/OC)OC,"InChI=1S/C18H16F3NO4/c1-24-11-14(17(23)25-2)13-7-4-3-6-12(13)10-26-16-9-5-8-15(22-16)18(19,20)21/h3-9,11H,10H2,1-2H3/b14-11+",Oral,LD50,,other:,µg/piece,µg/piece,species_based_piece_to_bee,200.0,>,,,censored_or_approximate,,,,Picoxystrobin formulation: Picoxystrobin 250 g/L SC,,,mortality,True,45903607-8622-41bd-8659-737512b5ba4d,doi:10.2903/j.efsa.2016.4515,2016.0,False,True,True,True,False,True,False,0,0,0,True,structure_screen_only,True,False
a26cb066-8522-4b6c-a066-58049e097720,727358d6-6421-4763-8b1b-3c880b2723a0,4741,ef2a944e-8e7c-4a4f-a615-e2b700917051,Sodium bicarbonate,mono-constituent substance,77abd96a-e23f-4d3a-a49b-040183f240ec,UIIMBOGNXHQVGW-UHFFFAOYSA-M,UIIMBOGNXHQVGW,BVKZGUZCCUSVTD,O=C([O-])O.[Na+],False,2,144-55-8,C(=O)(O)[O-].[Na+],"InChI=1S/CH2O3.Na/c2-1(3)4;/h(H2,2,3,4);/q;+1/p-1",Oral,LD50,,other:,µg/piece,µg/piece,species_based_piece_to_bee,537.4,>,,,censored_or_approximate,48.0,h,48.0,Preparation VitiSan (99.49% KHCO3),,,mortality,True,3336088b-f075-4c4c-add1-9f93fb895c89,"EFSA Journal 2018,16(9):5407, doi:10.2903/j.efsa.2018.5407",2018.0,False,False,True,False,False,False,False,0,0,0,True,structure_screen_only,True,False
a0c9cf59-820b-48c1-a8ca-0a417eb1f35d,7c980b50-51af-4d79-8363-493f20bfb465,4753,4412b913-a7f6-47b8-91b4-fc89ae57a62e,Prohexadione-calcium,mono-constituent substance,6f0b62b2-7f93-4e5b-a5cb-b5ddd1f121b7,RDBCHBRIMXKNAM-UHFFFAOYSA-N,RDBCHBRIMXKNAM,BUCOQPHDYUOJSI,CCC(=O)[C-]1C(=O)CC(C(=O)O)CC1=O.[Ca+2].[Ca],False,3,127277-53-6,[Ca].[Ca+2].O=C(O)C1CC(=O)[C-](C(=O)CC)C(=O)C1,"InChI=1S/C10H11O5.2Ca/c1-2-6(11)9-7(12)3-5(10(14)15)4-8(9)13;;/h5H,2-4H2,1H3,(H,14,15);;/q-1;;+2",Oral,LD50,,other:,µg/piece,µg/piece,species_based_piece_to_bee,100.0,>,,,censored_or_approximate,,,,,,,mortality,False,ab45a605-c495-43d8-ac7e-8a44463893a5,doi:10.2903/j.efsa.2010.1555,2010.0,False,False,True,True,True,True,False,0,0,0,True,structure_screen_only,True,False
1848212b-d9e8-433d-a851-7d22a0ce697b,d2ea99f1-9833-43b3-a32c-9850b72abf34,4754,b949e67b-7ab5-4298-8839-59dd051b0e55,Propaquizafop,mono-constituent substance,df5314df-d3b5-4b04-92e9-9d636cea5b35,FROBCXTULYFHEJ-OAHLLOKOSA-N,FROBCXTULYFHEJ,FROBCXTULYFHEJ,CC(C)=NOCCOC(=O)[C@@H](C)Oc1ccc(Oc2cnc3cc(Cl)ccc3n2)cc1,False,1,111479-05-1,C[C@H](C(=O)OCCON=C(C)C)OC1=CC=C(C=C1)OC2=CN=C3C=C(C=CC3=N2)Cl,"InChI=1S/C22H22ClN3O5/c1-14(2)26-29-11-10-28-22(27)15(3)30-17-5-7-18(8-6-17)31-21-13-24-20-12-16(23)4-9-19(20)25-21/h4-9,12-13,15H,10-11H2,1-3H3/t15-/m1/s1",Oral,LD50,,other:,µg/piece,µg/piece,species_based_piece_to_bee,20.0,>,,,censored_or_approximate,48.0,h,48.0,,,,mortality,False,936e2125-40bf-4f5a-84cc-29ee98a08f3b,doi:10.2903/j.efsa.2009.204r,2009.0,False,True,True,True,True,True,False,0,0,-1,True,structure_screen_only,True,True
