source,subset,route,threshold_ug_bee,records,record_positive,record_negative,record_unknown,unique_structures,positive,negative,unknown,conflict
OpenFoodTox,all_acute,Contact,1,358,54,296,8,254,22,224,8,0
OpenFoodTox,all_acute,Contact,11,358,71,272,15,254,34,206,14,0
OpenFoodTox,all_acute,Contact,100,358,96,195,67,254,49,149,54,2
OpenFoodTox,all_acute,Oral,1,393,51,340,2,273,24,247,1,1
OpenFoodTox,all_acute,Oral,11,393,60,314,19,273,32,226,15,0
OpenFoodTox,all_acute,Oral,100,393,90,205,98,273,46,144,80,3
OpenFoodTox,ld50_screen,Contact,1,351,52,293,6,252,24,222,6,0
OpenFoodTox,ld50_screen,Contact,11,351,68,269,14,252,35,204,13,0
OpenFoodTox,ld50_screen,Contact,100,351,93,192,66,252,50,147,53,2
OpenFoodTox,ld50_screen,Oral,1,387,51,335,1,270,24,244,1,1
OpenFoodTox,ld50_screen,Oral,11,387,60,309,18,270,32,223,15,0
OpenFoodTox,ld50_screen,Oral,100,387,90,201,96,270,46,141,80,3
OpenFoodTox,single_structure_screen,Contact,1,282,36,241,5,231,20,206,5,0
OpenFoodTox,single_structure_screen,Contact,11,282,52,219,11,231,31,189,11,0
OpenFoodTox,single_structure_screen,Contact,100,282,70,159,53,231,44,136,49,2
OpenFoodTox,single_structure_screen,Oral,1,312,38,273,1,251,22,228,1,0
OpenFoodTox,single_structure_screen,Oral,11,312,47,250,15,251,30,207,14,0
OpenFoodTox,single_structure_screen,Oral,100,312,68,167,77,251,42,135,71,3
OpenFoodTox,48h_no_material_flag_screen,Contact,1,97,14,82,1,86,9,76,1,0
OpenFoodTox,48h_no_material_flag_screen,Contact,11,97,19,76,2,86,13,71,2,0
OpenFoodTox,48h_no_material_flag_screen,Contact,100,97,21,58,18,86,15,54,17,0
OpenFoodTox,48h_no_material_flag_screen,Oral,1,108,15,93,0,96,11,85,0,0
OpenFoodTox,48h_no_material_flag_screen,Oral,11,108,17,87,4,96,13,80,3,0
OpenFoodTox,48h_no_material_flag_screen,Oral,100,108,20,62,26,96,16,57,23,0
PLOS2022,all_adult_acute,Contact,1,167,19,147,1,165,19,145,1,0
PLOS2022,all_adult_acute,Contact,11,167,29,135,3,165,29,133,3,0
PLOS2022,all_adult_acute,Contact,100,167,38,100,29,165,38,98,29,0
PLOS2022,all_adult_acute,Oral,1,152,19,129,4,150,19,127,4,0
PLOS2022,all_adult_acute,Oral,11,152,29,114,9,150,29,112,9,0
PLOS2022,all_adult_acute,Oral,100,152,37,83,32,150,37,81,32,0
PLOS2022,resolved_structure,Contact,1,166,19,146,1,165,19,145,1,0
PLOS2022,resolved_structure,Contact,11,166,29,134,3,165,29,133,3,0
PLOS2022,resolved_structure,Contact,100,166,38,99,29,165,38,98,29,0
PLOS2022,resolved_structure,Oral,1,151,19,128,4,150,19,127,4,0
PLOS2022,resolved_structure,Oral,11,151,29,113,9,150,29,112,9,0
PLOS2022,resolved_structure,Oral,100,151,37,82,32,150,37,81,32,0
PLOS2022,exact_values,Contact,1,41,19,22,0,41,19,22,0,0
PLOS2022,exact_values,Contact,11,41,29,12,0,41,29,12,0,0
PLOS2022,exact_values,Contact,100,41,38,3,0,41,38,3,0,0
PLOS2022,exact_values,Oral,1,40,19,21,0,40,19,21,0,0
PLOS2022,exact_values,Oral,11,40,29,11,0,40,29,11,0,0
PLOS2022,exact_values,Oral,100,40,37,3,0,40,37,3,0,0
