Split,Threshold,Descriptor,SelectionFrequency,MedianCoefficient,BestAlpha,BestL1Ratio,TrainCV_AUROC,Protocol,StabilityRepeats
Random,100,MolWt,0.602,0.0,0.01,0.25,0.5755998923196354,nested_training_fold_selector,500
Random,100,MolLogP,0.89,0.2081844398227914,0.01,0.25,0.5755998923196354,nested_training_fold_selector,500
Random,100,TPSA,0.836,-0.20261095593614256,0.01,0.25,0.5755998923196354,nested_training_fold_selector,500
Random,100,HDonors,0.642,0.03231199205320098,0.01,0.25,0.5755998923196354,nested_training_fold_selector,500
Random,100,HAcceptors,0.994,0.5100035537263303,0.01,0.25,0.5755998923196354,nested_training_fold_selector,500
Random,100,RotBonds,0.64,0.0,0.01,0.25,0.5755998923196354,nested_training_fold_selector,500
Random,100,RingCount,0.686,0.0,0.01,0.25,0.5755998923196354,nested_training_fold_selector,500
Random,100,AromaticRings,0.844,-0.1686142577091098,0.01,0.25,0.5755998923196354,nested_training_fold_selector,500
Random,100,FractionCSP3,0.806,0.1348864094983642,0.01,0.25,0.5755998923196354,nested_training_fold_selector,500
Random,100,HeavyAtoms,0.334,0.0,0.01,0.25,0.5755998923196354,nested_training_fold_selector,500
Random,100,MolMR,0.652,-0.1214054661209781,0.01,0.25,0.5755998923196354,nested_training_fold_selector,500
Random,100,FormalCharge,0.568,0.0,0.01,0.25,0.5755998923196354,nested_training_fold_selector,500
Random,11,MolWt,0.958,0.43046694613683817,0.01,0.75,0.7097490709229959,nested_training_fold_selector,500
Random,11,MolLogP,0.98,0.35463038310166695,0.01,0.75,0.7097490709229959,nested_training_fold_selector,500
Random,11,TPSA,0.974,-0.5796300417420281,0.01,0.75,0.7097490709229959,nested_training_fold_selector,500
Random,11,HDonors,0.884,-0.2973989154342307,0.01,0.75,0.7097490709229959,nested_training_fold_selector,500
Random,11,HAcceptors,1.0,0.6319359208833988,0.01,0.75,0.7097490709229959,nested_training_fold_selector,500
Random,11,RotBonds,0.51,-0.009075578981612282,0.01,0.75,0.7097490709229959,nested_training_fold_selector,500
Random,11,RingCount,0.868,-0.22404025206285105,0.01,0.75,0.7097490709229959,nested_training_fold_selector,500
Random,11,AromaticRings,0.976,-0.3061050675489453,0.01,0.75,0.7097490709229959,nested_training_fold_selector,500
Random,11,FractionCSP3,0.278,0.0,0.01,0.75,0.7097490709229959,nested_training_fold_selector,500
Random,11,HeavyAtoms,0.236,0.0,0.01,0.75,0.7097490709229959,nested_training_fold_selector,500
Random,11,MolMR,0.098,0.0,0.01,0.75,0.7097490709229959,nested_training_fold_selector,500
Random,11,FormalCharge,0.504,0.0,0.01,0.75,0.7097490709229959,nested_training_fold_selector,500
Random,1,MolWt,0.662,0.08711742922359172,0.003,0.5,0.7422762824936738,nested_training_fold_selector,500
Random,1,MolLogP,0.998,0.7697687064422641,0.003,0.5,0.7422762824936738,nested_training_fold_selector,500
Random,1,TPSA,0.974,-0.9136781631290023,0.003,0.5,0.7422762824936738,nested_training_fold_selector,500
Random,1,HDonors,0.852,-0.4410557909976691,0.003,0.5,0.7422762824936738,nested_training_fold_selector,500
Random,1,HAcceptors,1.0,1.300640732380459,0.003,0.5,0.7422762824936738,nested_training_fold_selector,500
Random,1,RotBonds,0.91,-0.322097904894895,0.003,0.5,0.7422762824936738,nested_training_fold_selector,500
Random,1,RingCount,0.848,-0.2817658886776784,0.003,0.5,0.7422762824936738,nested_training_fold_selector,500
Random,1,AromaticRings,0.972,-0.47707509958092675,0.003,0.5,0.7422762824936738,nested_training_fold_selector,500
Random,1,FractionCSP3,0.734,0.08811777207138258,0.003,0.5,0.7422762824936738,nested_training_fold_selector,500
Random,1,HeavyAtoms,0.686,0.16169849517586904,0.003,0.5,0.7422762824936738,nested_training_fold_selector,500
Random,1,MolMR,0.498,0.0,0.003,0.5,0.7422762824936738,nested_training_fold_selector,500
Random,1,FormalCharge,0.712,-0.07562918996870449,0.003,0.5,0.7422762824936738,nested_training_fold_selector,500
MaxMin,100,MolWt,0.85,1.5564327287505804,3e-05,0.75,0.5573844367729259,nested_training_fold_selector,500
MaxMin,100,MolLogP,0.776,1.3135893936105965,3e-05,0.75,0.5573844367729259,nested_training_fold_selector,500
MaxMin,100,TPSA,0.87,-4.1925704602911615,3e-05,0.75,0.5573844367729259,nested_training_fold_selector,500
MaxMin,100,HDonors,0.922,4.987499894379381,3e-05,0.75,0.5573844367729259,nested_training_fold_selector,500
MaxMin,100,HAcceptors,0.95,5.629750813530835,3e-05,0.75,0.5573844367729259,nested_training_fold_selector,500
MaxMin,100,RotBonds,0.782,0.8049969717712333,3e-05,0.75,0.5573844367729259,nested_training_fold_selector,500
MaxMin,100,RingCount,0.812,1.418019578752579,3e-05,0.75,0.5573844367729259,nested_training_fold_selector,500
MaxMin,100,AromaticRings,0.79,-1.4593176290548713,3e-05,0.75,0.5573844367729259,nested_training_fold_selector,500
MaxMin,100,FractionCSP3,0.688,0.0,3e-05,0.75,0.5573844367729259,nested_training_fold_selector,500
MaxMin,100,HeavyAtoms,0.902,-5.390190588108158,3e-05,0.75,0.5573844367729259,nested_training_fold_selector,500
MaxMin,100,MolMR,0.854,-0.8026401949132524,3e-05,0.75,0.5573844367729259,nested_training_fold_selector,500
MaxMin,100,FormalCharge,0.876,6.81089252470467,3e-05,0.75,0.5573844367729259,nested_training_fold_selector,500
MaxMin,11,MolWt,0.972,0.5915071722409163,0.003,0.25,0.7142390332181691,nested_training_fold_selector,500
MaxMin,11,MolLogP,0.994,0.5669644977665422,0.003,0.25,0.7142390332181691,nested_training_fold_selector,500
MaxMin,11,TPSA,1.0,-0.96055824135149,0.003,0.25,0.7142390332181691,nested_training_fold_selector,500
MaxMin,11,HDonors,0.804,-0.12764424103269978,0.003,0.25,0.7142390332181691,nested_training_fold_selector,500
MaxMin,11,HAcceptors,1.0,1.1627731961290606,0.003,0.25,0.7142390332181691,nested_training_fold_selector,500
MaxMin,11,RotBonds,0.766,-0.09997770806542665,0.003,0.25,0.7142390332181691,nested_training_fold_selector,500
MaxMin,11,RingCount,0.744,0.0,0.003,0.25,0.7142390332181691,nested_training_fold_selector,500
MaxMin,11,AromaticRings,1.0,-0.5933116286495,0.003,0.25,0.7142390332181691,nested_training_fold_selector,500
MaxMin,11,FractionCSP3,0.882,-0.17193899517591393,0.003,0.25,0.7142390332181691,nested_training_fold_selector,500
MaxMin,11,HeavyAtoms,0.992,-0.922459900074686,0.003,0.25,0.7142390332181691,nested_training_fold_selector,500
MaxMin,11,MolMR,0.914,0.5326681365860375,0.003,0.25,0.7142390332181691,nested_training_fold_selector,500
MaxMin,11,FormalCharge,0.846,0.06040668994357663,0.003,0.25,0.7142390332181691,nested_training_fold_selector,500
MaxMin,1,MolWt,0.16,0.0,0.01,0.75,0.7617866801893171,nested_training_fold_selector,500
MaxMin,1,MolLogP,1.0,0.7877885697653634,0.01,0.75,0.7617866801893171,nested_training_fold_selector,500
MaxMin,1,TPSA,0.944,-0.6063560471081872,0.01,0.75,0.7617866801893171,nested_training_fold_selector,500
MaxMin,1,HDonors,0.664,-0.2228050109473246,0.01,0.75,0.7617866801893171,nested_training_fold_selector,500
MaxMin,1,HAcceptors,1.0,1.0815219580956947,0.01,0.75,0.7617866801893171,nested_training_fold_selector,500
MaxMin,1,RotBonds,0.462,0.0,0.01,0.75,0.7617866801893171,nested_training_fold_selector,500
MaxMin,1,RingCount,0.254,0.0,0.01,0.75,0.7617866801893171,nested_training_fold_selector,500
MaxMin,1,AromaticRings,1.0,-0.6456458654362205,0.01,0.75,0.7617866801893171,nested_training_fold_selector,500
MaxMin,1,FractionCSP3,0.298,0.0,0.01,0.75,0.7617866801893171,nested_training_fold_selector,500
MaxMin,1,HeavyAtoms,0.112,0.0,0.01,0.75,0.7617866801893171,nested_training_fold_selector,500
MaxMin,1,MolMR,0.282,0.0,0.01,0.75,0.7617866801893171,nested_training_fold_selector,500
MaxMin,1,FormalCharge,0.348,0.0,0.01,0.75,0.7617866801893171,nested_training_fold_selector,500
Time,100,MolWt,0.448,0.0,0.01,0.5,0.6302937084424938,nested_training_fold_selector,500
Time,100,MolLogP,0.89,0.2554986798988875,0.01,0.5,0.6302937084424938,nested_training_fold_selector,500
Time,100,TPSA,0.736,-0.24115754927984898,0.01,0.5,0.6302937084424938,nested_training_fold_selector,500
Time,100,HDonors,0.41,0.0,0.01,0.5,0.6302937084424938,nested_training_fold_selector,500
Time,100,HAcceptors,1.0,0.8299742085121061,0.01,0.5,0.6302937084424938,nested_training_fold_selector,500
Time,100,RotBonds,0.552,0.0,0.01,0.5,0.6302937084424938,nested_training_fold_selector,500
Time,100,RingCount,0.656,-0.08929353695761105,0.01,0.5,0.6302937084424938,nested_training_fold_selector,500
Time,100,AromaticRings,0.718,-0.12637882940689626,0.01,0.5,0.6302937084424938,nested_training_fold_selector,500
Time,100,FractionCSP3,0.818,0.15977773460887643,0.01,0.5,0.6302937084424938,nested_training_fold_selector,500
Time,100,HeavyAtoms,0.572,-0.08602103571325423,0.01,0.5,0.6302937084424938,nested_training_fold_selector,500
Time,100,MolMR,0.23,0.0,0.01,0.5,0.6302937084424938,nested_training_fold_selector,500
Time,100,FormalCharge,0.728,0.08755521703743663,0.01,0.5,0.6302937084424938,nested_training_fold_selector,500
Time,11,MolWt,0.972,0.5916280087384416,0.003,0.75,0.7360766366042985,nested_training_fold_selector,500
Time,11,MolLogP,0.99,0.5350694887786326,0.003,0.75,0.7360766366042985,nested_training_fold_selector,500
Time,11,TPSA,1.0,-1.405707082259873,0.003,0.75,0.7360766366042985,nested_training_fold_selector,500
Time,11,HDonors,0.638,0.0,0.003,0.75,0.7360766366042985,nested_training_fold_selector,500
Time,11,HAcceptors,1.0,1.4521343597169447,0.003,0.75,0.7360766366042985,nested_training_fold_selector,500
Time,11,RotBonds,0.684,-0.08798300727438,0.003,0.75,0.7360766366042985,nested_training_fold_selector,500
Time,11,RingCount,0.744,-0.14191737066479038,0.003,0.75,0.7360766366042985,nested_training_fold_selector,500
Time,11,AromaticRings,1.0,-0.5223888672507266,0.003,0.75,0.7360766366042985,nested_training_fold_selector,500
Time,11,FractionCSP3,0.798,-0.14330056575443997,0.003,0.75,0.7360766366042985,nested_training_fold_selector,500
Time,11,HeavyAtoms,0.7,-0.36638646780491413,0.003,0.75,0.7360766366042985,nested_training_fold_selector,500
Time,11,MolMR,0.498,0.0,0.003,0.75,0.7360766366042985,nested_training_fold_selector,500
Time,11,FormalCharge,0.734,0.04954939593646415,0.003,0.75,0.7360766366042985,nested_training_fold_selector,500
Time,1,MolWt,0.312,0.0,0.01,0.75,0.7766614969672742,nested_training_fold_selector,500
Time,1,MolLogP,0.972,0.5596272964963436,0.01,0.75,0.7766614969672742,nested_training_fold_selector,500
Time,1,TPSA,0.988,-0.7514773449056165,0.01,0.75,0.7766614969672742,nested_training_fold_selector,500
Time,1,HDonors,0.872,-0.4306373639351204,0.01,0.75,0.7766614969672742,nested_training_fold_selector,500
Time,1,HAcceptors,1.0,1.1284024265776869,0.01,0.75,0.7766614969672742,nested_training_fold_selector,500
Time,1,RotBonds,0.29,0.0,0.01,0.75,0.7766614969672742,nested_training_fold_selector,500
Time,1,RingCount,0.478,0.0,0.01,0.75,0.7766614969672742,nested_training_fold_selector,500
Time,1,AromaticRings,0.998,-0.5382161685288136,0.01,0.75,0.7766614969672742,nested_training_fold_selector,500
Time,1,FractionCSP3,0.374,0.0,0.01,0.75,0.7766614969672742,nested_training_fold_selector,500
Time,1,HeavyAtoms,0.146,0.0,0.01,0.75,0.7766614969672742,nested_training_fold_selector,500
Time,1,MolMR,0.426,0.0,0.01,0.75,0.7766614969672742,nested_training_fold_selector,500
Time,1,FormalCharge,0.472,0.0,0.01,0.75,0.7766614969672742,nested_training_fold_selector,500
