Threshold,Descriptor,MeanSelectionFrequency,MinSelectionFrequency,MeanAbsMedianCoefficient,Protocol
1,HAcceptors,1.0,1.0,1.1701883723512803,nested_training_fold_selector
1,MolLogP,0.9899999999999999,0.972,0.7057281909013238,nested_training_fold_selector
1,AromaticRings,0.9899999999999999,0.972,0.5536457111819869,nested_training_fold_selector
1,TPSA,0.9686666666666666,0.944,0.7571705183809353,nested_training_fold_selector
1,HDonors,0.7959999999999999,0.664,0.3648327219600381,nested_training_fold_selector
1,RotBonds,0.5539999999999999,0.29,0.10736596829829832,nested_training_fold_selector
1,RingCount,0.5266666666666667,0.254,0.09392196289255945,nested_training_fold_selector
1,FormalCharge,0.5106666666666667,0.348,0.025209729989568164,nested_training_fold_selector
1,FractionCSP3,0.4686666666666666,0.298,0.02937259069046086,nested_training_fold_selector
1,MolMR,0.40199999999999997,0.282,0.0,nested_training_fold_selector
1,MolWt,0.37799999999999995,0.16,0.029039143074530576,nested_training_fold_selector
1,HeavyAtoms,0.3146666666666667,0.112,0.053899498391956346,nested_training_fold_selector
11,HAcceptors,1.0,1.0,1.0822811589098014,nested_training_fold_selector
11,AromaticRings,0.992,0.976,0.47393518781639066,nested_training_fold_selector
11,TPSA,0.9913333333333334,0.974,0.9819651217844637,nested_training_fold_selector
11,MolLogP,0.988,0.98,0.48555478988228057,nested_training_fold_selector
11,MolWt,0.9673333333333334,0.958,0.5378673757053987,nested_training_fold_selector
11,RingCount,0.7853333333333333,0.744,0.12198587424254714,nested_training_fold_selector
11,HDonors,0.7753333333333333,0.638,0.1416810521556435,nested_training_fold_selector
11,FormalCharge,0.6946666666666667,0.504,0.03665202862668026,nested_training_fold_selector
11,RotBonds,0.6533333333333333,0.51,0.06567876477380631,nested_training_fold_selector
11,FractionCSP3,0.6526666666666667,0.278,0.1050798536434513,nested_training_fold_selector
11,HeavyAtoms,0.6426666666666666,0.236,0.42961545595986667,nested_training_fold_selector
11,MolMR,0.5033333333333333,0.098,0.17755604552867918,nested_training_fold_selector
100,HAcceptors,0.9813333333333333,0.95,2.323242858589757,nested_training_fold_selector
100,MolLogP,0.852,0.776,0.5924241711107584,nested_training_fold_selector
100,TPSA,0.8140000000000001,0.736,1.5454463218357175,nested_training_fold_selector
100,AromaticRings,0.7839999999999999,0.718,0.5847702387236259,nested_training_fold_selector
100,FractionCSP3,0.7706666666666666,0.688,0.09822138136908021,nested_training_fold_selector
100,FormalCharge,0.7239999999999999,0.568,2.2994825805807024,nested_training_fold_selector
100,RingCount,0.718,0.656,0.50243770523673,nested_training_fold_selector
100,HDonors,0.658,0.41,1.6732706288108607,nested_training_fold_selector
100,RotBonds,0.658,0.552,0.26833232392374445,nested_training_fold_selector
100,MolWt,0.6333333333333333,0.448,0.5188109095835268,nested_training_fold_selector
100,HeavyAtoms,0.6026666666666667,0.334,1.8254038746071375,nested_training_fold_selector
100,MolMR,0.5786666666666667,0.23,0.30801522034474355,nested_training_fold_selector
