Split,Subset,Threshold,n,Positive_n,Negative_n,Positive_fraction
Random,Train,100,828,679,149,0.8200483091787439
Random,Train,11,828,237,591,0.286231884057971
Random,Train,1,828,138,690,0.16666666666666666
Random,Test,100,207,179,28,0.8647342995169082
Random,Test,11,207,59,148,0.28502415458937197
Random,Test,1,207,33,174,0.15942028985507245
MaxMin,Train,100,828,696,132,0.8405797101449275
MaxMin,Train,11,828,254,574,0.30676328502415456
MaxMin,Train,1,828,148,680,0.178743961352657
MaxMin,Test,100,207,162,45,0.782608695652174
MaxMin,Test,11,207,42,165,0.2028985507246377
MaxMin,Test,1,207,23,184,0.1111111111111111
Time,Train,100,828,691,137,0.8345410628019324
Time,Train,11,828,255,573,0.3079710144927536
Time,Train,1,828,147,681,0.17753623188405798
Time,Test,100,207,167,40,0.8067632850241546
Time,Test,11,207,41,166,0.19806763285024154
Time,Test,1,207,24,183,0.11594202898550725
