HeldOutSource,Threshold,Model,n_test,n_pos,AUROC,AUPRC
BPDB,100,ECFPStructure,84,77,0.5231910946196661,0.9044518279924267
BPDB,100,Route+Agrochemical,84,77,0.5139146567717996,0.933984144207289
BPDB,11,ECFPStructure,84,16,0.7757352941176471,0.6701471646143551
BPDB,11,Route+Agrochemical,84,16,0.7279411764705883,0.551948875969465
BPDB,1,ECFPStructure,84,15,0.8,0.680146436324926
BPDB,1,Route+Agrochemical,84,15,0.7555555555555555,0.5609756574594439
ECOTOX,100,ECFPStructure,441,369,0.6649728997289973,0.9005056521619326
ECOTOX,100,Route+Agrochemical,441,369,0.5659251731406203,0.8657340853859327
ECOTOX,11,ECFPStructure,441,157,0.8875033641338478,0.8494333244947553
ECOTOX,11,Route+Agrochemical,441,157,0.8666120929398045,0.7258490210464387
ECOTOX,1,ECFPStructure,441,97,0.9048189882522176,0.7495096390556487
ECOTOX,1,Route+Agrochemical,441,97,0.8757941740589786,0.5518202147369189
PPDB,100,ECFPStructure,510,412,0.6489498712106202,0.8845964557842475
PPDB,100,Route+Agrochemical,510,412,0.5265008916187834,0.8307126503056187
PPDB,11,ECFPStructure,510,123,0.7521270561542825,0.6265199755184927
PPDB,11,Route+Agrochemical,510,123,0.7698892880401673,0.5348964465463819
PPDB,1,ECFPStructure,510,59,0.846255026494795,0.5593605538949382
PPDB,1,Route+Agrochemical,510,59,0.8729377278364463,0.453489683674015
