HeldOutSource,Bootstrap,Comparison,ObservedDeltaAUROC,PercentileCI_low,PercentileCI_high,SimultaneousCI_low,SimultaneousCI_high,ProbDelta_gt0,B_valid
BPDB,Molecule,11-100,0.252544199497981,-0.08148308655350911,0.5953445478666145,-0.1025887962970356,0.6076771952929976,0.9293576145687412,4997
BPDB,Molecule,1-100,0.276808905380334,-0.05375826037316719,0.6149697984903837,-0.07832409041468263,0.6319419011753507,0.9513708224934961,4997
BPDB,ScaffoldCluster,11-100,0.252544199497981,-0.18252553575595898,0.5690804101873478,-0.15251153075352497,0.657599929749487,0.8732225115161226,4993
BPDB,ScaffoldCluster,1-100,0.276808905380334,-0.1402886046110583,0.5987275781570823,-0.128246824871172,0.68186463563184,0.9058682155017024,4993
ECOTOX,Molecule,11-100,0.22253046440485047,0.1501615514543826,0.29743757408945026,0.14038042987873092,0.30468049893097005,1.0,5000
ECOTOX,Molecule,1-100,0.2398460885232203,0.16262544238796797,0.31780193888136626,0.15769605399710077,0.3219961230493399,1.0,5000
ECOTOX,ScaffoldCluster,11-100,0.22253046440485047,0.14147370848116564,0.28748053286319625,0.14214853950171816,0.3029123893079828,1.0,5000
ECOTOX,ScaffoldCluster,1-100,0.2398460885232203,0.16554027018897663,0.31062153213218147,0.159464163620088,0.32022801342635265,1.0,5000
PPDB,Molecule,11-100,0.10317718494366235,0.027650091130883445,0.17857908219262228,0.015258836254142552,0.19109553363318216,0.9962,5000
PPDB,Molecule,1-100,0.1973051552841748,0.11354828743727312,0.2754634954519711,0.10938680659465501,0.2852235039736946,1.0,5000
PPDB,ScaffoldCluster,11-100,0.10317718494366235,-0.0077158478428278506,0.19054186079875712,-0.001529673817327007,0.2078840437046517,0.9642,5000
PPDB,ScaffoldCluster,1-100,0.1973051552841748,0.1055831802248585,0.2701265204493361,0.09259829652318545,0.30201201404516415,0.9998,5000
