Split,Threshold,n_per_class,Train_n,Repeats,MeanAUROC,SDAUROC,AUROC_Q025,AUROC_Q975,MeanAUPRC,AUPRC_Q025,AUPRC_Q975
Random,100,25,50,200,0.5830696328810854,0.06052672519935004,0.4766610135674382,0.7073348962490024,0.89755657846134,0.85587157967623,0.941036222861784
Random,100,50,100,200,0.6220261372705507,0.0550516788435161,0.5091430566640064,0.7163058659217878,0.908819632648028,0.8654355068655213,0.9379846041532945
Random,100,75,150,200,0.6423947525937749,0.047405243632595295,0.5436676975259378,0.7336891460494812,0.9152599698907155,0.8820584213530274,0.9453543142841311
Random,100,100,200,200,0.6604414405426975,0.04524148758194235,0.5672086991221069,0.7457302474062251,0.9197220613623679,0.8840041768505986,0.9492649881621997
Random,100,125,250,200,0.6845750199521149,0.03258139006526823,0.6204160015961692,0.7460694333599361,0.9267673636799284,0.89477047838856,0.9477825101267893
Random,11,25,50,200,0.7328865093907467,0.04067091467427813,0.6542286990380212,0.8040941365093908,0.6148651332018847,0.47899307212118125,0.6971542819286369
Random,11,50,100,200,0.764439990838296,0.031850674812017636,0.6971684608337151,0.8198637196518553,0.6629683291160368,0.578091898703898,0.7243311537294674
Random,11,75,150,200,0.7874874026568942,0.02785139478083876,0.7258274163994503,0.8326929683921209,0.6939216331141757,0.6268427595967256,0.7447794977312344
Random,11,100,200,200,0.8029764086120019,0.023624277137842858,0.7510020613834173,0.8412906550618416,0.7090906675964485,0.6573761621338766,0.7582604366316205
Random,11,125,250,200,0.8102433577645443,0.021086336877256463,0.764993701328447,0.847222858451672,0.7174344720445127,0.6744795081011495,0.7676107055430879
Random,1,25,50,200,0.8396455938697318,0.03177240405080283,0.7672109021246952,0.8873693834900732,0.6034966098852484,0.4518003597471364,0.72013686929126
Random,1,50,100,200,0.8770619993033787,0.01877603759835958,0.837861372344131,0.9070184604667364,0.6751073603631721,0.5728703464046373,0.7530541786351603
Random,1,75,150,200,0.891574364332985,0.012860673402996634,0.8654867641936608,0.9134578544061304,0.7061667032082286,0.6463058458922987,0.767228317020053
Random,1,100,200,200,0.90205938697318,0.011191921898485654,0.8803509230233368,0.9216736328805294,0.727762488781538,0.6620145942036618,0.782434439198414
Random,1,125,250,200,0.9081556948798328,0.008881867934926848,0.8923458725182863,0.9267023685127134,0.7390908222410911,0.6794635569232739,0.7864573894509496
MaxMin,100,25,50,200,0.5177458847736625,0.04402018126873506,0.43736625514403293,0.598542524005487,0.8049997668942878,0.7607577359303768,0.8479119699977797
MaxMin,100,50,100,200,0.5250240054869685,0.03774756115956083,0.4477880658436214,0.5959019204389575,0.8087591697336524,0.762800784287786,0.8496077769133485
MaxMin,100,75,150,200,0.5332853223593964,0.03755864387325144,0.47157750342935534,0.5983024691358025,0.8115146373766978,0.770243492717242,0.847382055901174
MaxMin,100,100,200,200,0.5455288065843621,0.032152083166044336,0.4872599451303155,0.6027743484224967,0.8148605019842634,0.7787285307724809,0.845692407413604
MaxMin,100,125,250,200,0.553766803840878,0.026958948647131328,0.5046467764060356,0.6036556927297669,0.8170987094266963,0.7840216015049194,0.8475700935781101
MaxMin,11,25,50,200,0.6302821067821067,0.0411245135895796,0.5518614718614717,0.7090620490620491,0.39036511192939394,0.29081843372972677,0.48787784723420974
MaxMin,11,50,100,200,0.6599891774891773,0.03687604684059045,0.5883838383838383,0.7300252525252525,0.42227475894273736,0.3195821058197722,0.5217804932504037
MaxMin,11,75,150,200,0.6853896103896104,0.032020239779688604,0.6206493506493508,0.751432178932179,0.45313919328191693,0.348953411665285,0.5423703283207277
MaxMin,11,100,200,200,0.7026486291486291,0.029678024105578633,0.6474062049062048,0.7591883116883117,0.4672284520735212,0.3870187462145662,0.56242389145496
MaxMin,11,125,250,200,0.7148463203463202,0.025400010716281146,0.6687590187590188,0.7595129870129871,0.4744205840481635,0.40241682327078776,0.5474062000494782
MaxMin,1,25,50,200,0.6324586483931948,0.048099111652043135,0.5394110349716446,0.737765831758034,0.33045689586035015,0.23112613051723535,0.4370930636306471
MaxMin,1,50,100,200,0.6747613421550094,0.04640913026089731,0.581976606805293,0.76703095463138,0.3931245769575047,0.3074044853496038,0.4716087441209697
MaxMin,1,75,150,200,0.7047459829867674,0.04008176839314882,0.631976606805293,0.7822010869565218,0.42961930384509744,0.33819184308447087,0.5156500785590219
MaxMin,1,100,200,200,0.7230281190926275,0.03617272467367911,0.6567993856332703,0.785515122873346,0.4433775092699615,0.3574066674770067,0.5131324545497824
MaxMin,1,125,250,200,0.7474562854442344,0.02806119387895394,0.691280718336484,0.792804820415879,0.4771975459356439,0.4222991472620695,0.5410093174032649
Time,100,25,50,200,0.534491017964072,0.05226176204517271,0.44043787425149694,0.626946107784431,0.8341051574696097,0.792057902567937,0.8781798461927344
Time,100,50,100,200,0.547250748502994,0.05148451158710642,0.45877619760479044,0.6413360778443113,0.8418230636253028,0.8063364490852573,0.8787742084101919
Time,100,75,150,200,0.5726938622754492,0.04526593837730105,0.4842440119760479,0.6547455089820359,0.8525017471501211,0.8131205493357238,0.886927434643125
Time,100,100,200,200,0.5881092814371257,0.04000069941388496,0.5111788922155689,0.6663847305389221,0.8589775033600684,0.827327335833727,0.8944167889760865
Time,100,125,250,200,0.6042806886227544,0.03523053890713214,0.5416654191616767,0.6627058383233534,0.8656642175872193,0.8414947991728496,0.8929828536280175
Time,11,25,50,200,0.6191551572142227,0.05180733212786768,0.5152769615045549,0.7049882456655892,0.3734556266728001,0.24012226949644416,0.4942059402486696
Time,11,50,100,200,0.6561548633558626,0.043495790333011326,0.5713928886276813,0.7404496032912137,0.4277215020360424,0.30695116788009436,0.5351999063527532
Time,11,75,150,200,0.6832735821334117,0.0374594859944148,0.6069240376138701,0.7490449603291214,0.4613872635889264,0.37625698583097417,0.5539103709173651
Time,11,100,200,200,0.6947487511019689,0.03088088098438939,0.6306163679106672,0.754143402879812,0.486601209373973,0.4094947842505491,0.5572590961367136
Time,11,125,250,200,0.7051087275933,0.03014694388426968,0.6319056714663533,0.7606854246253306,0.5007182514938384,0.4345664837922118,0.5670075342726427
Time,1,25,50,200,0.6905020491803279,0.05826807198316975,0.5737704918032787,0.8028517759562842,0.3880862356332326,0.22590263445976008,0.5127233369346107
Time,1,50,100,200,0.7196277322404372,0.0435181998259521,0.6399533242258651,0.8008082877959927,0.4471115499410572,0.35214703026214883,0.5280872329493133
Time,1,75,150,200,0.74466985428051,0.03770988448222248,0.673884335154827,0.8190459927140256,0.483081264728333,0.42016324957465356,0.5476849255980284
Time,1,100,200,200,0.7581489071038251,0.030215941575256554,0.6876081511839709,0.8147597905282331,0.5022172800407715,0.4501497003469986,0.5582018045255651
Time,1,125,250,200,0.7709881602914389,0.02701755775929383,0.7150785519125683,0.8204234972677596,0.5212469227769447,0.46885224589241176,0.5628485398940212
