case_id,Index,CAS,name,Tier,inchikey,route,source_path,source_file_sha256,source_data_row_0based,source_row_sha256,ecotox_reference_number,ecotox_test_id,ecotox_result_id,MRID,reference_is_study_identifier,reference_title,reference_author,reference_year,exposure,life_stage,duration_value,duration_operator,duration_unit,chemical_grade,purity_operator,purity_percent,test_material_dose_basis,operator,value_raw,unit_raw,value_ug_bee_or_ug_bee_day,daily_dose_unit,approximation_treated_as_point,record_interval,parser_replay,record_pair_is_independent_validation,adult48,adult48ai,benchmark_y_1,record_operator_ignored_y_1,record_qualifier_aware_y_1,benchmark_y_11,record_operator_ignored_y_11,record_qualifier_aware_y_11,benchmark_y_100,record_operator_ignored_y_100,record_qualifier_aware_y_100
E01,52,76-06-2,Trichloronitromethane,1,LFHISGNCFUNFFM-UHFFFAOYSA-N,Contact,output/external_data_audit/cache/upstream_ecotox.csv,426b4be8ab8b265404a75efa75fc892bf3074a4352efcdab6af9cd736d4f7c5a,302,049448691ef338e309ea4a70529c89f80bab17ca87d873a0e8580e1f1446abf4,184644,not supplied in cached export,not supplied in cached export,not supplied in cached export,False,Pesticide Ecotoxicity Database: Bee Studies,U.S.Environmental Protection Agency,2020,Dermal,Adult,2,,Day(s),Not coded,,99.8,Active ingredient,>,100,AI ug/org,100.0,False,False,"(100, inf)",same cached source row; qualifier omitted upstream,False,True,True,0,0,0,0,0,0,1,1,0
E03,199,61-31-4,"1-Naphthaleneacetic acid, Sodium salt",1,CJUUXVFWKYRHAR-UHFFFAOYSA-M,Contact,output/external_data_audit/cache/upstream_ecotox.csv,426b4be8ab8b265404a75efa75fc892bf3074a4352efcdab6af9cd736d4f7c5a,211,4dd6b62e5308792e19f16616902450d22c1d46c0bf28e47fe12e75d8dad27a87,184644,not supplied in cached export,not supplied in cached export,not supplied in cached export,False,Pesticide Ecotoxicity Database: Bee Studies,U.S.Environmental Protection Agency,2020,Dermal,Adult,2,,Day(s),Not coded,,96.7,Active ingredient,>,96.7,AI ug/org,96.7,False,False,"(96.7, inf)",same cached source row; qualifier omitted upstream,False,True,True,0,0,0,0,0,0,1,1,-1
E04,251,78-34-2,Delnav,1,VBKKVDGJXVOLNE-UHFFFAOYSA-N,Contact,output/external_data_audit/cache/upstream_ecotox.csv,426b4be8ab8b265404a75efa75fc892bf3074a4352efcdab6af9cd736d4f7c5a,306,d3245d14d91b96bcbc31b351ce4dd7de4ad65b33eef3576efe83899a6211c45c,184644,not supplied in cached export,not supplied in cached export,not supplied in cached export,False,Pesticide Ecotoxicity Database: Bee Studies,U.S.Environmental Protection Agency,2020,Dermal,Adult,2,,Day(s),Not coded,,NR,Formulation,,21.27,ug/bee,21.27,False,False,"[21.27, 21.27]",same cached source row; qualifier omitted upstream,False,True,False,0,0,0,0,0,0,1,1,1
E05,193,66-81-9,"4-[(2R)-2-[(1S,3S,5S)-3,5-Dimethyl-2-oxocyclohexyl]-2-hydroxyethyl]-2,6-piperidinedione",0,YPHMISFOHDHNIV-UHFFFAOYSA-N,Contact,output/external_data_audit/cache/upstream_ecotox.csv,426b4be8ab8b265404a75efa75fc892bf3074a4352efcdab6af9cd736d4f7c5a,282,f4f79ec1dc213a5aeddc1a3949b5f8f60fc5223075c20456c1332a81d9f86a4b,184644,not supplied in cached export,not supplied in cached export,not supplied in cached export,False,Pesticide Ecotoxicity Database: Bee Studies,U.S.Environmental Protection Agency,2020,Dermal,Adult,2,,Day(s),Not coded,,NR,Formulation,>,241.72,ug/bee,241.72,False,False,"(241.72, inf)",same cached source row; qualifier omitted upstream,False,True,False,0,0,0,0,0,0,0,0,0
E06,800,115970-17-7,"1-[(6-Chloro-3-pyridinyl)methyl]-4,5-dihydro-1H-imidazol-2-amine",3,UEQZFAGVRGWPDK-UHFFFAOYSA-N,Oral,output/external_data_audit/cache/upstream_ecotox.csv,426b4be8ab8b265404a75efa75fc892bf3074a4352efcdab6af9cd736d4f7c5a,1832,01a35ddc7e4004bd4d3f33399aa4265b46c1e31d0064d22b5cfc01135782112f,63505,not supplied in cached export,not supplied in cached export,not supplied in cached export,False,Discrepancy Between Acute and Chronic Toxicity Induced by Imidacloprid and Its Metabolites in Apis mellifera,"Suchail,S., D. Guez, and L.P. Belzunces",2001,Food,Not reported,3,,Day(s),Not reported,>=,97,Active ingredient,>,1000,ng/org,1.0,False,False,"(1, inf)",same cached source row; qualifier omitted upstream,False,False,False,1,1,0,1,1,-1,1,1,-1
E06,800,115970-17-7,"1-[(6-Chloro-3-pyridinyl)methyl]-4,5-dihydro-1H-imidazol-2-amine",3,UEQZFAGVRGWPDK-UHFFFAOYSA-N,Oral,output/external_data_audit/cache/upstream_ecotox.csv,426b4be8ab8b265404a75efa75fc892bf3074a4352efcdab6af9cd736d4f7c5a,1833,de389850dfca19d3e0cbe1c6f08a54850530b92c582d7e5331cfb68c18291c16,63505,not supplied in cached export,not supplied in cached export,not supplied in cached export,False,Discrepancy Between Acute and Chronic Toxicity Induced by Imidacloprid and Its Metabolites in Apis mellifera,"Suchail,S., D. Guez, and L.P. Belzunces",2001,Food,Not reported,2,,Day(s),Not reported,>=,97,Active ingredient,>,1000,ng/org,1.0,False,False,"(1, inf)",same cached source row; qualifier omitted upstream,False,False,False,1,1,0,1,1,-1,1,1,-1
E06,800,115970-17-7,"1-[(6-Chloro-3-pyridinyl)methyl]-4,5-dihydro-1H-imidazol-2-amine",3,UEQZFAGVRGWPDK-UHFFFAOYSA-N,Oral,output/external_data_audit/cache/upstream_ecotox.csv,426b4be8ab8b265404a75efa75fc892bf3074a4352efcdab6af9cd736d4f7c5a,1834,bbbb597e3670bcc502c56c8fe06145d4ca6d908e2b04a443b7efcc6c3ee79c6b,63505,not supplied in cached export,not supplied in cached export,not supplied in cached export,False,Discrepancy Between Acute and Chronic Toxicity Induced by Imidacloprid and Its Metabolites in Apis mellifera,"Suchail,S., D. Guez, and L.P. Belzunces",2001,Food,Not reported,4,,Day(s),Not reported,>=,97,Active ingredient,>,1000,ng/org,1.0,False,False,"(1, inf)",same cached source row; qualifier omitted upstream,False,False,False,1,1,0,1,1,-1,1,1,-1
E07,96,119-64-2,"1,2,3,4-Tetrahydronaphthalene",3,CXWXQJXEFPUFDZ-UHFFFAOYSA-N,Contact,output/external_data_audit/cache/upstream_ecotox.csv,426b4be8ab8b265404a75efa75fc892bf3074a4352efcdab6af9cd736d4f7c5a,456,bb331fc3aa7939c3800895a5dfb6a4324eb2126c01c385794c41e415c49c0ca8,184644,not supplied in cached export,not supplied in cached export,not supplied in cached export,False,Pesticide Ecotoxicity Database: Bee Studies,U.S.Environmental Protection Agency,2020,Dermal,Adult,2,,Day(s),Not coded,,NR,Formulation,>,0.336,ug/bee,0.336,False,False,"(0.336, inf)",same cached source row; qualifier omitted upstream,False,True,False,1,1,-1,1,1,-1,1,1,-1
E08,283,4685-14-7,"1,1'-Dimethyl-4,4'-bipyridinium",2,INFDPOAKFNIJBF-UHFFFAOYSA-N,Contact,output/external_data_audit/cache/upstream_ecotox.csv,426b4be8ab8b265404a75efa75fc892bf3074a4352efcdab6af9cd736d4f7c5a,1018,ce1477efb576c05424c24bbc292888e758f46f2920c6a3204c975071f64437e4,184644,not supplied in cached export,not supplied in cached export,not supplied in cached export,False,Pesticide Ecotoxicity Database: Bee Studies,U.S.Environmental Protection Agency,2020,Dermal,Adult,2,,Day(s),Not coded,,NR,Formulation,>,6.04,ug/bee,6.04,False,False,"(6.04, inf)",same cached source row; qualifier omitted upstream,False,True,False,0,0,0,1,1,-1,1,1,-1
