filter,routes,threshold,rule,Tier,n,positive,negative,unresolved,no_eligible_record,original_positive,positive_to_negative,negative_to_positive,to_unresolved
adult48,all,1,A,0,72,0,62,0,10,0,0,0,0
adult48,all,1,A,1,212,0,182,0,30,0,0,0,0
adult48,all,1,A,2,60,1,48,0,11,0,0,1,0
adult48,all,1,A,3,97,68,10,0,19,97,10,0,0
adult48,all,1,B,0,72,0,62,0,10,0,0,0,0
adult48,all,1,B,1,212,0,182,0,30,0,0,0,0
adult48,all,1,B,2,60,1,47,1,11,0,0,1,1
adult48,all,1,B,3,97,67,7,4,19,97,7,0,4
adult48,all,1,C,0,72,0,62,0,10,0,0,0,0
adult48,all,1,C,1,212,0,182,0,30,0,0,0,0
adult48,all,1,C,2,60,0,47,2,11,0,0,0,2
adult48,all,1,C,3,97,62,7,9,19,97,7,0,9
adult48,all,1,D,0,72,0,62,0,10,0,0,0,0
adult48,all,1,D,1,212,0,182,0,30,0,0,0,0
adult48,all,1,D,2,60,0,48,1,11,0,0,0,1
adult48,all,1,D,3,97,63,10,5,19,97,10,0,5
adult48,all,11,A,0,72,0,62,0,10,0,0,0,0
adult48,all,11,A,1,212,0,182,0,30,0,0,0,0
adult48,all,11,A,2,60,43,6,0,11,60,6,0,0
adult48,all,11,A,3,97,77,1,0,19,97,1,0,0
adult48,all,11,B,0,72,0,62,0,10,0,0,0,0
adult48,all,11,B,1,212,0,180,2,30,0,0,0,2
adult48,all,11,B,2,60,43,6,0,11,60,6,0,0
adult48,all,11,B,3,97,77,1,0,19,97,1,0,0
adult48,all,11,C,0,72,0,62,0,10,0,0,0,0
adult48,all,11,C,1,212,0,181,1,30,0,0,0,1
adult48,all,11,C,2,60,36,6,7,11,60,6,0,7
adult48,all,11,C,3,97,72,1,5,19,97,1,0,5
adult48,all,11,D,0,72,0,62,0,10,0,0,0,0
adult48,all,11,D,1,212,0,182,0,30,0,0,0,0
adult48,all,11,D,2,60,36,6,7,11,60,6,0,7
adult48,all,11,D,3,97,73,1,4,19,97,1,0,4
adult48,all,100,A,0,72,4,58,0,10,0,0,4,0
adult48,all,100,A,1,212,174,8,0,30,212,8,0,0
adult48,all,100,A,2,60,46,3,0,11,60,3,0,0
adult48,all,100,A,3,97,78,0,0,19,97,0,0,0
adult48,all,100,B,0,72,4,46,12,10,0,0,4,12
adult48,all,100,B,1,212,171,5,6,30,212,5,0,6
adult48,all,100,B,2,60,46,3,0,11,60,3,0,0
adult48,all,100,B,3,97,78,0,0,19,97,0,0,0
adult48,all,100,C,0,72,1,51,10,10,0,0,1,10
adult48,all,100,C,1,212,19,79,84,30,212,79,0,84
adult48,all,100,C,2,60,36,4,9,11,60,4,0,9
adult48,all,100,C,3,97,73,0,5,19,97,0,0,5
adult48,all,100,D,0,72,1,59,2,10,0,0,1,2
adult48,all,100,D,1,212,19,83,80,30,212,83,0,80
adult48,all,100,D,2,60,36,4,9,11,60,4,0,9
adult48,all,100,D,3,97,74,0,4,19,97,0,0,4
adult48,eligible,1,A,0,72,0,62,0,10,0,0,0,0
adult48,eligible,1,A,1,212,0,181,0,31,0,0,0,0
adult48,eligible,1,A,2,60,1,46,0,13,0,0,1,0
adult48,eligible,1,A,3,97,68,7,0,22,97,7,0,0
adult48,eligible,1,B,0,72,0,62,0,10,0,0,0,0
adult48,eligible,1,B,1,212,0,181,0,31,0,0,0,0
adult48,eligible,1,B,2,60,1,45,1,13,0,0,1,1
adult48,eligible,1,B,3,97,67,4,4,22,97,4,0,4
adult48,eligible,1,C,0,72,0,62,0,10,0,0,0,0
adult48,eligible,1,C,1,212,0,181,0,31,0,0,0,0
adult48,eligible,1,C,2,60,0,45,2,13,0,0,0,2
adult48,eligible,1,C,3,97,62,4,9,22,97,4,0,9
adult48,eligible,1,D,0,72,0,62,0,10,0,0,0,0
adult48,eligible,1,D,1,212,0,181,0,31,0,0,0,0
adult48,eligible,1,D,2,60,0,46,1,13,0,0,0,1
adult48,eligible,1,D,3,97,63,7,5,22,97,7,0,5
adult48,eligible,11,A,0,72,0,62,0,10,0,0,0,0
adult48,eligible,11,A,1,212,0,181,0,31,0,0,0,0
adult48,eligible,11,A,2,60,43,4,0,13,60,4,0,0
adult48,eligible,11,A,3,97,75,0,0,22,97,0,0,0
adult48,eligible,11,B,0,72,0,62,0,10,0,0,0,0
adult48,eligible,11,B,1,212,0,180,1,31,0,0,0,1
adult48,eligible,11,B,2,60,43,4,0,13,60,4,0,0
adult48,eligible,11,B,3,97,75,0,0,22,97,0,0,0
adult48,eligible,11,C,0,72,0,62,0,10,0,0,0,0
adult48,eligible,11,C,1,212,0,181,0,31,0,0,0,0
adult48,eligible,11,C,2,60,36,4,7,13,60,4,0,7
adult48,eligible,11,C,3,97,70,0,5,22,97,0,0,5
adult48,eligible,11,D,0,72,0,62,0,10,0,0,0,0
adult48,eligible,11,D,1,212,0,181,0,31,0,0,0,0
adult48,eligible,11,D,2,60,36,4,7,13,60,4,0,7
adult48,eligible,11,D,3,97,71,0,4,22,97,0,0,4
adult48,eligible,100,A,0,72,3,59,0,10,0,0,3,0
adult48,eligible,100,A,1,212,174,7,0,31,212,7,0,0
adult48,eligible,100,A,2,60,46,1,0,13,60,1,0,0
adult48,eligible,100,A,3,97,75,0,0,22,97,0,0,0
adult48,eligible,100,B,0,72,3,49,10,10,0,0,3,10
adult48,eligible,100,B,1,212,170,4,7,31,212,4,0,7
adult48,eligible,100,B,2,60,46,1,0,13,60,1,0,0
adult48,eligible,100,B,3,97,75,0,0,22,97,0,0,0
adult48,eligible,100,C,0,72,0,54,8,10,0,0,0,8
adult48,eligible,100,C,1,212,19,81,81,31,212,81,0,81
adult48,eligible,100,C,2,60,36,2,9,13,60,2,0,9
adult48,eligible,100,C,3,97,70,0,5,22,97,0,0,5
adult48,eligible,100,D,0,72,0,60,2,10,0,0,0,2
adult48,eligible,100,D,1,212,19,85,77,31,212,85,0,77
adult48,eligible,100,D,2,60,36,2,9,13,60,2,0,9
adult48,eligible,100,D,3,97,71,0,4,22,97,0,0,4
adult48,fixed,1,A,0,72,0,62,0,10,0,0,0,0
adult48,fixed,1,A,1,212,0,174,0,38,0,0,0,0
adult48,fixed,1,A,2,60,1,42,0,17,0,0,1,0
adult48,fixed,1,A,3,97,58,4,0,35,97,4,0,0
adult48,fixed,1,B,0,72,0,62,0,10,0,0,0,0
adult48,fixed,1,B,1,212,0,174,0,38,0,0,0,0
adult48,fixed,1,B,2,60,1,41,1,17,0,0,1,1
adult48,fixed,1,B,3,97,57,2,3,35,97,2,0,3
adult48,fixed,1,C,0,72,0,62,0,10,0,0,0,0
adult48,fixed,1,C,1,212,0,174,0,38,0,0,0,0
adult48,fixed,1,C,2,60,0,41,2,17,0,0,0,2
adult48,fixed,1,C,3,97,53,2,7,35,97,2,0,7
adult48,fixed,1,D,0,72,0,62,0,10,0,0,0,0
adult48,fixed,1,D,1,212,0,174,0,38,0,0,0,0
adult48,fixed,1,D,2,60,0,42,1,17,0,0,0,1
adult48,fixed,1,D,3,97,54,4,4,35,97,4,0,4
adult48,fixed,11,A,0,72,0,62,0,10,0,0,0,0
adult48,fixed,11,A,1,212,0,174,0,38,0,0,0,0
adult48,fixed,11,A,2,60,43,0,0,17,60,0,0,0
adult48,fixed,11,A,3,97,62,0,0,35,97,0,0,0
adult48,fixed,11,B,0,72,0,62,0,10,0,0,0,0
adult48,fixed,11,B,1,212,0,173,1,38,0,0,0,1
adult48,fixed,11,B,2,60,43,0,0,17,60,0,0,0
adult48,fixed,11,B,3,97,62,0,0,35,97,0,0,0
adult48,fixed,11,C,0,72,0,62,0,10,0,0,0,0
adult48,fixed,11,C,1,212,0,174,0,38,0,0,0,0
adult48,fixed,11,C,2,60,36,0,7,17,60,0,0,7
adult48,fixed,11,C,3,97,58,0,4,35,97,0,0,4
adult48,fixed,11,D,0,72,0,62,0,10,0,0,0,0
adult48,fixed,11,D,1,212,0,174,0,38,0,0,0,0
adult48,fixed,11,D,2,60,36,0,7,17,60,0,0,7
adult48,fixed,11,D,3,97,58,0,4,35,97,0,0,4
adult48,fixed,100,A,0,72,3,59,0,10,0,0,3,0
adult48,fixed,100,A,1,212,163,11,0,38,212,11,0,0
adult48,fixed,100,A,2,60,43,0,0,17,60,0,0,0
adult48,fixed,100,A,3,97,62,0,0,35,97,0,0,0
adult48,fixed,100,B,0,72,3,49,10,10,0,0,3,10
adult48,fixed,100,B,1,212,158,9,7,38,212,9,0,7
adult48,fixed,100,B,2,60,43,0,0,17,60,0,0,0
adult48,fixed,100,B,3,97,62,0,0,35,97,0,0,0
adult48,fixed,100,C,0,72,0,55,7,10,0,0,0,7
adult48,fixed,100,C,1,212,18,76,80,38,212,76,0,80
adult48,fixed,100,C,2,60,36,0,7,17,60,0,0,7
adult48,fixed,100,C,3,97,58,0,4,35,97,0,0,4
adult48,fixed,100,D,0,72,0,60,2,10,0,0,0,2
adult48,fixed,100,D,1,212,18,79,77,38,212,79,0,77
adult48,fixed,100,D,2,60,36,0,7,17,60,0,0,7
adult48,fixed,100,D,3,97,58,0,4,35,97,0,0,4
adult48ai,all,1,A,0,72,0,33,0,39,0,0,0,0
adult48ai,all,1,A,1,212,0,133,0,79,0,0,0,0
adult48ai,all,1,A,2,60,1,11,0,48,0,0,1,0
adult48ai,all,1,A,3,97,34,3,0,60,97,3,0,0
adult48ai,all,1,B,0,72,0,33,0,39,0,0,0,0
adult48ai,all,1,B,1,212,0,133,0,79,0,0,0,0
adult48ai,all,1,B,2,60,1,10,1,48,0,0,1,1
adult48ai,all,1,B,3,97,34,3,0,60,97,3,0,0
adult48ai,all,1,C,0,72,0,33,0,39,0,0,0,0
adult48ai,all,1,C,1,212,0,133,0,79,0,0,0,0
adult48ai,all,1,C,2,60,0,10,2,48,0,0,0,2
adult48ai,all,1,C,3,97,31,3,3,60,97,3,0,3
adult48ai,all,1,D,0,72,0,33,0,39,0,0,0,0
adult48ai,all,1,D,1,212,0,133,0,79,0,0,0,0
adult48ai,all,1,D,2,60,0,11,1,48,0,0,0,1
adult48ai,all,1,D,3,97,31,3,3,60,97,3,0,3
adult48ai,all,11,A,0,72,0,33,0,39,0,0,0,0
adult48ai,all,11,A,1,212,0,133,0,79,0,0,0,0
adult48ai,all,11,A,2,60,10,2,0,48,60,2,0,0
adult48ai,all,11,A,3,97,37,0,0,60,97,0,0,0
adult48ai,all,11,B,0,72,0,33,0,39,0,0,0,0
adult48ai,all,11,B,1,212,0,131,2,79,0,0,0,2
adult48ai,all,11,B,2,60,10,2,0,48,60,2,0,0
adult48ai,all,11,B,3,97,37,0,0,60,97,0,0,0
adult48ai,all,11,C,0,72,0,33,0,39,0,0,0,0
adult48ai,all,11,C,1,212,0,132,1,79,0,0,0,1
adult48ai,all,11,C,2,60,6,2,4,48,60,2,0,4
adult48ai,all,11,C,3,97,34,0,3,60,97,0,0,3
adult48ai,all,11,D,0,72,0,33,0,39,0,0,0,0
adult48ai,all,11,D,1,212,0,133,0,79,0,0,0,0
adult48ai,all,11,D,2,60,6,2,4,48,60,2,0,4
adult48ai,all,11,D,3,97,34,0,3,60,97,0,0,3
adult48ai,all,100,A,0,72,7,26,0,39,0,0,7,0
adult48ai,all,100,A,1,212,126,7,0,79,212,7,0,0
adult48ai,all,100,A,2,60,11,1,0,48,60,1,0,0
adult48ai,all,100,A,3,97,37,0,0,60,97,0,0,0
adult48ai,all,100,B,0,72,6,23,4,39,0,0,6,4
adult48ai,all,100,B,1,212,125,7,1,79,212,7,0,1
adult48ai,all,100,B,2,60,11,1,0,48,60,1,0,0
adult48ai,all,100,B,3,97,37,0,0,60,97,0,0,0
adult48ai,all,100,C,0,72,1,27,5,39,0,0,1,5
adult48ai,all,100,C,1,212,8,73,52,79,212,73,0,52
adult48ai,all,100,C,2,60,6,2,4,48,60,2,0,4
adult48ai,all,100,C,3,97,34,0,3,60,97,0,0,3
adult48ai,all,100,D,0,72,1,30,2,39,0,0,1,2
adult48ai,all,100,D,1,212,8,73,52,79,212,73,0,52
adult48ai,all,100,D,2,60,6,2,4,48,60,2,0,4
adult48ai,all,100,D,3,97,34,0,3,60,97,0,0,3
adult48ai,eligible,1,A,0,72,0,33,0,39,0,0,0,0
adult48ai,eligible,1,A,1,212,0,130,0,82,0,0,0,0
adult48ai,eligible,1,A,2,60,1,10,0,49,0,0,1,0
adult48ai,eligible,1,A,3,97,34,1,0,62,97,1,0,0
adult48ai,eligible,1,B,0,72,0,33,0,39,0,0,0,0
adult48ai,eligible,1,B,1,212,0,130,0,82,0,0,0,0
adult48ai,eligible,1,B,2,60,1,9,1,49,0,0,1,1
adult48ai,eligible,1,B,3,97,34,1,0,62,97,1,0,0
adult48ai,eligible,1,C,0,72,0,33,0,39,0,0,0,0
adult48ai,eligible,1,C,1,212,0,130,0,82,0,0,0,0
adult48ai,eligible,1,C,2,60,0,9,2,49,0,0,0,2
adult48ai,eligible,1,C,3,97,31,1,3,62,97,1,0,3
adult48ai,eligible,1,D,0,72,0,33,0,39,0,0,0,0
adult48ai,eligible,1,D,1,212,0,130,0,82,0,0,0,0
adult48ai,eligible,1,D,2,60,0,10,1,49,0,0,0,1
adult48ai,eligible,1,D,3,97,31,1,3,62,97,1,0,3
adult48ai,eligible,11,A,0,72,0,33,0,39,0,0,0,0
adult48ai,eligible,11,A,1,212,0,130,0,82,0,0,0,0
adult48ai,eligible,11,A,2,60,10,1,0,49,60,1,0,0
adult48ai,eligible,11,A,3,97,35,0,0,62,97,0,0,0
adult48ai,eligible,11,B,0,72,0,33,0,39,0,0,0,0
adult48ai,eligible,11,B,1,212,0,129,1,82,0,0,0,1
adult48ai,eligible,11,B,2,60,10,1,0,49,60,1,0,0
adult48ai,eligible,11,B,3,97,35,0,0,62,97,0,0,0
adult48ai,eligible,11,C,0,72,0,33,0,39,0,0,0,0
adult48ai,eligible,11,C,1,212,0,130,0,82,0,0,0,0
adult48ai,eligible,11,C,2,60,6,1,4,49,60,1,0,4
adult48ai,eligible,11,C,3,97,32,0,3,62,97,0,0,3
adult48ai,eligible,11,D,0,72,0,33,0,39,0,0,0,0
adult48ai,eligible,11,D,1,212,0,130,0,82,0,0,0,0
adult48ai,eligible,11,D,2,60,6,1,4,49,60,1,0,4
adult48ai,eligible,11,D,3,97,32,0,3,62,97,0,0,3
adult48ai,eligible,100,A,0,72,5,28,0,39,0,0,5,0
adult48ai,eligible,100,A,1,212,124,6,0,82,212,6,0,0
adult48ai,eligible,100,A,2,60,11,0,0,49,60,0,0,0
adult48ai,eligible,100,A,3,97,35,0,0,62,97,0,0,0
adult48ai,eligible,100,B,0,72,4,25,4,39,0,0,4,4
adult48ai,eligible,100,B,1,212,123,6,1,82,212,6,0,1
adult48ai,eligible,100,B,2,60,11,0,0,49,60,0,0,0
adult48ai,eligible,100,B,3,97,35,0,0,62,97,0,0,0
adult48ai,eligible,100,C,0,72,0,29,4,39,0,0,0,4
adult48ai,eligible,100,C,1,212,8,76,46,82,212,76,0,46
adult48ai,eligible,100,C,2,60,6,1,4,49,60,1,0,4
adult48ai,eligible,100,C,3,97,32,0,3,62,97,0,0,3
adult48ai,eligible,100,D,0,72,0,32,1,39,0,0,0,1
adult48ai,eligible,100,D,1,212,8,76,46,82,212,76,0,46
adult48ai,eligible,100,D,2,60,6,1,4,49,60,1,0,4
adult48ai,eligible,100,D,3,97,32,0,3,62,97,0,0,3
adult48ai,fixed,1,A,0,72,0,33,0,39,0,0,0,0
adult48ai,fixed,1,A,1,212,0,122,0,90,0,0,0,0
adult48ai,fixed,1,A,2,60,1,9,0,50,0,0,1,0
adult48ai,fixed,1,A,3,97,28,1,0,68,97,1,0,0
adult48ai,fixed,1,B,0,72,0,33,0,39,0,0,0,0
adult48ai,fixed,1,B,1,212,0,122,0,90,0,0,0,0
adult48ai,fixed,1,B,2,60,1,8,1,50,0,0,1,1
adult48ai,fixed,1,B,3,97,28,1,0,68,97,1,0,0
adult48ai,fixed,1,C,0,72,0,33,0,39,0,0,0,0
adult48ai,fixed,1,C,1,212,0,122,0,90,0,0,0,0
adult48ai,fixed,1,C,2,60,0,8,2,50,0,0,0,2
adult48ai,fixed,1,C,3,97,25,1,3,68,97,1,0,3
adult48ai,fixed,1,D,0,72,0,33,0,39,0,0,0,0
adult48ai,fixed,1,D,1,212,0,122,0,90,0,0,0,0
adult48ai,fixed,1,D,2,60,0,9,1,50,0,0,0,1
adult48ai,fixed,1,D,3,97,25,1,3,68,97,1,0,3
adult48ai,fixed,11,A,0,72,0,33,0,39,0,0,0,0
adult48ai,fixed,11,A,1,212,0,122,0,90,0,0,0,0
adult48ai,fixed,11,A,2,60,10,0,0,50,60,0,0,0
adult48ai,fixed,11,A,3,97,29,0,0,68,97,0,0,0
adult48ai,fixed,11,B,0,72,0,33,0,39,0,0,0,0
adult48ai,fixed,11,B,1,212,0,121,1,90,0,0,0,1
adult48ai,fixed,11,B,2,60,10,0,0,50,60,0,0,0
adult48ai,fixed,11,B,3,97,29,0,0,68,97,0,0,0
adult48ai,fixed,11,C,0,72,0,33,0,39,0,0,0,0
adult48ai,fixed,11,C,1,212,0,122,0,90,0,0,0,0
adult48ai,fixed,11,C,2,60,6,0,4,50,60,0,0,4
adult48ai,fixed,11,C,3,97,26,0,3,68,97,0,0,3
adult48ai,fixed,11,D,0,72,0,33,0,39,0,0,0,0
adult48ai,fixed,11,D,1,212,0,122,0,90,0,0,0,0
adult48ai,fixed,11,D,2,60,6,0,4,50,60,0,0,4
adult48ai,fixed,11,D,3,97,26,0,3,68,97,0,0,3
adult48ai,fixed,100,A,0,72,5,28,0,39,0,0,5,0
adult48ai,fixed,100,A,1,212,112,10,0,90,212,10,0,0
adult48ai,fixed,100,A,2,60,10,0,0,50,60,0,0,0
adult48ai,fixed,100,A,3,97,29,0,0,68,97,0,0,0
adult48ai,fixed,100,B,0,72,4,26,3,39,0,0,4,3
adult48ai,fixed,100,B,1,212,111,10,1,90,212,10,0,1
adult48ai,fixed,100,B,2,60,10,0,0,50,60,0,0,0
adult48ai,fixed,100,B,3,97,29,0,0,68,97,0,0,0
adult48ai,fixed,100,C,0,72,0,30,3,39,0,0,0,3
adult48ai,fixed,100,C,1,212,7,69,46,90,212,69,0,46
adult48ai,fixed,100,C,2,60,6,0,4,50,60,0,0,4
adult48ai,fixed,100,C,3,97,26,0,3,68,97,0,0,3
adult48ai,fixed,100,D,0,72,0,32,1,39,0,0,0,1
adult48ai,fixed,100,D,1,212,7,69,46,90,212,69,0,46
adult48ai,fixed,100,D,2,60,6,0,4,50,60,0,0,4
adult48ai,fixed,100,D,3,97,26,0,3,68,97,0,0,3
all,all,1,A,0,72,1,71,0,0,0,0,1,0
all,all,1,A,1,212,1,211,0,0,0,0,1,0
all,all,1,A,2,60,0,60,0,0,0,0,0,0
all,all,1,A,3,97,97,0,0,0,97,0,0,0
all,all,1,B,0,72,0,68,4,0,0,0,0,4
all,all,1,B,1,212,0,208,4,0,0,0,0,4
all,all,1,B,2,60,0,54,6,0,0,0,0,6
all,all,1,B,3,97,87,0,10,0,97,0,0,10
all,all,1,C,0,72,0,69,3,0,0,0,0,3
all,all,1,C,1,212,0,209,3,0,0,0,0,3
all,all,1,C,2,60,0,53,7,0,0,0,0,7
all,all,1,C,3,97,82,1,14,0,97,1,0,14
all,all,1,D,0,72,0,71,1,0,0,0,0,1
all,all,1,D,1,212,0,211,1,0,0,0,0,1
all,all,1,D,2,60,0,59,1,0,0,0,0,1
all,all,1,D,3,97,94,1,2,0,97,1,0,2
all,all,11,A,0,72,2,70,0,0,0,0,2,0
all,all,11,A,1,212,4,208,0,0,0,0,4,0
all,all,11,A,2,60,60,0,0,0,60,0,0,0
all,all,11,A,3,97,97,0,0,0,97,0,0,0
all,all,11,B,0,72,0,65,7,0,0,0,0,7
all,all,11,B,1,212,0,186,26,0,0,0,0,26
all,all,11,B,2,60,60,0,0,0,60,0,0,0
all,all,11,B,3,97,97,0,0,0,97,0,0,0
all,all,11,C,0,72,0,65,7,0,0,0,0,7
all,all,11,C,1,212,0,189,23,0,0,0,0,23
all,all,11,C,2,60,49,0,11,0,60,0,0,11
all,all,11,C,3,97,92,0,5,0,97,0,0,5
all,all,11,D,0,72,0,70,2,0,0,0,0,2
all,all,11,D,1,212,1,208,3,0,0,0,1,3
all,all,11,D,2,60,49,0,11,0,60,0,0,11
all,all,11,D,3,97,94,0,3,0,97,0,0,3
all,all,100,A,0,72,5,67,0,0,0,0,5,0
all,all,100,A,1,212,212,0,0,0,212,0,0,0
all,all,100,A,2,60,60,0,0,0,60,0,0,0
all,all,100,A,3,97,97,0,0,0,97,0,0,0
all,all,100,B,0,72,1,50,21,0,0,0,1,21
all,all,100,B,1,212,203,0,9,0,212,0,0,9
all,all,100,B,2,60,60,0,0,0,60,0,0,0
all,all,100,B,3,97,97,0,0,0,97,0,0,0
all,all,100,C,0,72,1,54,17,0,0,0,1,17
all,all,100,C,1,212,35,54,123,0,212,54,0,123
all,all,100,C,2,60,49,0,11,0,60,0,0,11
all,all,100,C,3,97,92,0,5,0,97,0,0,5
all,all,100,D,0,72,1,68,3,0,0,0,1,3
all,all,100,D,1,212,41,59,112,0,212,59,0,112
all,all,100,D,2,60,49,0,11,0,60,0,0,11
all,all,100,D,3,97,94,0,3,0,97,0,0,3
all,eligible,1,A,0,72,0,72,0,0,0,0,0,0
all,eligible,1,A,1,212,0,212,0,0,0,0,0,0
all,eligible,1,A,2,60,0,60,0,0,0,0,0,0
all,eligible,1,A,3,97,97,0,0,0,97,0,0,0
all,eligible,1,B,0,72,0,72,0,0,0,0,0,0
all,eligible,1,B,1,212,0,212,0,0,0,0,0,0
all,eligible,1,B,2,60,0,54,6,0,0,0,0,6
all,eligible,1,B,3,97,87,0,10,0,97,0,0,10
all,eligible,1,C,0,72,0,72,0,0,0,0,0,0
all,eligible,1,C,1,212,0,212,0,0,0,0,0,0
all,eligible,1,C,2,60,0,53,7,0,0,0,0,7
all,eligible,1,C,3,97,82,1,14,0,97,1,0,14
all,eligible,1,D,0,72,0,72,0,0,0,0,0,0
all,eligible,1,D,1,212,0,212,0,0,0,0,0,0
all,eligible,1,D,2,60,0,59,1,0,0,0,0,1
all,eligible,1,D,3,97,94,1,2,0,97,1,0,2
all,eligible,11,A,0,72,0,72,0,0,0,0,0,0
all,eligible,11,A,1,212,0,212,0,0,0,0,0,0
all,eligible,11,A,2,60,60,0,0,0,60,0,0,0
all,eligible,11,A,3,97,97,0,0,0,97,0,0,0
all,eligible,11,B,0,72,0,72,0,0,0,0,0,0
all,eligible,11,B,1,212,0,209,3,0,0,0,0,3
all,eligible,11,B,2,60,60,0,0,0,60,0,0,0
all,eligible,11,B,3,97,97,0,0,0,97,0,0,0
all,eligible,11,C,0,72,0,72,0,0,0,0,0,0
all,eligible,11,C,1,212,0,212,0,0,0,0,0,0
all,eligible,11,C,2,60,49,0,11,0,60,0,0,11
all,eligible,11,C,3,97,92,0,5,0,97,0,0,5
all,eligible,11,D,0,72,0,72,0,0,0,0,0,0
all,eligible,11,D,1,212,0,212,0,0,0,0,0,0
all,eligible,11,D,2,60,49,0,11,0,60,0,0,11
all,eligible,11,D,3,97,94,0,3,0,97,0,0,3
all,eligible,100,A,0,72,0,72,0,0,0,0,0,0
all,eligible,100,A,1,212,212,0,0,0,212,0,0,0
all,eligible,100,A,2,60,60,0,0,0,60,0,0,0
all,eligible,100,A,3,97,97,0,0,0,97,0,0,0
all,eligible,100,B,0,72,0,55,17,0,0,0,0,17
all,eligible,100,B,1,212,202,0,10,0,212,0,0,10
all,eligible,100,B,2,60,60,0,0,0,60,0,0,0
all,eligible,100,B,3,97,97,0,0,0,97,0,0,0
all,eligible,100,C,0,72,0,61,11,0,0,0,0,11
all,eligible,100,C,1,212,33,62,117,0,212,62,0,117
all,eligible,100,C,2,60,49,0,11,0,60,0,0,11
all,eligible,100,C,3,97,92,0,5,0,97,0,0,5
all,eligible,100,D,0,72,0,72,0,0,0,0,0,0
all,eligible,100,D,1,212,38,69,105,0,212,69,0,105
all,eligible,100,D,2,60,49,0,11,0,60,0,0,11
all,eligible,100,D,3,97,94,0,3,0,97,0,0,3
all,fixed,1,A,0,72,0,72,0,0,0,0,0,0
all,fixed,1,A,1,212,0,212,0,0,0,0,0,0
all,fixed,1,A,2,60,0,60,0,0,0,0,0,0
all,fixed,1,A,3,97,97,0,0,0,97,0,0,0
all,fixed,1,B,0,72,0,72,0,0,0,0,0,0
all,fixed,1,B,1,212,0,212,0,0,0,0,0,0
all,fixed,1,B,2,60,0,56,4,0,0,0,0,4
all,fixed,1,B,3,97,85,0,12,0,97,0,0,12
all,fixed,1,C,0,72,0,72,0,0,0,0,0,0
all,fixed,1,C,1,212,0,212,0,0,0,0,0,0
all,fixed,1,C,2,60,0,55,5,0,0,0,0,5
all,fixed,1,C,3,97,79,1,17,0,97,1,0,17
all,fixed,1,D,0,72,0,72,0,0,0,0,0,0
all,fixed,1,D,1,212,0,212,0,0,0,0,0,0
all,fixed,1,D,2,60,0,59,1,0,0,0,0,1
all,fixed,1,D,3,97,94,1,2,0,97,1,0,2
all,fixed,11,A,0,72,0,72,0,0,0,0,0,0
all,fixed,11,A,1,212,0,212,0,0,0,0,0,0
all,fixed,11,A,2,60,60,0,0,0,60,0,0,0
all,fixed,11,A,3,97,97,0,0,0,97,0,0,0
all,fixed,11,B,0,72,0,72,0,0,0,0,0,0
all,fixed,11,B,1,212,0,209,3,0,0,0,0,3
all,fixed,11,B,2,60,60,0,0,0,60,0,0,0
all,fixed,11,B,3,97,97,0,0,0,97,0,0,0
all,fixed,11,C,0,72,0,72,0,0,0,0,0,0
all,fixed,11,C,1,212,0,212,0,0,0,0,0,0
all,fixed,11,C,2,60,49,0,11,0,60,0,0,11
all,fixed,11,C,3,97,91,0,6,0,97,0,0,6
all,fixed,11,D,0,72,0,72,0,0,0,0,0,0
all,fixed,11,D,1,212,0,212,0,0,0,0,0,0
all,fixed,11,D,2,60,49,0,11,0,60,0,0,11
all,fixed,11,D,3,97,94,0,3,0,97,0,0,3
all,fixed,100,A,0,72,0,72,0,0,0,0,0,0
all,fixed,100,A,1,212,212,0,0,0,212,0,0,0
all,fixed,100,A,2,60,60,0,0,0,60,0,0,0
all,fixed,100,A,3,97,97,0,0,0,97,0,0,0
all,fixed,100,B,0,72,0,55,17,0,0,0,0,17
all,fixed,100,B,1,212,195,0,17,0,212,0,0,17
all,fixed,100,B,2,60,60,0,0,0,60,0,0,0
all,fixed,100,B,3,97,97,0,0,0,97,0,0,0
all,fixed,100,C,0,72,0,62,10,0,0,0,0,10
all,fixed,100,C,1,212,32,67,113,0,212,67,0,113
all,fixed,100,C,2,60,49,0,11,0,60,0,0,11
all,fixed,100,C,3,97,91,0,6,0,97,0,0,6
all,fixed,100,D,0,72,0,72,0,0,0,0,0,0
all,fixed,100,D,1,212,37,69,106,0,212,69,0,106
all,fixed,100,D,2,60,49,0,11,0,60,0,0,11
all,fixed,100,D,3,97,94,0,3,0,97,0,0,3
adult48,all,1,A,all,441,69,302,0,70,97,10,1,0
adult48,all,1,B,all,441,68,298,5,70,97,7,1,5
adult48,all,1,C,all,441,62,298,11,70,97,7,0,11
adult48,all,1,D,all,441,63,302,6,70,97,10,0,6
adult48,all,11,A,all,441,120,251,0,70,157,7,0,0
adult48,all,11,B,all,441,120,249,2,70,157,7,0,2
adult48,all,11,C,all,441,108,250,13,70,157,7,0,13
adult48,all,11,D,all,441,109,251,11,70,157,7,0,11
adult48,all,100,A,all,441,302,69,0,70,369,11,4,0
adult48,all,100,B,all,441,299,54,18,70,369,8,4,18
adult48,all,100,C,all,441,129,134,108,70,369,83,1,108
adult48,all,100,D,all,441,130,146,95,70,369,87,1,95
adult48,eligible,1,A,all,441,69,296,0,76,97,7,1,0
adult48,eligible,1,B,all,441,68,292,5,76,97,4,1,5
adult48,eligible,1,C,all,441,62,292,11,76,97,4,0,11
adult48,eligible,1,D,all,441,63,296,6,76,97,7,0,6
adult48,eligible,11,A,all,441,118,247,0,76,157,4,0,0
adult48,eligible,11,B,all,441,118,246,1,76,157,4,0,1
adult48,eligible,11,C,all,441,106,247,12,76,157,4,0,12
adult48,eligible,11,D,all,441,107,247,11,76,157,4,0,11
adult48,eligible,100,A,all,441,298,67,0,76,369,8,3,0
adult48,eligible,100,B,all,441,294,54,17,76,369,5,3,17
adult48,eligible,100,C,all,441,125,137,103,76,369,83,0,103
adult48,eligible,100,D,all,441,126,147,92,76,369,87,0,92
adult48,fixed,1,A,all,441,59,282,0,100,97,4,1,0
adult48,fixed,1,B,all,441,58,279,4,100,97,2,1,4
adult48,fixed,1,C,all,441,53,279,9,100,97,2,0,9
adult48,fixed,1,D,all,441,54,282,5,100,97,4,0,5
adult48,fixed,11,A,all,441,105,236,0,100,157,0,0,0
adult48,fixed,11,B,all,441,105,235,1,100,157,0,0,1
adult48,fixed,11,C,all,441,94,236,11,100,157,0,0,11
adult48,fixed,11,D,all,441,94,236,11,100,157,0,0,11
adult48,fixed,100,A,all,441,271,70,0,100,369,11,3,0
adult48,fixed,100,B,all,441,266,58,17,100,369,9,3,17
adult48,fixed,100,C,all,441,112,131,98,100,369,76,0,98
adult48,fixed,100,D,all,441,112,139,90,100,369,79,0,90
adult48ai,all,1,A,all,441,35,180,0,226,97,3,1,0
adult48ai,all,1,B,all,441,35,179,1,226,97,3,1,1
adult48ai,all,1,C,all,441,31,179,5,226,97,3,0,5
adult48ai,all,1,D,all,441,31,180,4,226,97,3,0,4
adult48ai,all,11,A,all,441,47,168,0,226,157,2,0,0
adult48ai,all,11,B,all,441,47,166,2,226,157,2,0,2
adult48ai,all,11,C,all,441,40,167,8,226,157,2,0,8
adult48ai,all,11,D,all,441,40,168,7,226,157,2,0,7
adult48ai,all,100,A,all,441,181,34,0,226,369,8,7,0
adult48ai,all,100,B,all,441,179,31,5,226,369,8,6,5
adult48ai,all,100,C,all,441,49,102,64,226,369,75,1,64
adult48ai,all,100,D,all,441,49,105,61,226,369,75,1,61
adult48ai,eligible,1,A,all,441,35,174,0,232,97,1,1,0
adult48ai,eligible,1,B,all,441,35,173,1,232,97,1,1,1
adult48ai,eligible,1,C,all,441,31,173,5,232,97,1,0,5
adult48ai,eligible,1,D,all,441,31,174,4,232,97,1,0,4
adult48ai,eligible,11,A,all,441,45,164,0,232,157,1,0,0
adult48ai,eligible,11,B,all,441,45,163,1,232,157,1,0,1
adult48ai,eligible,11,C,all,441,38,164,7,232,157,1,0,7
adult48ai,eligible,11,D,all,441,38,164,7,232,157,1,0,7
adult48ai,eligible,100,A,all,441,175,34,0,232,369,6,5,0
adult48ai,eligible,100,B,all,441,173,31,5,232,369,6,4,5
adult48ai,eligible,100,C,all,441,46,106,57,232,369,77,0,57
adult48ai,eligible,100,D,all,441,46,109,54,232,369,77,0,54
adult48ai,fixed,1,A,all,441,29,165,0,247,97,1,1,0
adult48ai,fixed,1,B,all,441,29,164,1,247,97,1,1,1
adult48ai,fixed,1,C,all,441,25,164,5,247,97,1,0,5
adult48ai,fixed,1,D,all,441,25,165,4,247,97,1,0,4
adult48ai,fixed,11,A,all,441,39,155,0,247,157,0,0,0
adult48ai,fixed,11,B,all,441,39,154,1,247,157,0,0,1
adult48ai,fixed,11,C,all,441,32,155,7,247,157,0,0,7
adult48ai,fixed,11,D,all,441,32,155,7,247,157,0,0,7
adult48ai,fixed,100,A,all,441,156,38,0,247,369,10,5,0
adult48ai,fixed,100,B,all,441,154,36,4,247,369,10,4,4
adult48ai,fixed,100,C,all,441,39,99,56,247,369,69,0,56
adult48ai,fixed,100,D,all,441,39,101,54,247,369,69,0,54
all,all,1,A,all,441,99,342,0,0,97,0,2,0
all,all,1,B,all,441,87,330,24,0,97,0,0,24
all,all,1,C,all,441,82,332,27,0,97,1,0,27
all,all,1,D,all,441,94,342,5,0,97,1,0,5
all,all,11,A,all,441,163,278,0,0,157,0,6,0
all,all,11,B,all,441,157,251,33,0,157,0,0,33
all,all,11,C,all,441,141,254,46,0,157,0,0,46
all,all,11,D,all,441,144,278,19,0,157,0,1,19
all,all,100,A,all,441,374,67,0,0,369,0,5,0
all,all,100,B,all,441,361,50,30,0,369,0,1,30
all,all,100,C,all,441,177,108,156,0,369,54,1,156
all,all,100,D,all,441,185,127,129,0,369,59,1,129
all,eligible,1,A,all,441,97,344,0,0,97,0,0,0
all,eligible,1,B,all,441,87,338,16,0,97,0,0,16
all,eligible,1,C,all,441,82,338,21,0,97,1,0,21
all,eligible,1,D,all,441,94,344,3,0,97,1,0,3
all,eligible,11,A,all,441,157,284,0,0,157,0,0,0
all,eligible,11,B,all,441,157,281,3,0,157,0,0,3
all,eligible,11,C,all,441,141,284,16,0,157,0,0,16
all,eligible,11,D,all,441,143,284,14,0,157,0,0,14
all,eligible,100,A,all,441,369,72,0,0,369,0,0,0
all,eligible,100,B,all,441,359,55,27,0,369,0,0,27
all,eligible,100,C,all,441,174,123,144,0,369,62,0,144
all,eligible,100,D,all,441,181,141,119,0,369,69,0,119
all,fixed,1,A,all,441,97,344,0,0,97,0,0,0
all,fixed,1,B,all,441,85,340,16,0,97,0,0,16
all,fixed,1,C,all,441,79,340,22,0,97,1,0,22
all,fixed,1,D,all,441,94,344,3,0,97,1,0,3
all,fixed,11,A,all,441,157,284,0,0,157,0,0,0
all,fixed,11,B,all,441,157,281,3,0,157,0,0,3
all,fixed,11,C,all,441,140,284,17,0,157,0,0,17
all,fixed,11,D,all,441,143,284,14,0,157,0,0,14
all,fixed,100,A,all,441,369,72,0,0,369,0,0,0
all,fixed,100,B,all,441,352,55,34,0,369,0,0,34
all,fixed,100,C,all,441,172,129,140,0,369,67,0,140
all,fixed,100,D,all,441,180,141,120,0,369,69,0,120
