candidate,route,observation_h,qualifier,LD50_value,original_unit,species,life_stage,endpoint_name,study_id,source_url,source_location,evidence_status,test_material,notes,new_primary_48h_eligible,eligibility_reason,compound_id,life_stage_evidence,endpoint_id,inchikey,connectivity,parent_connectivity,overlap_inchikey,overlap_connectivity,overlap_parent_connectivity,label_le_1,label_le_11,label_le_100
acynonapyr,contact,48.0,>,100.0,ug ai/bee,Apis mellifera,adult,LD50,PMRA 3328790 (2016),https://publications.gc.ca/collections/collection_2026/sc-hc/h113-9/H113-9-2026-3-eng.pdf,Table 24 printed pp106-107/PDF112-113; reference printed p149/PDF155,regulatory_fulltext_verified,technical active ingredient; bee-study purity 99%,Full regulator PDF text reviewed via web. Local host returned empty HTTP202; source download unavailable. Study ID confirmed to cover oral AND contact. CAS1332838-17-1. No precise LD50. Regulator specifies3-endo; PubChem structure has unspecified attached-center stereochemistry. CAS agreement does not establish complete material-level stereochemical identity; connectivity exclusion remains valid.,True,Regulatory dose LD50;48h;Apis;adult/nonlarval context;single connectivity. Exact material stereochemistry remains unconfirmed.,acynonapyr,explicit_in_source,EXT20260923_001,GIDAJLLAARKRMS-DFNIBXOVSA-N,GIDAJLLAARKRMS,GIDAJLLAARKRMS,False,False,False,0,0,0
acynonapyr,oral,48.0,>,98.8,ug ai/bee,Apis mellifera,adult,LD50,PMRA 3328790 (2016),https://publications.gc.ca/collections/collection_2026/sc-hc/h113-9/H113-9-2026-3-eng.pdf,Table24 printed p106/PDF112,regulatory_fulltext_verified,technical active ingredient; bee-study purity 99%,Cannot label at 100 threshold; limit98.8 is below100. Do not round to100. Regulator specifies3-endo; PubChem stereochemical completeness needs verification; CAS match alone is insufficient for full material identity.,True,Regulatory dose LD50;48h;Apis;adult/nonlarval context;single connectivity. Exact material stereochemistry remains unconfirmed.,acynonapyr,explicit_in_source,EXT20260923_002,GIDAJLLAARKRMS-DFNIBXOVSA-N,GIDAJLLAARKRMS,GIDAJLLAARKRMS,False,False,False,0,0,
spiropidion,contact,48.0,>,200.0,ug ai/bee,Apis mellifera,adult,LD50,PMRA 3436778 (2018),https://publications.gc.ca/collections/collection_2026/sc-hc/h113-9/H113-9-2026-9-eng.pdf,Table19 printed p92/PDF98; reference printed p153/PDF159,regulatory_fulltext_verified,active ingredient SYN546330; bee-study batch purity not shown,Parent active ingredient explicitly distinguished from formulation A20262B and metabolite SYN547305. General technical purity98.3% must NOT be treated as study batch purity. CAS1229023-00-0. Adult-stage interpretation from regulatory table separating acute honeybee rows from larval rows; study-specific batch purity absent.,True,Regulatory dose LD50;48h;Apis;adult/nonlarval context;single connectivity. Exact material stereochemistry remains unconfirmed.,spiropidion,adult_from_regulatory_context;not_explicit_in_endpoint_cell,EXT20260923_003,WOPFPAIGRGHWAQ-UHFFFAOYSA-N,WOPFPAIGRGHWAQ,WOPFPAIGRGHWAQ,False,False,False,0,0,0
spiropidion,oral,48.0,>,100.0,ug ai/bee,Apis mellifera,adult,LD50,PMRA 3436778 (2018),https://publications.gc.ca/collections/collection_2026/sc-hc/h113-9/H113-9-2026-9-eng.pdf,Table19 printed p92/PDF98,regulatory_fulltext_verified,active ingredient SYN546330; bee-study batch purity not shown,Right-censored; not an exact value of100. Adult-stage interpretation from regulatory table separating acute honeybee rows from larval rows; study-specific batch purity absent.,True,Regulatory dose LD50;48h;Apis;adult/nonlarval context;single connectivity. Exact material stereochemistry remains unconfirmed.,spiropidion,adult_from_regulatory_context;not_explicit_in_endpoint_cell,EXT20260923_004,WOPFPAIGRGHWAQ-UHFFFAOYSA-N,WOPFPAIGRGHWAQ,WOPFPAIGRGHWAQ,False,False,False,0,0,0
inpyrfluxam,contact,48.0,>,100.0,ug/bee,Apis mellifera,not_explicit_in_source,LD50,Not reported in developer report; EPA index points to MRID49706023,https://www.sumitomo-chem.co.jp/english/rd/report/2020E_1.pdf,Table9 printed/PDF p12; technical material clarified p13,developer_fulltext_verified,technical product; batch purity not reported,"Developer primary report downloaded and table rendered/read. EPA precise study match remains index-only, not counted as second independent experiment. Unit printed ug/bee; active technical material stated. Adult stage is not explicitly printed; adult-test inference requires underlying study verification. No original studyID or batch purity in this report.",False,"48h and dose verified, but life stage not explicit in developer report; withheld from primary.",inpyrfluxam,not_explicit_in_source,EXT20260923_005,YTCIYOXHHQLDEI-SNVBAGLBSA-N,YTCIYOXHHQLDEI,YTCIYOXHHQLDEI,False,False,False,0,0,0
inpyrfluxam,oral,48.0,>,111.3,ug/bee,Apis mellifera,not_explicit_in_source,LD50,Not reported in developer report,https://www.sumitomo-chem.co.jp/english/rd/report/2020E_1.pdf,Table9 printed/PDF p12; technical material clarified p13,developer_fulltext_verified,technical product; batch purity not reported,APVMA chemistry source CAS1352994-67-2; not a formulation. Adult stage is not explicitly printed; adult-test inference requires underlying study verification. No original studyID or batch purity in this report.,False,"48h and dose verified, but life stage not explicit in developer report; withheld from primary.",inpyrfluxam,not_explicit_in_source,EXT20260923_006,YTCIYOXHHQLDEI-SNVBAGLBSA-N,YTCIYOXHHQLDEI,YTCIYOXHHQLDEI,False,False,False,0,0,0
cyclobutrifluram,contact,48.0,>,200.0,ug ai/bee,Apis mellifera,adult,LD50,PMRA3273332 (2020); EPA MRID51459447 index-only,https://publications.gc.ca/collections/collection_2025/sc-hc/h113-9/H113-9-2025-6-eng.pdf,Table22 printed p126/PDF131; identity printed pp9-10/PDF14-15,regulatory_fulltext_verified_connectivity_unit,enantiomer mixture; registered technical purity85% is not bee-batch purity,"Registered CAS1460292-16-3 mixture80-100%(1S,2S) and0-20%(1R,2R); previous PubChem name lookup is one stereoisomer. Connectivity excludes training overlap but full InChIKey not an identity proof for tested mixture. Previous20260922identityhold is replaced by20260923 pre-prediction connectivity-unit policy. Same-connectivity enantiomer mixture accepted only for exploratory chirality-insensitive model; full InChIKey not exact material identity. Adult interpreted from regulator separate larval/brood rows and adult-risk endpoint use.",True,Regulatory dose LD50;48h;Apis;adult/nonlarval context;single connectivity. Exact material stereochemistry remains unconfirmed.,cyclobutrifluram,adult_from_regulatory_context;not_explicit_in_endpoint_cell,EXT20260923_007,GBFKIHJZPMECCF-BXUZGUMPSA-N,GBFKIHJZPMECCF,GBFKIHJZPMECCF,False,False,False,0,0,0
cyclobutrifluram,oral,48.0,>,72.2,ug ai/bee,Apis mellifera,adult,LD50,PMRA3273332 (2020),https://publications.gc.ca/collections/collection_2025/sc-hc/h113-9/H113-9-2025-6-eng.pdf,Table22 printed p126/PDF131,regulatory_fulltext_verified_connectivity_unit,enantiomer mixture,PMRA reports72.2; EPA index reports72.23. Keep primary-read72.2; do not count as independent studies. 100 threshold unresolved. Same-connectivity enantiomer mixture accepted only for exploratory chirality-insensitive model; full InChIKey not exact material identity. Adult interpreted from regulator separate larval/brood rows and adult-risk endpoint use.,True,Regulatory dose LD50;48h;Apis;adult/nonlarval context;single connectivity. Exact material stereochemistry remains unconfirmed.,cyclobutrifluram,adult_from_regulatory_context;not_explicit_in_endpoint_cell,EXT20260923_008,GBFKIHJZPMECCF-BXUZGUMPSA-N,GBFKIHJZPMECCF,GBFKIHJZPMECCF,False,False,False,0,0,
isocycloseram,contact,96.0,=,0.26,ug/bee,Apis mellifera,adult,LD50,VV-466340; Report S16-02527 (Kling2016),https://extranet.who.int/prequal/sites/default/files/doc_parts/WHOVC-SP_Isocycloseram_2025.1.pdf,WHO2025 Table6 printed/PDF p34; reference p41,verified_nonmatching_time,technical active; purity96.9%,"96h cannot be relabelled48h. WHO48h0.35/>10 values are Bombus terrestris, not Apis. MN0.072/0.18 values refer to a degradate, not parent.",False,Keep72/96h as extended-time only; never relabel48h.,isocycloseram,explicit_in_source,EXT20260923_009,WLSQDEYDCAGPIR-UHFFFAOYSA-N,WLSQDEYDCAGPIR,WLSQDEYDCAGPIR,False,False,False,1,1,1
isocycloseram,oral,72.0,=,0.28,ug/bee,Apis mellifera,adult,LD50,VV-466340; Report S16-02527 (Kling2016),https://extranet.who.int/prequal/sites/default/files/doc_parts/WHOVC-SP_Isocycloseram_2025.1.pdf,WHO2025 Table6 printed/PDF p34; reference p41,verified_nonmatching_time,technical active; purity96.9%,72h cannot be relabelled48h.,False,Keep72/96h as extended-time only; never relabel48h.,isocycloseram,explicit_in_source,EXT20260923_010,WLSQDEYDCAGPIR-UHFFFAOYSA-N,WLSQDEYDCAGPIR,WLSQDEYDCAGPIR,False,False,False,1,1,1
oxazosulfyl,contact,72.0,=,0.077,ug/bee,Apis mellifera,adult,LD50,Not reported,https://www.sumitomo-chem.co.jp/english/rd/report/2021E_2.pdf,Developer2021 Table8 printed/PDF p13,verified_nonmatching_time,technical grade active ingredient,Downloaded original developer PDF;72h not48h.,False,Keep72/96h as extended-time only; never relabel48h.,oxazosulfyl,explicit_in_source,EXT20260923_011,PTQBEFQWTBZMED-UHFFFAOYSA-N,PTQBEFQWTBZMED,PTQBEFQWTBZMED,False,False,False,1,1,1
oxazosulfyl,oral,96.0,=,0.015,ug/bee,Apis mellifera,adult,LD50,Not reported,https://www.sumitomo-chem.co.jp/english/rd/report/2021E_2.pdf,Developer2021 Table8 printed/PDF p13,verified_nonmatching_time,technical grade active ingredient,96h not48h.,False,Keep72/96h as extended-time only; never relabel48h.,oxazosulfyl,explicit_in_source,EXT20260923_012,PTQBEFQWTBZMED-UHFFFAOYSA-N,PTQBEFQWTBZMED,PTQBEFQWTBZMED,False,False,False,1,1,1
dimpropyridaz,contact,48.0,>,50.3,ug ai/bee,Honeybee (species not explicit in table),adult,LC50 as printed; dose units require verification,Not traced,https://pmc.ncbi.nlm.nih.gov/articles/PMC11981975/,Pest Management Science2025 Table8,index_only_endpoint_name_unresolved,not established from full study,Indexed table calls endpoint LC50 although units are per-bee dose. PMC full text inaccessible at collection time; species/study-material/ID require regulator report. Threshold100 unresolved. APVMA report p32/PDF36 gives lowest adult contactLD50>50 and oral>42 across2 species; it does not independently establish species-specific48h50.3/43.3 values.,False,APVMA full text supports adult-bee dose LD50 bounds but combines2 species and omitsobservation time; developer table saysLC50. No48h primary assignment.,dimpropyridaz,explicit_in_source,EXT20260923_013,NQPGZXOPMRKAGJ-UHFFFAOYSA-N,NQPGZXOPMRKAGJ,NQPGZXOPMRKAGJ,False,False,False,0,0,
dimpropyridaz,oral,48.0,>,43.3,ug ai/bee,Honeybee (species not explicit in table),adult,LC50 as printed; dose units require verification,Not traced,https://pmc.ncbi.nlm.nih.gov/articles/PMC11981975/,Pest Management Science2025 Table8,index_only_endpoint_name_unresolved,not established from full study,Same source limitations; threshold100 unresolved. APVMA report p32/PDF36 gives lowest adult contactLD50>50 and oral>42 across2 species; it does not independently establish species-specific48h50.3/43.3 values.,False,APVMA full text supports adult-bee dose LD50 bounds but combines2 species and omitsobservation time; developer table saysLC50. No48h primary assignment.,dimpropyridaz,explicit_in_source,EXT20260923_014,NQPGZXOPMRKAGJ-UHFFFAOYSA-N,NQPGZXOPMRKAGJ,NQPGZXOPMRKAGJ,False,False,False,0,0,
fluhexafon,,,,,ug ai/bee,Apis mellifera,,LD50,Not found,,,no_primary_endpoint_found,,"No suitable primary bee endpoint found within bounded search. Retained in candidate ledger, never excluded by model score.",False,Retained previous record; not eligible unless explicitly updated.,fluhexafon,explicit_in_source,EXT20260923_015,NGLCOYIAJMJYQI-UHFFFAOYSA-N,NGLCOYIAJMJYQI,NGLCOYIAJMJYQI,False,False,False,,,
isocycloseram,oral,48,=,0.29,ug ai/bee,Apis mellifera,adult,LD50,PMRA3246199;2016;SYN547407,https://publications.gc.ca/collections/collection_2025/sc-hc/h113-9/H113-9-2025-11-eng.pdf,Table17 printedp133/PDF138; source lines7283-7294;study reference printedp180/PDF185,regulatory_fulltext_verified,Isocycloseram Technical; table grouped purity96.9-98.8%w/w,"Endpoint column explicitly48h0.29 although study observation column says72h adult. Parent active,notSYN549106;Apis,notBombus. WHO72h0.28 likely different regulatory rounding/interpretation of2016 study; not independent replication.",True,Regulatory primary dose endpoint verified,isocycloseram,explicit_in_source,EXT20260923_016,WLSQDEYDCAGPIR-UHFFFAOYSA-N,WLSQDEYDCAGPIR,WLSQDEYDCAGPIR,False,False,False,1,1,1
isocycloseram,oral,72,=,0.29,ug ai/bee,Apis mellifera,adult,LD50,PMRA3246199;2016;SYN547407,https://publications.gc.ca/collections/collection_2025/sc-hc/h113-9/H113-9-2025-11-eng.pdf,Table17 printedp133/PDF138,regulatory_fulltext_verified_extended,Isocycloseram Technical; grouped purity96.9-98.8%,Extended only; same likely2016 study asWHO72h0.28. Do not double count as independent observation.,False,Extended only; same likely2016 study asWHO72h0.28. Do not double count as independent observation.,isocycloseram,explicit_in_source,EXT20260923_017,WLSQDEYDCAGPIR-UHFFFAOYSA-N,WLSQDEYDCAGPIR,WLSQDEYDCAGPIR,False,False,False,1,1,1
fluxametamide,contact,48,=,2.68,ug/bee (source: µg/頭),Apis mellifera,adult,LD50,NC-515 Acute Toxicity to Honey Bees;2014;HuntingdonLifeSciencesONE0224(E0701),https://www.maff.go.jp/j/nouyaku/n_sinsa/attach/pdf/index-38.pdf,Table2.6-11 printedp106/PDF113; bibliography II.2.6.3.1,regulatory_fulltext_and_visual_verified,Technical active 原体;batch purity not printed inbee table,"Apis mellifera成虫 explicit;10bees/group3replicates. Direct dose experiment,noLC50 conversion. Table2.6-12 below is separate10%EC field study and not used. Unit does not printai; noaddedai qualifier. MaterialCAS928783-29-3;racemic5RS;connectivity-level model unit.",True,Regulatory primary dose endpoint verified,fluxametamide,explicit_in_source,EXT20260923_018,BPFUIWLQXNPZHI-UHFFFAOYSA-N,BPFUIWLQXNPZHI,BPFUIWLQXNPZHI,False,False,False,0,1,1
fluxametamide,oral,48,=,0.792,ug/bee (source: µg/頭),Apis mellifera,adult,LD50,NC-515 Acute Toxicity to Honey Bees;2014;HuntingdonLifeSciencesONE0224(E0701),https://www.maff.go.jp/j/nouyaku/n_sinsa/attach/pdf/index-38.pdf,Table2.6-11 printedp106/PDF113; bibliography II.2.6.3.1,regulatory_fulltext_and_visual_verified,Technical active 原体;batch purity not printed inbee table,"Apis mellifera成虫 explicit;10bees/group3replicates. Direct dose experiment,noLC50 conversion. Table2.6-12 below is separate10%EC field study and not used. Unit does not printai; noaddedai qualifier. MaterialCAS928783-29-3;racemic5RS;connectivity-level model unit.",True,Regulatory primary dose endpoint verified,fluxametamide,explicit_in_source,EXT20260923_019,BPFUIWLQXNPZHI-UHFFFAOYSA-N,BPFUIWLQXNPZHI,BPFUIWLQXNPZHI,False,False,False,1,1,1
flupentiofenox,contact,48,>,100.0,ug ai/bee,Apis mellifera,adult,LD50,SmithersUSA;2020;Report13912.6119;KCI200136,https://www.maff.go.jp/j/council/sizai/nouyaku/attach/pdf/mitubati_17-7.pdf,Tables2-3 printedpp8-9/PDF11-12;references PDF23,regulatory_fulltext_and_visual_verified,Technical active 原体;bee-batch purity not printed,AdultApis explicit;OECD214contact/213oral;10bees/group3replicates. Retaingreater-than from actualstudy tables; regulatoryrisk metric later dropsqualifier butisnotexactLD50. CAS1472050-04-6.,True,Regulatory primary dose endpoint verified,flupentiofenox,explicit_in_source,EXT20260923_020,XCROCGNWBSWUCC-UHFFFAOYSA-N,XCROCGNWBSWUCC,XCROCGNWBSWUCC,False,False,False,0,0,0
flupentiofenox,oral,48,>,500.0,ug ai/bee,Apis mellifera,adult,LD50,SmithersUSA;2020;Report13912.6118;KCI200140,https://www.maff.go.jp/j/council/sizai/nouyaku/attach/pdf/mitubati_17-7.pdf,Tables2-3 printedpp8-9/PDF11-12;references PDF23,regulatory_fulltext_and_visual_verified,Technical active 原体;bee-batch purity not printed,AdultApis explicit;OECD214contact/213oral;10bees/group3replicates. Retaingreater-than from actualstudy tables; regulatoryrisk metric later dropsqualifier butisnotexactLD50. CAS1472050-04-6.,True,Regulatory primary dose endpoint verified,flupentiofenox,explicit_in_source,EXT20260923_021,XCROCGNWBSWUCC-UHFFFAOYSA-N,XCROCGNWBSWUCC,XCROCGNWBSWUCC,False,False,False,0,0,0
benzpyrimoxan,contact,48,>,100.0,ug ai/bee,Apis mellifera,adult,LD50,Notgiven,https://www.nichino.co.jp/contents/000014547.pdf,Technicalguide PDF6 bottomtable,developer_visual_verified_material_hold,BPX;testmaterial technicalversusformulation notexplicit,AdultApis48h explicitanddoseunit clear;combinedLD50/LC50 tableheading. MaterialandstudyID unresolved;heldoutsideprimary.,False,AdultApis48h explicitanddoseunit clear;combinedLD50/LC50 tableheading. MaterialandstudyID unresolved;heldoutsideprimary.,benzpyrimoxan,explicit_in_source,EXT20260923_022,ZYXYTGQFPZEUFX-UHFFFAOYSA-N,ZYXYTGQFPZEUFX,ZYXYTGQFPZEUFX,False,False,False,0,0,0
benzpyrimoxan,oral,48,>,100.0,ug ai/bee,Apis mellifera,adult,LD50,Notgiven,https://www.nichino.co.jp/contents/000014547.pdf,Technicalguide PDF6 bottomtable,developer_visual_verified_material_hold,BPX;testmaterial technicalversusformulation notexplicit,AdultApis48h explicitanddoseunit clear;combinedLD50/LC50 tableheading. MaterialandstudyID unresolved;heldoutsideprimary.,False,AdultApis48h explicitanddoseunit clear;combinedLD50/LC50 tableheading. MaterialandstudyID unresolved;heldoutsideprimary.,benzpyrimoxan,explicit_in_source,EXT20260923_023,ZYXYTGQFPZEUFX-UHFFFAOYSA-N,ZYXYTGQFPZEUFX,ZYXYTGQFPZEUFX,False,False,False,0,0,0
fluxametamide,oral,,=,1.083,ug/adult,Apis mellifera,adult,LD50,Song2024;DOI10.1016/j.pestbp.2024.106109,https://pubmed.ncbi.nlm.nih.gov/39277414/,Abstract,abstract_only_time_unverified,Notverified,Potentialdifferent-study estimate;observationtimeandspecies/batchnotverified. Do notcherry-pickagainstregulatory0.792.,False,Potentialdifferent-study estimate;observationtimeandspecies/batchnotverified. Do notcherry-pickagainstregulatory0.792.,fluxametamide,explicit_in_source,EXT20260923_024,BPFUIWLQXNPZHI-UHFFFAOYSA-N,BPFUIWLQXNPZHI,BPFUIWLQXNPZHI,False,False,False,0,1,1
fluxametamide,contact,,=,0.25,ug ai/bee,Apis mellifera,adult,LD50,Liu2026;DOI10.1002/ps.70708,https://pubmed.ncbi.nlm.nih.gov/41793051/,Abstract,abstract_only_time_unverified,Notverified,Potentialdifferent-study estimate;observationtimeunverified. NotprimaryandnotaveragedwithMAFF2.68.,False,Potentialdifferent-study estimate;observationtimeunverified. NotprimaryandnotaveragedwithMAFF2.68.,fluxametamide,explicit_in_source,EXT20260923_025,BPFUIWLQXNPZHI-UHFFFAOYSA-N,BPFUIWLQXNPZHI,BPFUIWLQXNPZHI,False,False,False,1,1,1
tyclopyrazoflor,,,,,,,,LD50,Notfound,,boundedsearch,no_primary_endpoint_found,Unknown,No verified primaryApis doseLD50 withinboundedsearch.,False,No verified primaryApis doseLD50 withinboundedsearch.,tyclopyrazoflor,explicit_in_source,EXT20260923_026,DBHVHTPMRCXCIY-UHFFFAOYSA-N,DBHVHTPMRCXCIY,DBHVHTPMRCXCIY,False,False,False,,,
fluchlordiniliprole,,,,,,,,LD50,Notfound,,boundedsearch,no_primary_endpoint_found,Unknown,No verified primaryApis doseLD50 withinboundedsearch.,False,No verified primaryApis doseLD50 withinboundedsearch.,fluchlordiniliprole,explicit_in_source,EXT20260923_027,RIKRAZXJZVPXNZ-UHFFFAOYSA-N,RIKRAZXJZVPXNZ,RIKRAZXJZVPXNZ,False,False,False,,,
cyclopyrimorate,,,,,,,,LD50,Notfound,,boundedsearch,no_primary_endpoint_found,Unknown,No verified primaryApis doseLD50 withinboundedsearch.,False,No verified primaryApis doseLD50 withinboundedsearch.,cyclopyrimorate,explicit_in_source,EXT20260923_028,BXIGJZDQFDFASM-UHFFFAOYSA-N,BXIGJZDQFDFASM,BXIGJZDQFDFASM,False,False,False,,,
flupyrimin,,,,,,,,LD50,Excludedbystructure,,all_candidate_structures.csv,excluded_training_overlap,,Connectivity/parent overlapsfrozen1035;notexternalnewcompound.,False,Connectivity/parent overlapsfrozen1035;notexternalnewcompound.,flupyrimin,explicit_in_source,EXT20260923_029,DHQKLWKZSFCKTA-UHFFFAOYSA-N,DHQKLWKZSFCKTA,DHQKLWKZSFCKTA,True,True,True,,,
broflanilide,,,,,,,,LD50,Excludedbystructure,,all_candidate_structures.csv,excluded_training_overlap,,Connectivity/parent overlapsfrozen1035;notexternalnewcompound.,False,Connectivity/parent overlapsfrozen1035;notexternalnewcompound.,broflanilide,explicit_in_source,EXT20260923_030,QSLZKWPYTWEWHC-UHFFFAOYSA-N,QSLZKWPYTWEWHC,QSLZKWPYTWEWHC,True,True,True,,,
